timestamp,machine_id,batch_id,main_compression_force_kn,precompression_force_kn,ejection_force_kn,tablet_weight_mg,turret_speed_rpm,feeder_speed_rpm,vibration_rms_mm_s,bearing_temp_c,reject_flag,scenario_label,production_risk_score
2026-09-12T09:00:00+00:00,PRESS-RTP41-DEMO,BATCH-DEMO-001,17.96,3.479,0.646,501.404,44.974,31.626,1.227,30.968,0,normal,6
2026-09-12T09:00:01+00:00,PRESS-RTP41-DEMO,BATCH-DEMO-001,17.939,3.514,0.659,502.327,45.131,32.028,1.141,30.878,0,normal,6
2026-09-12T09:00:02+00:00,PRESS-RTP41-DEMO,BATCH-DEMO-001,18.069,3.657,0.652,499.787,45.106,31.637,1.175,31.059,0,normal,6
2026-09-12T09:00:03+00:00,PRESS-RTP41-DEMO,BATCH-DEMO-001,18.245,3.471,0.665,500.496,45.156,31.722,1.245,30.818,0,normal,6
2026-09-12T09:00:04+00:00,PRESS-RTP41-DEMO,BATCH-DEMO-001,17.266,3.427,0.613,501.752,45.133,31.695,1.268,30.88,0,normal,6
2026-09-12T09:00:05+00:00,PRESS-RTP41-DEMO,BATCH-DEMO-001,17.976,3.465,0.655,501.637,45.128,32.087,1.252,31.057,0,normal,6
2026-09-12T09:00:06+00:00,PRESS-RTP41-DEMO,BATCH-DEMO-001,17.824,3.414,0.631,500.999,44.95,32.584,1.134,30.868,0,normal,6
2026-09-12T09:00:07+00:00,PRESS-RTP41-DEMO,BATCH-DEMO-001,18.215,3.671,0.67,501.672,45.285,31.976,1.086,30.936,0,normal,6
2026-09-12T09:00:08+00:00,PRESS-RTP41-DEMO,BATCH-DEMO-001,18.267,3.327,0.651,500.506,44.937,32.181,1.246,31.279,0,normal,6
2026-09-12T09:00:09+00:00,PRESS-RTP41-DEMO,BATCH-DEMO-001,18.174,3.427,0.628,498.337,45.19,31.858,1.194,31.09,0,normal,6
2026-09-12T09:00:10+00:00,PRESS-RTP41-DEMO,BATCH-DEMO-001,17.797,3.465,0.576,497.835,44.886,32.104,1.295,30.998,0,normal,6
2026-09-12T09:00:11+00:00,PRESS-RTP41-DEMO,BATCH-DEMO-001,18.073,3.52,0.693,501.787,45.055,31.747,1.272,31.046,0,normal,6
2026-09-12T09:00:12+00:00,PRESS-RTP41-DEMO,BATCH-DEMO-001,18.344,3.496,0.728,499.282,45.319,32.029,1.159,30.865,0,normal,6
2026-09-12T09:00:13+00:00,PRESS-RTP41-DEMO,BATCH-DEMO-001,17.958,3.671,0.683,501.378,44.525,32.178,1.244,30.934,0,normal,6
2026-09-12T09:00:14+00:00,PRESS-RTP41-DEMO,BATCH-DEMO-001,17.824,3.5,0.719,497.89,44.914,32.34,1.164,30.956,0,normal,6
2026-09-12T09:00:15+00:00,PRESS-RTP41-DEMO,BATCH-DEMO-001,18.027,3.351,0.659,497.581,45.177,32.001,1.383,31.034,0,normal,6
2026-09-12T09:00:16+00:00,PRESS-RTP41-DEMO,BATCH-DEMO-001,18.382,3.344,0.645,500.646,45.349,31.58,1.279,31.071,0,normal,6
2026-09-12T09:00:17+00:00,PRESS-RTP41-DEMO,BATCH-DEMO-001,18.429,3.585,0.652,498.957,44.75,32.049,1.185,31.242,0,normal,6
2026-09-12T09:00:18+00:00,PRESS-RTP41-DEMO,BATCH-DEMO-001,17.829,3.538,0.587,499.209,45.052,32.206,1.316,30.995,0,normal,6
2026-09-12T09:00:19+00:00,PRESS-RTP41-DEMO,BATCH-DEMO-001,17.687,3.555,0.671,500.983,44.86,32.283,1.207,31.084,0,normal,6
2026-09-12T09:00:20+00:00,PRESS-RTP41-DEMO,BATCH-DEMO-001,18.357,3.573,0.661,504.306,45.049,31.926,1.209,31.178,0,normal,6
2026-09-12T09:00:21+00:00,PRESS-RTP41-DEMO,BATCH-DEMO-001,18.033,3.562,0.698,498.974,44.655,32.075,1.218,30.927,0,normal,6
2026-09-12T09:00:22+00:00,PRESS-RTP41-DEMO,BATCH-DEMO-001,18.244,3.573,0.61,501.036,44.961,31.629,1.236,30.995,0,normal,6
2026-09-12T09:00:23+00:00,PRESS-RTP41-DEMO,BATCH-DEMO-001,17.791,3.563,0.67,498.845,45.08,32.254,1.143,31.046,0,normal,6
2026-09-12T09:00:24+00:00,PRESS-RTP41-DEMO,BATCH-DEMO-001,18.001,3.772,0.576,501.391,44.939,31.975,1.352,30.999,0,normal,6
2026-09-12T09:00:25+00:00,PRESS-RTP41-DEMO,BATCH-DEMO-001,18.627,3.447,0.664,499.018,44.862,32.016,1.177,31.024,0,normal,6
2026-09-12T09:00:26+00:00,PRESS-RTP41-DEMO,BATCH-DEMO-001,17.411,3.74,0.643,503.486,44.799,32.073,1.453,30.896,0,normal,6
2026-09-12T09:00:27+00:00,PRESS-RTP41-DEMO,BATCH-DEMO-001,17.581,3.434,0.669,501.387,45.258,31.936,1.072,30.948,0,normal,6
2026-09-12T09:00:28+00:00,PRESS-RTP41-DEMO,BATCH-DEMO-001,18.347,3.556,0.572,499.93,45.28,32.532,1.245,31.037,0,normal,6
2026-09-12T09:00:29+00:00,PRESS-RTP41-DEMO,BATCH-DEMO-001,17.653,3.399,0.652,501.006,45.116,31.88,1.108,30.907,0,normal,6
2026-09-12T09:00:30+00:00,PRESS-RTP41-DEMO,BATCH-DEMO-001,17.676,3.577,0.558,499.333,45.09,32.381,1.206,31.12,0,normal,6
2026-09-12T09:00:31+00:00,PRESS-RTP41-DEMO,BATCH-DEMO-001,17.888,3.411,0.623,503.055,45.199,32.122,1.466,30.996,0,normal,6
2026-09-12T09:00:32+00:00,PRESS-RTP41-DEMO,BATCH-DEMO-001,18.174,3.537,0.641,504.632,45.301,31.65,1.168,31.051,0,normal,6
2026-09-12T09:00:33+00:00,PRESS-RTP41-DEMO,BATCH-DEMO-001,18.219,3.338,0.56,496.187,44.986,31.974,1.228,30.908,0,normal,6
2026-09-12T09:00:34+00:00,PRESS-RTP41-DEMO,BATCH-DEMO-001,17.657,3.257,0.663,500.74,45.199,32.198,1.185,31.162,0,normal,6
2026-09-12T09:00:35+00:00,PRESS-RTP41-DEMO,BATCH-DEMO-001,17.962,3.421,0.629,498.83,44.567,32.039,1.22,30.957,0,normal,6
2026-09-12T09:00:36+00:00,PRESS-RTP41-DEMO,BATCH-DEMO-001,17.8,3.545,0.719,500.077,44.898,31.852,1.194,30.848,0,normal,6
2026-09-12T09:00:37+00:00,PRESS-RTP41-DEMO,BATCH-DEMO-001,17.965,3.507,0.724,501.887,45.207,31.822,1.254,30.863,0,normal,6
2026-09-12T09:00:38+00:00,PRESS-RTP41-DEMO,BATCH-DEMO-001,18.087,3.55,0.619,503.999,45.113,31.524,1.244,30.951,0,normal,6
2026-09-12T09:00:39+00:00,PRESS-RTP41-DEMO,BATCH-DEMO-001,18.0,3.556,0.666,495.922,44.768,32.193,1.304,31.228,0,normal,6
2026-09-12T09:00:40+00:00,PRESS-RTP41-DEMO,BATCH-DEMO-001,18.505,3.253,0.681,496.167,45.323,32.063,1.109,31.241,0,normal,6
2026-09-12T09:00:41+00:00,PRESS-RTP41-DEMO,BATCH-DEMO-001,18.18,3.273,0.662,498.538,45.022,31.884,1.31,30.829,0,normal,6
2026-09-12T09:00:42+00:00,PRESS-RTP41-DEMO,BATCH-DEMO-001,18.089,3.718,0.617,500.421,45.04,31.828,1.252,31.012,0,normal,6
2026-09-12T09:00:43+00:00,PRESS-RTP41-DEMO,BATCH-DEMO-001,17.736,3.711,0.682,499.666,44.873,31.804,1.298,30.982,0,normal,6
2026-09-12T09:00:44+00:00,PRESS-RTP41-DEMO,BATCH-DEMO-001,18.129,3.478,0.675,499.768,45.153,31.954,1.266,31.081,0,normal,6
2026-09-12T09:00:45+00:00,PRESS-RTP41-DEMO,BATCH-DEMO-001,17.967,3.397,0.612,498.519,44.803,32.216,1.196,31.188,0,normal,6
2026-09-12T09:00:46+00:00,PRESS-RTP41-DEMO,BATCH-DEMO-001,18.638,3.503,0.588,499.237,44.985,31.628,1.18,31.034,0,normal,6
2026-09-12T09:00:47+00:00,PRESS-RTP41-DEMO,BATCH-DEMO-001,17.871,3.408,0.62,503.573,44.968,31.793,1.17,31.115,0,normal,6
2026-09-12T09:00:48+00:00,PRESS-RTP41-DEMO,BATCH-DEMO-001,17.808,3.558,0.679,501.498,45.28,31.862,1.291,30.905,0,normal,6
2026-09-12T09:00:49+00:00,PRESS-RTP41-DEMO,BATCH-DEMO-001,17.889,3.644,0.683,500.004,44.762,32.14,1.15,30.889,0,normal,6
2026-09-12T09:00:50+00:00,PRESS-RTP41-DEMO,BATCH-DEMO-001,17.819,3.53,0.565,500.722,45.035,31.854,1.283,31.073,0,normal,6
2026-09-12T09:00:51+00:00,PRESS-RTP41-DEMO,BATCH-DEMO-001,17.83,3.42,0.678,496.968,44.933,31.842,1.206,31.025,0,normal,6
2026-09-12T09:00:52+00:00,PRESS-RTP41-DEMO,BATCH-DEMO-001,18.01,3.636,0.659,499.37,44.758,32.18,1.242,31.174,0,normal,6
2026-09-12T09:00:53+00:00,PRESS-RTP41-DEMO,BATCH-DEMO-001,17.791,3.503,0.648,499.825,45.002,31.571,1.266,31.078,0,normal,6
2026-09-12T09:00:54+00:00,PRESS-RTP41-DEMO,BATCH-DEMO-001,18.317,3.77,0.637,499.928,45.002,32.486,1.062,31.058,0,normal,6
2026-09-12T09:00:55+00:00,PRESS-RTP41-DEMO,BATCH-DEMO-001,17.588,3.19,0.569,497.236,45.214,31.783,1.182,30.86,0,normal,6
2026-09-12T09:00:56+00:00,PRESS-RTP41-DEMO,BATCH-DEMO-001,18.171,3.368,0.703,498.014,44.847,32.031,1.202,31.171,0,normal,6
2026-09-12T09:00:57+00:00,PRESS-RTP41-DEMO,BATCH-DEMO-001,18.034,3.355,0.628,498.854,45.145,32.096,1.19,31.104,0,normal,6
2026-09-12T09:00:58+00:00,PRESS-RTP41-DEMO,BATCH-DEMO-001,17.852,3.484,0.657,503.056,44.98,31.912,1.116,31.082,0,normal,6
2026-09-12T09:00:59+00:00,PRESS-RTP41-DEMO,BATCH-DEMO-001,17.835,3.541,0.574,502.086,44.734,31.806,1.285,30.84,0,normal,6
2026-09-12T09:01:00+00:00,PRESS-RTP41-DEMO,BATCH-DEMO-001,17.978,3.509,0.61,502.686,45.3,31.507,1.084,31.097,0,normal,6
2026-09-12T09:01:01+00:00,PRESS-RTP41-DEMO,BATCH-DEMO-001,17.635,3.453,0.655,501.384,44.955,32.024,1.138,31.155,0,normal,6
2026-09-12T09:01:02+00:00,PRESS-RTP41-DEMO,BATCH-DEMO-001,17.861,3.541,0.63,500.213,44.966,31.959,1.119,31.096,0,normal,6
2026-09-12T09:01:03+00:00,PRESS-RTP41-DEMO,BATCH-DEMO-001,18.396,3.529,0.679,501.676,45.186,32.076,1.217,31.104,0,normal,6
2026-09-12T09:01:04+00:00,PRESS-RTP41-DEMO,BATCH-DEMO-001,18.019,3.383,0.651,496.223,44.999,32.103,1.299,31.018,0,normal,6
2026-09-12T09:01:05+00:00,PRESS-RTP41-DEMO,BATCH-DEMO-001,18.26,3.5,0.609,497.177,44.806,31.658,1.251,30.975,0,normal,6
2026-09-12T09:01:06+00:00,PRESS-RTP41-DEMO,BATCH-DEMO-001,18.16,3.509,0.692,502.12,44.871,31.931,1.157,30.805,0,normal,6
2026-09-12T09:01:07+00:00,PRESS-RTP41-DEMO,BATCH-DEMO-001,18.189,3.643,0.65,499.014,45.218,31.414,1.214,31.017,0,normal,6
2026-09-12T09:01:08+00:00,PRESS-RTP41-DEMO,BATCH-DEMO-001,17.84,3.667,0.689,499.478,44.983,31.903,1.159,30.843,0,normal,6
2026-09-12T09:01:09+00:00,PRESS-RTP41-DEMO,BATCH-DEMO-001,18.386,3.623,0.682,497.811,45.416,32.495,1.215,30.891,0,normal,6
2026-09-12T09:01:10+00:00,PRESS-RTP41-DEMO,BATCH-DEMO-001,17.757,3.55,0.613,499.932,45.218,31.623,1.36,31.188,0,normal,6
2026-09-12T09:01:11+00:00,PRESS-RTP41-DEMO,BATCH-DEMO-001,17.654,3.33,0.639,497.938,44.947,31.355,1.182,31.216,0,normal,6
2026-09-12T09:01:12+00:00,PRESS-RTP41-DEMO,BATCH-DEMO-001,17.687,3.467,0.59,501.276,44.955,32.485,1.217,30.955,0,normal,6
2026-09-12T09:01:13+00:00,PRESS-RTP41-DEMO,BATCH-DEMO-001,18.154,3.439,0.596,500.604,44.965,32.042,1.23,30.939,0,normal,6
2026-09-12T09:01:14+00:00,PRESS-RTP41-DEMO,BATCH-DEMO-001,18.118,3.709,0.606,503.475,44.951,31.808,1.394,31.019,0,normal,6
2026-09-12T09:01:15+00:00,PRESS-RTP41-DEMO,BATCH-DEMO-001,18.384,3.598,0.583,500.242,44.895,31.665,1.058,31.012,0,normal,6
2026-09-12T09:01:16+00:00,PRESS-RTP41-DEMO,BATCH-DEMO-001,18.165,3.547,0.638,498.403,44.803,31.861,1.117,30.976,0,normal,6
2026-09-12T09:01:17+00:00,PRESS-RTP41-DEMO,BATCH-DEMO-001,17.994,3.392,0.641,498.479,44.999,32.127,1.214,31.057,0,normal,6
2026-09-12T09:01:18+00:00,PRESS-RTP41-DEMO,BATCH-DEMO-001,17.537,3.455,0.661,501.282,44.68,32.04,1.297,30.979,0,normal,6
2026-09-12T09:01:19+00:00,PRESS-RTP41-DEMO,BATCH-DEMO-001,17.973,3.554,0.66,501.349,45.014,32.038,1.137,30.98,0,normal,6
2026-09-12T09:01:20+00:00,PRESS-RTP41-DEMO,BATCH-DEMO-001,18.351,3.475,0.643,499.017,45.157,31.786,1.273,30.888,0,normal,6
2026-09-12T09:01:21+00:00,PRESS-RTP41-DEMO,BATCH-DEMO-001,17.704,3.525,0.655,500.595,45.213,31.897,1.235,30.891,0,normal,6
2026-09-12T09:01:22+00:00,PRESS-RTP41-DEMO,BATCH-DEMO-001,18.353,3.576,0.671,500.376,44.843,31.918,1.24,30.998,0,normal,6
2026-09-12T09:01:23+00:00,PRESS-RTP41-DEMO,BATCH-DEMO-001,18.035,3.337,0.657,498.616,44.783,31.961,1.051,31.084,0,normal,6
2026-09-12T09:01:24+00:00,PRESS-RTP41-DEMO,BATCH-DEMO-001,18.239,3.494,0.61,498.109,44.97,31.394,1.214,31.08,0,normal,6
2026-09-12T09:01:25+00:00,PRESS-RTP41-DEMO,BATCH-DEMO-001,17.913,3.441,0.657,500.701,45.219,32.005,1.145,30.945,0,normal,6
2026-09-12T09:01:26+00:00,PRESS-RTP41-DEMO,BATCH-DEMO-001,18.051,3.687,0.637,497.895,44.826,31.476,1.226,30.837,0,normal,6
2026-09-12T09:01:27+00:00,PRESS-RTP41-DEMO,BATCH-DEMO-001,17.655,3.263,0.605,501.137,44.738,31.563,1.214,30.959,0,normal,6
2026-09-12T09:01:28+00:00,PRESS-RTP41-DEMO,BATCH-DEMO-001,18.121,3.589,0.65,497.404,44.975,32.125,1.153,30.828,0,normal,6
2026-09-12T09:01:29+00:00,PRESS-RTP41-DEMO,BATCH-DEMO-001,18.309,3.45,0.634,500.032,45.206,32.066,1.173,31.082,0,normal,6
2026-09-12T09:01:30+00:00,PRESS-RTP41-DEMO,BATCH-DEMO-001,18.601,3.667,0.677,497.755,45.75,31.7,1.17,30.916,0,normal,6
2026-09-12T09:01:31+00:00,PRESS-RTP41-DEMO,BATCH-DEMO-001,18.456,3.55,0.593,500.535,45.109,31.92,1.102,30.913,0,normal,6
2026-09-12T09:01:32+00:00,PRESS-RTP41-DEMO,BATCH-DEMO-001,17.878,3.503,0.629,501.47,44.81,31.567,1.141,31.162,0,normal,6
2026-09-12T09:01:33+00:00,PRESS-RTP41-DEMO,BATCH-DEMO-001,17.84,3.781,0.67,497.671,44.833,32.061,1.106,31.285,0,normal,6
2026-09-12T09:01:34+00:00,PRESS-RTP41-DEMO,BATCH-DEMO-001,17.723,3.582,0.708,499.782,44.801,31.932,1.229,31.105,0,normal,6
2026-09-12T09:01:35+00:00,PRESS-RTP41-DEMO,BATCH-DEMO-001,18.016,3.332,0.652,498.653,44.563,31.826,1.085,31.07,0,normal,6
2026-09-12T09:01:36+00:00,PRESS-RTP41-DEMO,BATCH-DEMO-001,18.544,3.723,0.627,499.065,45.138,32.265,1.167,30.983,0,normal,6
2026-09-12T09:01:37+00:00,PRESS-RTP41-DEMO,BATCH-DEMO-001,18.618,3.487,0.631,500.24,45.116,31.745,1.18,30.86,0,normal,6
2026-09-12T09:01:38+00:00,PRESS-RTP41-DEMO,BATCH-DEMO-001,17.922,3.725,0.68,499.815,44.813,31.922,1.284,30.933,0,normal,6
2026-09-12T09:01:39+00:00,PRESS-RTP41-DEMO,BATCH-DEMO-001,18.406,3.335,0.638,503.486,44.598,32.297,1.052,30.989,0,normal,6
2026-09-12T09:01:40+00:00,PRESS-RTP41-DEMO,BATCH-DEMO-001,17.952,3.599,0.524,496.164,44.887,32.009,1.129,30.973,0,normal,6
2026-09-12T09:01:41+00:00,PRESS-RTP41-DEMO,BATCH-DEMO-001,17.668,3.452,0.616,500.488,45.116,32.358,1.147,30.962,0,normal,6
2026-09-12T09:01:42+00:00,PRESS-RTP41-DEMO,BATCH-DEMO-001,18.013,3.465,0.648,496.876,45.074,31.771,1.123,30.809,0,normal,6
2026-09-12T09:01:43+00:00,PRESS-RTP41-DEMO,BATCH-DEMO-001,18.325,3.483,0.696,500.545,44.659,31.729,1.261,30.908,0,normal,6
2026-09-12T09:01:44+00:00,PRESS-RTP41-DEMO,BATCH-DEMO-001,17.695,3.478,0.643,497.976,44.935,31.88,0.993,31.06,0,normal,6
2026-09-12T09:01:45+00:00,PRESS-RTP41-DEMO,BATCH-DEMO-001,17.773,3.657,0.604,496.841,45.238,31.604,1.149,31.072,0,normal,6
2026-09-12T09:01:46+00:00,PRESS-RTP41-DEMO,BATCH-DEMO-001,17.908,3.301,0.658,499.611,45.257,32.147,1.443,30.802,0,normal,6
2026-09-12T09:01:47+00:00,PRESS-RTP41-DEMO,BATCH-DEMO-001,17.994,3.372,0.696,501.644,45.151,31.806,1.14,30.756,0,normal,6
2026-09-12T09:01:48+00:00,PRESS-RTP41-DEMO,BATCH-DEMO-001,18.479,3.561,0.64,501.867,45.15,32.244,1.07,30.914,0,normal,6
2026-09-12T09:01:49+00:00,PRESS-RTP41-DEMO,BATCH-DEMO-001,18.055,3.543,0.688,497.983,45.025,32.551,1.255,31.104,0,normal,6
2026-09-12T09:01:50+00:00,PRESS-RTP41-DEMO,BATCH-DEMO-001,17.995,3.592,0.722,500.213,45.245,31.781,1.247,31.109,0,normal,6
2026-09-12T09:01:51+00:00,PRESS-RTP41-DEMO,BATCH-DEMO-001,17.789,3.632,0.623,498.39,45.0,32.483,1.225,31.112,0,normal,6
2026-09-12T09:01:52+00:00,PRESS-RTP41-DEMO,BATCH-DEMO-001,17.795,3.509,0.603,498.858,45.167,31.99,1.316,30.976,0,normal,6
2026-09-12T09:01:53+00:00,PRESS-RTP41-DEMO,BATCH-DEMO-001,17.945,3.653,0.624,496.96,45.26,32.104,1.027,31.005,0,normal,6
2026-09-12T09:01:54+00:00,PRESS-RTP41-DEMO,BATCH-DEMO-001,17.887,3.709,0.621,498.838,44.818,31.736,1.144,30.828,0,normal,6
2026-09-12T09:01:55+00:00,PRESS-RTP41-DEMO,BATCH-DEMO-001,17.711,3.307,0.59,496.881,44.896,31.829,1.102,31.057,0,normal,6
2026-09-12T09:01:56+00:00,PRESS-RTP41-DEMO,BATCH-DEMO-001,17.987,3.448,0.631,503.186,45.048,32.119,0.993,30.922,0,normal,6
2026-09-12T09:01:57+00:00,PRESS-RTP41-DEMO,BATCH-DEMO-001,17.392,3.449,0.665,498.651,45.104,31.744,1.246,30.814,0,normal,6
2026-09-12T09:01:58+00:00,PRESS-RTP41-DEMO,BATCH-DEMO-001,17.927,3.55,0.671,499.745,45.388,31.896,1.164,30.669,0,normal,6
2026-09-12T09:01:59+00:00,PRESS-RTP41-DEMO,BATCH-DEMO-001,18.495,3.456,0.603,502.642,45.247,32.027,1.085,31.05,0,normal,6
2026-09-12T09:02:00+00:00,PRESS-RTP41-DEMO,BATCH-DEMO-001,17.826,3.36,0.692,495.735,45.113,32.115,1.364,31.039,0,normal,6
2026-09-12T09:02:01+00:00,PRESS-RTP41-DEMO,BATCH-DEMO-001,17.424,3.4,0.653,500.711,45.196,31.51,1.174,31.116,0,normal,6
2026-09-12T09:02:02+00:00,PRESS-RTP41-DEMO,BATCH-DEMO-001,18.432,3.723,0.634,502.195,45.342,32.3,1.258,31.099,0,normal,6
2026-09-12T09:02:03+00:00,PRESS-RTP41-DEMO,BATCH-DEMO-001,17.779,3.326,0.689,499.306,44.994,31.855,1.169,31.028,0,normal,6
2026-09-12T09:02:04+00:00,PRESS-RTP41-DEMO,BATCH-DEMO-001,17.714,3.508,0.66,499.845,44.851,32.197,1.35,30.928,0,normal,6
2026-09-12T09:02:05+00:00,PRESS-RTP41-DEMO,BATCH-DEMO-001,18.346,3.607,0.544,498.478,44.873,32.195,1.215,31.057,0,normal,6
2026-09-12T09:02:06+00:00,PRESS-RTP41-DEMO,BATCH-DEMO-001,18.178,3.392,0.62,497.554,44.966,31.97,1.214,30.913,0,normal,6
2026-09-12T09:02:07+00:00,PRESS-RTP41-DEMO,BATCH-DEMO-001,18.254,3.61,0.712,501.423,45.037,32.168,1.249,30.922,0,normal,6
2026-09-12T09:02:08+00:00,PRESS-RTP41-DEMO,BATCH-DEMO-001,18.361,3.706,0.729,500.07,45.065,32.104,1.2,31.074,0,normal,6
2026-09-12T09:02:09+00:00,PRESS-RTP41-DEMO,BATCH-DEMO-001,17.966,3.477,0.72,500.329,45.013,32.221,1.212,31.035,0,normal,6
2026-09-12T09:02:10+00:00,PRESS-RTP41-DEMO,BATCH-DEMO-001,17.982,3.354,0.649,497.726,45.042,31.705,1.273,31.09,0,normal,6
2026-09-12T09:02:11+00:00,PRESS-RTP41-DEMO,BATCH-DEMO-001,18.079,3.488,0.667,496.07,44.781,31.963,1.228,30.99,0,normal,6
2026-09-12T09:02:12+00:00,PRESS-RTP41-DEMO,BATCH-DEMO-001,17.719,3.516,0.632,497.863,45.066,31.948,1.296,31.08,0,normal,6
2026-09-12T09:02:13+00:00,PRESS-RTP41-DEMO,BATCH-DEMO-001,18.206,3.539,0.616,498.129,44.706,32.72,1.114,30.975,0,normal,6
2026-09-12T09:02:14+00:00,PRESS-RTP41-DEMO,BATCH-DEMO-001,17.899,3.466,0.627,496.263,44.8,31.652,1.19,30.918,0,normal,6
2026-09-12T09:02:15+00:00,PRESS-RTP41-DEMO,BATCH-DEMO-001,17.808,3.526,0.627,501.864,44.923,32.056,1.094,31.079,0,normal,6
2026-09-12T09:02:16+00:00,PRESS-RTP41-DEMO,BATCH-DEMO-001,17.887,3.549,0.663,499.653,45.043,31.904,1.308,31.112,0,normal,6
2026-09-12T09:02:17+00:00,PRESS-RTP41-DEMO,BATCH-DEMO-001,18.135,3.358,0.606,498.672,44.951,32.112,1.128,31.141,0,normal,6
2026-09-12T09:02:18+00:00,PRESS-RTP41-DEMO,BATCH-DEMO-001,18.001,3.258,0.631,494.83,44.85,31.863,1.151,30.961,0,normal,6
2026-09-12T09:02:19+00:00,PRESS-RTP41-DEMO,BATCH-DEMO-001,17.89,3.429,0.71,502.43,44.772,32.313,1.07,30.902,0,normal,6
2026-09-12T09:02:20+00:00,PRESS-RTP41-DEMO,BATCH-DEMO-001,18.427,3.231,0.673,497.493,44.971,31.955,1.336,30.903,0,normal,6
2026-09-12T09:02:21+00:00,PRESS-RTP41-DEMO,BATCH-DEMO-001,17.981,3.575,0.64,498.356,44.988,32.023,1.271,30.887,0,normal,6
2026-09-12T09:02:22+00:00,PRESS-RTP41-DEMO,BATCH-DEMO-001,17.874,3.539,0.643,499.629,44.997,31.826,1.136,31.053,0,normal,6
2026-09-12T09:02:23+00:00,PRESS-RTP41-DEMO,BATCH-DEMO-001,17.693,3.64,0.659,497.447,45.057,32.042,1.261,31.139,0,normal,6
2026-09-12T09:02:24+00:00,PRESS-RTP41-DEMO,BATCH-DEMO-001,17.897,3.415,0.626,498.038,44.851,32.071,1.201,30.941,0,normal,6
2026-09-12T09:02:25+00:00,PRESS-RTP41-DEMO,BATCH-DEMO-001,17.793,3.542,0.63,497.92,44.97,31.934,1.114,31.099,0,normal,6
2026-09-12T09:02:26+00:00,PRESS-RTP41-DEMO,BATCH-DEMO-001,18.237,3.505,0.655,501.055,44.994,32.223,1.332,31.01,0,normal,6
2026-09-12T09:02:27+00:00,PRESS-RTP41-DEMO,BATCH-DEMO-001,18.123,3.605,0.636,497.743,45.181,31.608,1.343,31.104,0,normal,6
2026-09-12T09:02:28+00:00,PRESS-RTP41-DEMO,BATCH-DEMO-001,18.053,3.506,0.72,498.108,44.768,31.85,1.179,30.879,0,normal,6
2026-09-12T09:02:29+00:00,PRESS-RTP41-DEMO,BATCH-DEMO-001,18.043,3.516,0.617,503.206,44.722,31.681,1.23,30.975,0,normal,6
2026-09-12T09:02:30+00:00,PRESS-RTP41-DEMO,BATCH-DEMO-001,18.117,3.426,0.609,498.709,44.863,32.131,1.162,31.091,0,normal,6
2026-09-12T09:02:31+00:00,PRESS-RTP41-DEMO,BATCH-DEMO-001,18.165,3.625,0.686,501.569,45.154,31.871,1.179,30.78,0,normal,6
2026-09-12T09:02:32+00:00,PRESS-RTP41-DEMO,BATCH-DEMO-001,18.082,3.419,0.666,501.055,44.73,31.747,1.172,30.938,0,normal,6
2026-09-12T09:02:33+00:00,PRESS-RTP41-DEMO,BATCH-DEMO-001,18.047,3.361,0.652,496.623,44.569,32.179,1.096,30.933,0,normal,6
2026-09-12T09:02:34+00:00,PRESS-RTP41-DEMO,BATCH-DEMO-001,17.603,3.331,0.634,499.18,45.197,32.112,1.179,31.091,0,normal,6
2026-09-12T09:02:35+00:00,PRESS-RTP41-DEMO,BATCH-DEMO-001,18.313,3.549,0.634,502.037,45.354,32.165,1.342,31.111,0,normal,6
2026-09-12T09:02:36+00:00,PRESS-RTP41-DEMO,BATCH-DEMO-001,18.238,3.369,0.605,499.901,44.666,31.852,1.269,30.92,0,normal,6
2026-09-12T09:02:37+00:00,PRESS-RTP41-DEMO,BATCH-DEMO-001,18.149,3.338,0.63,502.047,45.042,32.073,1.336,31.156,0,normal,6
2026-09-12T09:02:38+00:00,PRESS-RTP41-DEMO,BATCH-DEMO-001,17.754,3.658,0.625,499.965,45.003,32.268,1.11,31.054,0,normal,6
2026-09-12T09:02:39+00:00,PRESS-RTP41-DEMO,BATCH-DEMO-001,18.147,3.597,0.642,502.007,44.858,32.287,1.228,30.832,0,normal,6
2026-09-12T09:02:40+00:00,PRESS-RTP41-DEMO,BATCH-DEMO-001,18.114,3.522,0.636,498.527,44.952,31.639,1.335,30.865,0,normal,6
2026-09-12T09:02:41+00:00,PRESS-RTP41-DEMO,BATCH-DEMO-001,17.815,3.637,0.673,501.44,45.303,31.922,1.116,31.101,0,normal,6
2026-09-12T09:02:42+00:00,PRESS-RTP41-DEMO,BATCH-DEMO-001,18.223,3.461,0.599,502.478,45.115,31.657,1.262,30.827,0,normal,6
2026-09-12T09:02:43+00:00,PRESS-RTP41-DEMO,BATCH-DEMO-001,17.865,3.365,0.624,498.333,44.877,32.181,1.224,31.075,0,normal,6
2026-09-12T09:02:44+00:00,PRESS-RTP41-DEMO,BATCH-DEMO-001,18.306,3.455,0.653,501.076,45.341,32.225,1.311,31.122,0,normal,6
2026-09-12T09:02:45+00:00,PRESS-RTP41-DEMO,BATCH-DEMO-001,18.296,3.286,0.685,500.426,45.011,31.868,1.166,31.05,0,normal,6
2026-09-12T09:02:46+00:00,PRESS-RTP41-DEMO,BATCH-DEMO-001,18.235,3.32,0.659,498.879,44.81,32.098,1.174,30.921,0,normal,6
2026-09-12T09:02:47+00:00,PRESS-RTP41-DEMO,BATCH-DEMO-001,17.785,3.534,0.65,497.817,44.832,31.954,1.232,30.874,0,normal,6
2026-09-12T09:02:48+00:00,PRESS-RTP41-DEMO,BATCH-DEMO-001,18.137,3.401,0.759,498.118,44.842,32.049,1.128,31.099,0,normal,6
2026-09-12T09:02:49+00:00,PRESS-RTP41-DEMO,BATCH-DEMO-001,18.504,3.453,0.657,498.964,45.0,32.358,1.272,30.891,0,normal,6
2026-09-12T09:02:50+00:00,PRESS-RTP41-DEMO,BATCH-DEMO-001,18.433,3.639,0.669,498.682,45.013,31.801,1.237,30.962,0,normal,6
2026-09-12T09:02:51+00:00,PRESS-RTP41-DEMO,BATCH-DEMO-001,17.374,3.611,0.658,502.157,44.973,32.047,1.289,31.047,0,normal,6
2026-09-12T09:02:52+00:00,PRESS-RTP41-DEMO,BATCH-DEMO-001,18.081,3.886,0.643,500.338,45.347,31.799,1.117,30.828,0,normal,6
2026-09-12T09:02:53+00:00,PRESS-RTP41-DEMO,BATCH-DEMO-001,18.149,3.575,0.68,497.293,45.201,32.299,1.192,31.004,0,normal,6
2026-09-12T09:02:54+00:00,PRESS-RTP41-DEMO,BATCH-DEMO-001,18.189,3.544,0.676,497.828,44.965,31.697,1.251,31.064,0,normal,6
2026-09-12T09:02:55+00:00,PRESS-RTP41-DEMO,BATCH-DEMO-001,17.972,3.536,0.588,501.716,44.907,32.032,1.289,30.909,0,normal,6
2026-09-12T09:02:56+00:00,PRESS-RTP41-DEMO,BATCH-DEMO-001,18.335,3.515,0.651,501.112,44.751,32.149,1.205,31.124,0,normal,6
2026-09-12T09:02:57+00:00,PRESS-RTP41-DEMO,BATCH-DEMO-001,17.939,3.456,0.665,499.881,44.765,31.952,1.301,30.989,0,normal,6
2026-09-12T09:02:58+00:00,PRESS-RTP41-DEMO,BATCH-DEMO-001,17.756,3.586,0.576,495.759,44.999,32.045,1.218,30.893,0,normal,6
2026-09-12T09:02:59+00:00,PRESS-RTP41-DEMO,BATCH-DEMO-001,17.958,3.332,0.659,496.769,44.97,32.065,1.059,30.937,0,normal,6
2026-09-12T09:03:00+00:00,PRESS-RTP41-DEMO,BATCH-DEMO-001,18.221,3.686,0.59,500.68,44.753,31.664,1.328,31.08,0,normal,6
2026-09-12T09:03:01+00:00,PRESS-RTP41-DEMO,BATCH-DEMO-001,17.775,3.526,0.676,500.363,45.449,32.151,0.961,30.965,0,normal,6
2026-09-12T09:03:02+00:00,PRESS-RTP41-DEMO,BATCH-DEMO-001,17.794,3.476,0.651,498.698,44.783,32.341,1.248,30.92,0,normal,6
2026-09-12T09:03:03+00:00,PRESS-RTP41-DEMO,BATCH-DEMO-001,18.19,3.581,0.701,497.889,45.156,31.848,1.292,30.977,0,normal,6
2026-09-12T09:03:04+00:00,PRESS-RTP41-DEMO,BATCH-DEMO-001,17.364,3.504,0.579,499.566,44.988,31.9,1.081,30.866,0,normal,6
2026-09-12T09:03:05+00:00,PRESS-RTP41-DEMO,BATCH-DEMO-001,17.764,3.47,0.702,501.418,44.906,32.318,1.091,31.082,0,normal,6
2026-09-12T09:03:06+00:00,PRESS-RTP41-DEMO,BATCH-DEMO-001,17.951,3.528,0.676,498.641,45.16,31.998,1.393,30.963,0,normal,6
2026-09-12T09:03:07+00:00,PRESS-RTP41-DEMO,BATCH-DEMO-001,18.355,3.578,0.603,502.721,44.788,31.442,1.268,31.128,0,normal,6
2026-09-12T09:03:08+00:00,PRESS-RTP41-DEMO,BATCH-DEMO-001,18.015,3.469,0.713,501.424,44.869,32.183,1.101,30.933,0,normal,6
2026-09-12T09:03:09+00:00,PRESS-RTP41-DEMO,BATCH-DEMO-001,17.706,3.236,0.603,502.445,44.78,31.862,1.107,31.104,0,normal,6
2026-09-12T09:03:10+00:00,PRESS-RTP41-DEMO,BATCH-DEMO-001,18.0,3.559,0.646,497.658,44.805,32.209,1.195,31.093,0,normal,6
2026-09-12T09:03:11+00:00,PRESS-RTP41-DEMO,BATCH-DEMO-001,17.114,3.633,0.63,504.346,44.898,32.007,1.253,30.895,0,normal,6
2026-09-12T09:03:12+00:00,PRESS-RTP41-DEMO,BATCH-DEMO-001,18.244,3.423,0.702,501.586,45.099,31.819,1.183,31.036,0,normal,6
2026-09-12T09:03:13+00:00,PRESS-RTP41-DEMO,BATCH-DEMO-001,17.431,3.434,0.688,497.464,45.256,31.843,1.226,30.862,0,normal,6
2026-09-12T09:03:14+00:00,PRESS-RTP41-DEMO,BATCH-DEMO-001,18.136,3.556,0.695,502.708,45.251,32.052,1.102,31.159,0,normal,6
2026-09-12T09:03:15+00:00,PRESS-RTP41-DEMO,BATCH-DEMO-001,17.635,3.447,0.679,500.887,45.319,31.999,1.065,30.967,0,normal,6
2026-09-12T09:03:16+00:00,PRESS-RTP41-DEMO,BATCH-DEMO-001,18.049,3.458,0.706,499.505,44.713,32.117,1.108,31.204,0,normal,6
2026-09-12T09:03:17+00:00,PRESS-RTP41-DEMO,BATCH-DEMO-001,18.076,3.332,0.693,504.738,44.599,32.226,1.239,31.021,0,normal,6
2026-09-12T09:03:18+00:00,PRESS-RTP41-DEMO,BATCH-DEMO-001,18.096,3.559,0.622,502.822,44.73,32.49,1.322,30.858,0,normal,6
2026-09-12T09:03:19+00:00,PRESS-RTP41-DEMO,BATCH-DEMO-001,17.998,3.67,0.63,499.675,44.92,32.292,1.151,30.999,0,normal,6
2026-09-12T09:03:20+00:00,PRESS-RTP41-DEMO,BATCH-DEMO-001,18.151,3.475,0.615,497.317,44.696,31.705,1.062,30.913,0,normal,6
2026-09-12T09:03:21+00:00,PRESS-RTP41-DEMO,BATCH-DEMO-001,18.084,3.506,0.617,497.964,44.801,31.653,1.101,31.086,0,normal,6
2026-09-12T09:03:22+00:00,PRESS-RTP41-DEMO,BATCH-DEMO-001,17.607,3.502,0.625,504.856,44.641,32.048,1.173,30.907,0,normal,6
2026-09-12T09:03:23+00:00,PRESS-RTP41-DEMO,BATCH-DEMO-001,18.088,3.519,0.607,500.853,45.078,32.327,1.151,31.176,0,normal,6
2026-09-12T09:03:24+00:00,PRESS-RTP41-DEMO,BATCH-DEMO-001,17.945,3.263,0.671,499.837,44.824,32.233,1.162,31.122,0,normal,6
2026-09-12T09:03:25+00:00,PRESS-RTP41-DEMO,BATCH-DEMO-001,17.977,3.59,0.677,500.946,44.794,32.23,1.202,31.24,0,normal,6
2026-09-12T09:03:26+00:00,PRESS-RTP41-DEMO,BATCH-DEMO-001,18.134,3.59,0.619,499.188,45.019,31.707,1.106,30.987,0,normal,6
2026-09-12T09:03:27+00:00,PRESS-RTP41-DEMO,BATCH-DEMO-001,17.978,3.524,0.695,499.199,45.136,31.964,1.184,31.031,0,normal,6
2026-09-12T09:03:28+00:00,PRESS-RTP41-DEMO,BATCH-DEMO-001,17.421,3.508,0.624,498.14,44.623,31.889,1.05,31.104,0,normal,6
2026-09-12T09:03:29+00:00,PRESS-RTP41-DEMO,BATCH-DEMO-001,17.933,3.298,0.623,501.51,44.881,31.93,1.17,30.985,0,normal,6
2026-09-12T09:03:30+00:00,PRESS-RTP41-DEMO,BATCH-DEMO-001,17.524,3.495,0.628,505.908,44.957,31.886,1.279,30.981,0,normal,6
2026-09-12T09:03:31+00:00,PRESS-RTP41-DEMO,BATCH-DEMO-001,18.071,3.395,0.712,498.745,45.075,32.283,1.176,31.0,0,normal,6
2026-09-12T09:03:32+00:00,PRESS-RTP41-DEMO,BATCH-DEMO-001,18.164,3.582,0.606,500.363,44.811,31.814,1.148,31.146,0,normal,6
2026-09-12T09:03:33+00:00,PRESS-RTP41-DEMO,BATCH-DEMO-001,18.447,3.813,0.648,498.317,44.806,32.402,1.077,30.962,0,normal,6
2026-09-12T09:03:34+00:00,PRESS-RTP41-DEMO,BATCH-DEMO-001,17.842,3.71,0.609,502.203,45.263,31.958,1.237,30.815,0,normal,6
2026-09-12T09:03:35+00:00,PRESS-RTP41-DEMO,BATCH-DEMO-001,17.975,3.474,0.547,500.831,45.071,31.577,1.087,30.91,0,normal,6
2026-09-12T09:03:36+00:00,PRESS-RTP41-DEMO,BATCH-DEMO-001,17.852,3.463,0.612,497.984,45.061,31.881,1.191,30.972,0,normal,6
2026-09-12T09:03:37+00:00,PRESS-RTP41-DEMO,BATCH-DEMO-001,18.128,3.481,0.684,500.206,45.178,32.312,1.083,31.111,0,normal,6
2026-09-12T09:03:38+00:00,PRESS-RTP41-DEMO,BATCH-DEMO-001,18.499,3.383,0.649,499.286,45.088,32.13,1.146,31.158,0,normal,6
2026-09-12T09:03:39+00:00,PRESS-RTP41-DEMO,BATCH-DEMO-001,17.76,3.483,0.691,503.907,44.897,32.196,1.218,30.81,0,normal,6
2026-09-12T09:03:40+00:00,PRESS-RTP41-DEMO,BATCH-DEMO-001,17.733,3.355,0.63,499.166,45.006,32.319,1.234,31.318,0,normal,6
2026-09-12T09:03:41+00:00,PRESS-RTP41-DEMO,BATCH-DEMO-001,17.932,3.595,0.667,503.013,44.924,32.211,1.33,30.914,0,normal,6
2026-09-12T09:03:42+00:00,PRESS-RTP41-DEMO,BATCH-DEMO-001,17.979,3.561,0.633,498.25,45.367,31.943,1.339,30.939,0,normal,6
2026-09-12T09:03:43+00:00,PRESS-RTP41-DEMO,BATCH-DEMO-001,17.942,3.596,0.642,498.202,44.856,32.068,1.147,31.011,0,normal,6
2026-09-12T09:03:44+00:00,PRESS-RTP41-DEMO,BATCH-DEMO-001,17.368,3.433,0.643,498.975,44.801,31.779,1.206,31.178,0,normal,6
2026-09-12T09:03:45+00:00,PRESS-RTP41-DEMO,BATCH-DEMO-001,17.608,3.467,0.689,500.669,44.981,31.887,1.201,30.988,0,normal,6
2026-09-12T09:03:46+00:00,PRESS-RTP41-DEMO,BATCH-DEMO-001,17.388,3.414,0.572,502.582,45.165,31.803,1.264,31.294,0,normal,6
2026-09-12T09:03:47+00:00,PRESS-RTP41-DEMO,BATCH-DEMO-001,17.826,3.656,0.665,499.527,44.779,31.861,1.168,30.722,0,normal,6
2026-09-12T09:03:48+00:00,PRESS-RTP41-DEMO,BATCH-DEMO-001,18.149,3.461,0.668,499.162,45.6,31.586,1.125,31.085,0,normal,6
2026-09-12T09:03:49+00:00,PRESS-RTP41-DEMO,BATCH-DEMO-001,18.66,3.381,0.723,498.166,45.259,32.019,1.378,31.214,0,normal,6
2026-09-12T09:03:50+00:00,PRESS-RTP41-DEMO,BATCH-DEMO-001,17.819,3.852,0.605,499.373,45.362,31.816,1.149,31.016,0,normal,6
2026-09-12T09:03:51+00:00,PRESS-RTP41-DEMO,BATCH-DEMO-001,18.127,3.546,0.62,500.394,45.127,32.376,1.226,30.85,0,normal,6
2026-09-12T09:03:52+00:00,PRESS-RTP41-DEMO,BATCH-DEMO-001,18.008,3.426,0.703,496.649,45.112,31.734,1.302,31.093,0,normal,6
2026-09-12T09:03:53+00:00,PRESS-RTP41-DEMO,BATCH-DEMO-001,18.061,3.561,0.637,501.352,44.99,32.183,1.205,30.702,0,normal,6
2026-09-12T09:03:54+00:00,PRESS-RTP41-DEMO,BATCH-DEMO-001,17.856,3.682,0.708,500.209,44.975,31.916,1.25,31.069,0,normal,6
2026-09-12T09:03:55+00:00,PRESS-RTP41-DEMO,BATCH-DEMO-001,17.726,3.579,0.699,498.09,44.963,32.116,1.258,30.95,0,normal,6
2026-09-12T09:03:56+00:00,PRESS-RTP41-DEMO,BATCH-DEMO-001,17.852,3.444,0.665,500.858,44.996,31.659,1.113,31.076,0,normal,6
2026-09-12T09:03:57+00:00,PRESS-RTP41-DEMO,BATCH-DEMO-001,17.658,3.527,0.636,498.796,45.005,32.419,1.223,30.965,0,normal,6
2026-09-12T09:03:58+00:00,PRESS-RTP41-DEMO,BATCH-DEMO-001,17.587,3.561,0.695,501.215,45.233,32.119,1.096,30.995,0,normal,6
2026-09-12T09:03:59+00:00,PRESS-RTP41-DEMO,BATCH-DEMO-001,18.147,3.587,0.63,499.873,45.073,32.318,1.28,31.078,0,normal,6
2026-09-12T09:04:00+00:00,PRESS-RTP41-DEMO,BATCH-DEMO-001,18.111,3.377,0.606,499.816,45.208,32.099,1.245,30.82,0,normal,6
2026-09-12T09:04:01+00:00,PRESS-RTP41-DEMO,BATCH-DEMO-001,17.591,3.634,0.649,497.373,45.176,32.065,1.436,31.15,0,normal,6
2026-09-12T09:04:02+00:00,PRESS-RTP41-DEMO,BATCH-DEMO-001,18.097,3.482,0.659,499.795,44.712,32.232,1.222,30.669,0,normal,6
2026-09-12T09:04:03+00:00,PRESS-RTP41-DEMO,BATCH-DEMO-001,17.822,3.401,0.689,499.912,45.297,31.602,1.114,31.128,0,normal,6
2026-09-12T09:04:04+00:00,PRESS-RTP41-DEMO,BATCH-DEMO-001,17.817,3.373,0.629,498.48,45.108,32.28,1.073,30.965,0,normal,6
2026-09-12T09:04:05+00:00,PRESS-RTP41-DEMO,BATCH-DEMO-001,18.004,3.51,0.683,500.24,44.884,31.722,1.054,30.955,0,normal,6
2026-09-12T09:04:06+00:00,PRESS-RTP41-DEMO,BATCH-DEMO-001,18.004,3.611,0.635,504.647,44.985,31.879,1.23,30.884,0,normal,6
2026-09-12T09:04:07+00:00,PRESS-RTP41-DEMO,BATCH-DEMO-001,18.058,3.252,0.677,500.133,45.042,32.039,1.098,30.892,0,normal,6
2026-09-12T09:04:08+00:00,PRESS-RTP41-DEMO,BATCH-DEMO-001,18.439,3.559,0.626,500.842,45.082,32.489,1.289,31.049,0,normal,6
2026-09-12T09:04:09+00:00,PRESS-RTP41-DEMO,BATCH-DEMO-001,17.874,3.714,0.646,498.259,44.756,31.784,1.171,31.092,0,normal,6
2026-09-12T09:04:10+00:00,PRESS-RTP41-DEMO,BATCH-DEMO-001,18.256,3.638,0.656,501.663,45.452,32.228,1.328,30.819,0,normal,6
2026-09-12T09:04:11+00:00,PRESS-RTP41-DEMO,BATCH-DEMO-001,17.792,3.41,0.543,500.147,45.278,31.866,1.216,30.898,0,normal,6
2026-09-12T09:04:12+00:00,PRESS-RTP41-DEMO,BATCH-DEMO-001,17.862,3.534,0.602,502.348,44.616,32.081,1.161,31.179,0,normal,6
2026-09-12T09:04:13+00:00,PRESS-RTP41-DEMO,BATCH-DEMO-001,18.213,3.25,0.553,497.997,44.9,31.953,1.202,31.081,0,normal,6
2026-09-12T09:04:14+00:00,PRESS-RTP41-DEMO,BATCH-DEMO-001,17.618,3.284,0.66,499.278,44.979,31.84,1.186,31.178,0,normal,6
2026-09-12T09:04:15+00:00,PRESS-RTP41-DEMO,BATCH-DEMO-001,17.545,3.353,0.676,503.135,44.959,31.684,1.04,31.031,0,normal,6
2026-09-12T09:04:16+00:00,PRESS-RTP41-DEMO,BATCH-DEMO-001,17.65,3.761,0.744,500.453,45.097,31.971,1.291,31.0,0,normal,6
2026-09-12T09:04:17+00:00,PRESS-RTP41-DEMO,BATCH-DEMO-001,18.018,3.663,0.675,504.262,44.673,31.861,1.128,31.101,0,normal,6
2026-09-12T09:04:18+00:00,PRESS-RTP41-DEMO,BATCH-DEMO-001,17.862,3.572,0.603,499.811,45.459,32.41,1.05,31.044,0,normal,6
2026-09-12T09:04:19+00:00,PRESS-RTP41-DEMO,BATCH-DEMO-001,18.231,3.441,0.606,501.324,45.02,32.138,1.187,31.28,0,normal,6
2026-09-12T09:04:20+00:00,PRESS-RTP41-DEMO,BATCH-DEMO-001,17.744,3.44,0.671,501.463,44.724,32.324,1.083,31.001,0,normal,6
2026-09-12T09:04:21+00:00,PRESS-RTP41-DEMO,BATCH-DEMO-001,17.914,3.415,0.695,495.306,44.854,31.774,1.27,31.186,0,normal,6
2026-09-12T09:04:22+00:00,PRESS-RTP41-DEMO,BATCH-DEMO-001,18.217,3.667,0.561,500.327,44.723,31.906,1.22,31.011,0,normal,6
2026-09-12T09:04:23+00:00,PRESS-RTP41-DEMO,BATCH-DEMO-001,18.385,3.263,0.617,497.039,44.672,32.251,1.215,31.187,0,normal,6
2026-09-12T09:04:24+00:00,PRESS-RTP41-DEMO,BATCH-DEMO-001,18.332,3.508,0.611,501.984,44.862,31.7,1.108,31.015,0,normal,6
2026-09-12T09:04:25+00:00,PRESS-RTP41-DEMO,BATCH-DEMO-001,18.354,3.506,0.699,500.183,44.915,32.68,1.346,31.024,0,normal,6
2026-09-12T09:04:26+00:00,PRESS-RTP41-DEMO,BATCH-DEMO-001,17.767,3.307,0.666,499.489,45.093,32.081,1.235,31.137,0,normal,6
2026-09-12T09:04:27+00:00,PRESS-RTP41-DEMO,BATCH-DEMO-001,18.088,3.413,0.619,501.166,44.786,32.18,1.257,30.995,0,normal,6
2026-09-12T09:04:28+00:00,PRESS-RTP41-DEMO,BATCH-DEMO-001,17.781,3.287,0.605,496.748,45.005,31.889,1.126,31.105,0,normal,6
2026-09-12T09:04:29+00:00,PRESS-RTP41-DEMO,BATCH-DEMO-001,18.036,3.506,0.672,502.073,44.679,32.177,1.055,30.905,0,normal,6
2026-09-12T09:04:30+00:00,PRESS-RTP41-DEMO,BATCH-DEMO-001,18.283,3.583,0.677,500.364,45.283,31.615,1.176,31.006,0,normal,6
2026-09-12T09:04:31+00:00,PRESS-RTP41-DEMO,BATCH-DEMO-001,18.57,3.623,0.692,498.477,45.45,32.118,1.12,31.281,0,normal,6
2026-09-12T09:04:32+00:00,PRESS-RTP41-DEMO,BATCH-DEMO-001,17.6,3.396,0.641,498.039,45.105,32.069,1.209,31.227,0,normal,6
2026-09-12T09:04:33+00:00,PRESS-RTP41-DEMO,BATCH-DEMO-001,17.542,3.664,0.617,502.924,45.381,32.575,1.185,30.86,0,normal,6
2026-09-12T09:04:34+00:00,PRESS-RTP41-DEMO,BATCH-DEMO-001,18.092,3.494,0.579,501.471,44.815,32.361,1.277,30.966,0,normal,6
2026-09-12T09:04:35+00:00,PRESS-RTP41-DEMO,BATCH-DEMO-001,18.01,3.471,0.632,506.197,44.813,32.014,1.279,30.954,0,normal,7
2026-09-12T09:04:36+00:00,PRESS-RTP41-DEMO,BATCH-DEMO-001,17.824,3.341,0.698,501.424,45.094,31.623,1.24,31.034,0,normal,6
2026-09-12T09:04:37+00:00,PRESS-RTP41-DEMO,BATCH-DEMO-001,17.905,3.335,0.648,498.258,45.016,32.016,1.173,31.106,0,normal,6
2026-09-12T09:04:38+00:00,PRESS-RTP41-DEMO,BATCH-DEMO-001,17.982,3.563,0.667,502.016,44.807,31.914,1.274,31.018,0,normal,6
2026-09-12T09:04:39+00:00,PRESS-RTP41-DEMO,BATCH-DEMO-001,18.315,3.589,0.632,501.761,44.949,32.239,1.348,31.131,0,normal,6
2026-09-12T09:04:40+00:00,PRESS-RTP41-DEMO,BATCH-DEMO-001,18.641,3.314,0.628,499.467,44.92,32.093,1.171,31.133,0,normal,6
2026-09-12T09:04:41+00:00,PRESS-RTP41-DEMO,BATCH-DEMO-001,18.276,3.55,0.61,501.095,45.135,32.088,1.202,31.168,0,normal,6
2026-09-12T09:04:42+00:00,PRESS-RTP41-DEMO,BATCH-DEMO-001,17.846,3.456,0.677,501.062,45.171,31.929,1.095,30.851,0,normal,6
2026-09-12T09:04:43+00:00,PRESS-RTP41-DEMO,BATCH-DEMO-001,17.879,3.595,0.682,496.368,45.107,31.978,1.117,31.263,0,normal,6
2026-09-12T09:04:44+00:00,PRESS-RTP41-DEMO,BATCH-DEMO-001,18.074,3.599,0.753,498.838,44.921,32.372,1.095,31.009,0,normal,6
2026-09-12T09:04:45+00:00,PRESS-RTP41-DEMO,BATCH-DEMO-001,18.013,3.616,0.666,498.174,45.194,32.211,1.116,30.917,0,normal,6
2026-09-12T09:04:46+00:00,PRESS-RTP41-DEMO,BATCH-DEMO-001,17.853,3.362,0.693,499.352,44.944,31.741,1.168,31.178,0,normal,6
2026-09-12T09:04:47+00:00,PRESS-RTP41-DEMO,BATCH-DEMO-001,18.21,3.306,0.61,501.271,44.9,31.862,1.131,30.84,0,normal,6
2026-09-12T09:04:48+00:00,PRESS-RTP41-DEMO,BATCH-DEMO-001,18.027,3.454,0.696,499.867,44.807,32.173,1.308,30.912,0,normal,6
2026-09-12T09:04:49+00:00,PRESS-RTP41-DEMO,BATCH-DEMO-001,17.523,3.443,0.596,503.283,44.722,31.918,1.318,31.105,0,normal,6
2026-09-12T09:04:50+00:00,PRESS-RTP41-DEMO,BATCH-DEMO-001,17.856,3.406,0.643,499.52,45.299,31.961,1.092,31.118,0,normal,6
2026-09-12T09:04:51+00:00,PRESS-RTP41-DEMO,BATCH-DEMO-001,18.29,3.473,0.681,500.102,44.759,31.98,1.108,30.924,0,normal,6
2026-09-12T09:04:52+00:00,PRESS-RTP41-DEMO,BATCH-DEMO-001,17.737,3.54,0.657,497.361,44.816,31.999,1.237,31.009,0,normal,6
2026-09-12T09:04:53+00:00,PRESS-RTP41-DEMO,BATCH-DEMO-001,17.382,3.654,0.721,503.168,45.109,32.168,1.148,31.023,0,normal,6
2026-09-12T09:04:54+00:00,PRESS-RTP41-DEMO,BATCH-DEMO-001,17.683,3.515,0.593,501.17,44.929,32.192,1.215,30.945,0,normal,6
2026-09-12T09:04:55+00:00,PRESS-RTP41-DEMO,BATCH-DEMO-001,18.236,3.359,0.639,498.925,45.149,31.981,1.222,31.063,0,normal,6
2026-09-12T09:04:56+00:00,PRESS-RTP41-DEMO,BATCH-DEMO-001,17.343,3.389,0.655,502.025,45.115,32.328,1.182,31.012,0,normal,6
2026-09-12T09:04:57+00:00,PRESS-RTP41-DEMO,BATCH-DEMO-001,17.86,3.448,0.617,498.913,44.962,31.837,1.202,30.782,0,normal,6
2026-09-12T09:04:58+00:00,PRESS-RTP41-DEMO,BATCH-DEMO-001,18.12,3.521,0.668,499.073,44.898,32.246,1.188,31.238,0,normal,6
2026-09-12T09:04:59+00:00,PRESS-RTP41-DEMO,BATCH-DEMO-001,17.606,3.47,0.605,498.427,44.842,31.88,1.263,30.863,0,normal,6
2026-09-12T09:05:00+00:00,PRESS-RTP41-DEMO,BATCH-DEMO-001,18.171,3.327,0.634,502.64,45.092,32.068,1.25,31.069,0,normal,6
2026-09-12T09:05:01+00:00,PRESS-RTP41-DEMO,BATCH-DEMO-001,18.176,3.668,0.608,499.859,45.127,32.187,1.245,31.157,0,normal,6
2026-09-12T09:05:02+00:00,PRESS-RTP41-DEMO,BATCH-DEMO-001,17.86,3.338,0.701,499.998,44.89,32.009,1.165,31.121,0,normal,6
2026-09-12T09:05:03+00:00,PRESS-RTP41-DEMO,BATCH-DEMO-001,18.249,3.537,0.672,500.065,45.205,31.409,1.107,30.995,0,normal,6
2026-09-12T09:05:04+00:00,PRESS-RTP41-DEMO,BATCH-DEMO-001,17.884,3.386,0.675,498.043,45.043,32.031,1.205,30.9,0,normal,6
2026-09-12T09:05:05+00:00,PRESS-RTP41-DEMO,BATCH-DEMO-001,17.946,3.647,0.672,501.926,44.984,31.574,1.163,30.982,0,normal,6
2026-09-12T09:05:06+00:00,PRESS-RTP41-DEMO,BATCH-DEMO-001,18.364,3.636,0.667,498.287,45.026,31.935,1.181,30.852,0,normal,6
2026-09-12T09:05:07+00:00,PRESS-RTP41-DEMO,BATCH-DEMO-001,18.13,3.496,0.682,497.077,44.775,32.912,1.13,31.035,0,normal,6
2026-09-12T09:05:08+00:00,PRESS-RTP41-DEMO,BATCH-DEMO-001,18.123,3.382,0.719,499.869,45.03,32.455,1.137,30.941,0,normal,6
2026-09-12T09:05:09+00:00,PRESS-RTP41-DEMO,BATCH-DEMO-001,17.903,3.335,0.661,500.946,45.037,32.164,1.269,31.041,0,normal,6
2026-09-12T09:05:10+00:00,PRESS-RTP41-DEMO,BATCH-DEMO-001,17.932,3.646,0.622,502.793,44.961,32.191,1.346,30.728,0,normal,6
2026-09-12T09:05:11+00:00,PRESS-RTP41-DEMO,BATCH-DEMO-001,17.946,3.452,0.718,499.186,45.546,31.618,1.228,30.954,0,normal,6
2026-09-12T09:05:12+00:00,PRESS-RTP41-DEMO,BATCH-DEMO-001,18.141,3.432,0.632,496.354,45.022,31.626,1.095,31.01,0,normal,6
2026-09-12T09:05:13+00:00,PRESS-RTP41-DEMO,BATCH-DEMO-001,17.966,3.623,0.596,500.842,45.065,31.924,1.136,30.991,0,normal,6
2026-09-12T09:05:14+00:00,PRESS-RTP41-DEMO,BATCH-DEMO-001,18.248,3.455,0.684,499.452,45.345,32.007,1.186,30.807,0,normal,6
2026-09-12T09:05:15+00:00,PRESS-RTP41-DEMO,BATCH-DEMO-001,17.6,3.546,0.641,500.563,44.863,31.962,1.15,31.035,0,normal,6
2026-09-12T09:05:16+00:00,PRESS-RTP41-DEMO,BATCH-DEMO-001,17.939,3.724,0.622,502.238,44.789,31.884,1.133,31.151,0,normal,6
2026-09-12T09:05:17+00:00,PRESS-RTP41-DEMO,BATCH-DEMO-001,18.122,3.516,0.659,497.831,45.281,32.347,1.197,31.002,0,normal,6
2026-09-12T09:05:18+00:00,PRESS-RTP41-DEMO,BATCH-DEMO-001,18.182,3.479,0.642,499.014,44.931,31.881,1.258,30.961,0,normal,6
2026-09-12T09:05:19+00:00,PRESS-RTP41-DEMO,BATCH-DEMO-001,17.88,3.425,0.59,503.12,45.102,32.217,1.158,31.175,0,normal,6
2026-09-12T09:05:20+00:00,PRESS-RTP41-DEMO,BATCH-DEMO-001,18.041,3.674,0.649,499.911,44.894,32.019,1.218,31.179,0,normal,6
2026-09-12T09:05:21+00:00,PRESS-RTP41-DEMO,BATCH-DEMO-001,18.431,3.511,0.699,494.565,44.906,32.062,1.271,31.051,0,normal,6
2026-09-12T09:05:22+00:00,PRESS-RTP41-DEMO,BATCH-DEMO-001,17.984,3.445,0.618,503.804,45.224,32.327,1.201,30.936,0,normal,6
2026-09-12T09:05:23+00:00,PRESS-RTP41-DEMO,BATCH-DEMO-001,18.155,3.497,0.645,499.95,44.873,31.782,1.181,30.834,0,normal,6
2026-09-12T09:05:24+00:00,PRESS-RTP41-DEMO,BATCH-DEMO-001,18.168,3.601,0.619,496.345,45.079,32.06,1.202,30.84,0,normal,6
2026-09-12T09:05:25+00:00,PRESS-RTP41-DEMO,BATCH-DEMO-001,17.463,3.705,0.641,501.009,44.986,32.103,1.098,30.947,0,normal,6
2026-09-12T09:05:26+00:00,PRESS-RTP41-DEMO,BATCH-DEMO-001,17.62,3.37,0.622,496.387,44.908,31.822,1.105,30.984,0,normal,6
2026-09-12T09:05:27+00:00,PRESS-RTP41-DEMO,BATCH-DEMO-001,17.997,3.4,0.73,501.436,45.224,31.918,1.271,31.092,0,normal,6
2026-09-12T09:05:28+00:00,PRESS-RTP41-DEMO,BATCH-DEMO-001,17.715,3.418,0.767,499.178,45.097,31.946,1.267,30.881,0,normal,6
2026-09-12T09:05:29+00:00,PRESS-RTP41-DEMO,BATCH-DEMO-001,17.719,3.636,0.658,495.045,45.005,31.955,1.257,31.039,0,normal,6
2026-09-12T09:05:30+00:00,PRESS-RTP41-DEMO,BATCH-DEMO-001,18.096,3.51,0.662,497.695,44.837,31.787,1.093,31.095,0,normal,6
2026-09-12T09:05:31+00:00,PRESS-RTP41-DEMO,BATCH-DEMO-001,18.302,3.574,0.626,498.926,44.912,32.278,1.242,31.209,0,normal,6
2026-09-12T09:05:32+00:00,PRESS-RTP41-DEMO,BATCH-DEMO-001,17.729,3.473,0.6,497.166,44.969,31.916,1.159,30.816,0,normal,6
2026-09-12T09:05:33+00:00,PRESS-RTP41-DEMO,BATCH-DEMO-001,18.055,3.466,0.687,501.101,44.738,32.099,1.152,31.184,0,normal,6
2026-09-12T09:05:34+00:00,PRESS-RTP41-DEMO,BATCH-DEMO-001,17.992,3.44,0.634,496.998,45.255,32.53,1.062,30.97,0,normal,6
2026-09-12T09:05:35+00:00,PRESS-RTP41-DEMO,BATCH-DEMO-001,17.969,3.429,0.699,502.495,44.951,32.518,1.203,30.971,0,normal,6
2026-09-12T09:05:36+00:00,PRESS-RTP41-DEMO,BATCH-DEMO-001,18.078,3.41,0.708,501.233,44.929,31.954,1.127,31.032,0,normal,6
2026-09-12T09:05:37+00:00,PRESS-RTP41-DEMO,BATCH-DEMO-001,17.638,3.5,0.629,501.134,45.209,32.197,1.19,30.915,0,normal,6
2026-09-12T09:05:38+00:00,PRESS-RTP41-DEMO,BATCH-DEMO-001,17.916,3.498,0.67,498.864,44.807,32.043,1.309,31.225,0,normal,6
2026-09-12T09:05:39+00:00,PRESS-RTP41-DEMO,BATCH-DEMO-001,18.222,3.381,0.706,498.309,44.846,32.107,1.09,31.096,0,normal,6
2026-09-12T09:05:40+00:00,PRESS-RTP41-DEMO,BATCH-DEMO-001,17.985,3.548,0.617,501.693,45.103,31.909,1.276,30.681,0,normal,6
2026-09-12T09:05:41+00:00,PRESS-RTP41-DEMO,BATCH-DEMO-001,18.101,3.487,0.618,500.354,45.1,31.816,1.19,30.995,0,normal,6
2026-09-12T09:05:42+00:00,PRESS-RTP41-DEMO,BATCH-DEMO-001,18.11,3.647,0.631,502.634,44.739,32.075,1.062,31.009,0,normal,6
2026-09-12T09:05:43+00:00,PRESS-RTP41-DEMO,BATCH-DEMO-001,18.202,3.743,0.652,498.503,45.205,32.01,1.208,31.11,0,normal,6
2026-09-12T09:05:44+00:00,PRESS-RTP41-DEMO,BATCH-DEMO-001,18.306,3.292,0.652,499.967,44.786,31.594,1.195,30.944,0,normal,6
2026-09-12T09:05:45+00:00,PRESS-RTP41-DEMO,BATCH-DEMO-001,17.797,3.484,0.636,500.035,45.315,31.992,1.35,31.149,0,normal,6
2026-09-12T09:05:46+00:00,PRESS-RTP41-DEMO,BATCH-DEMO-001,18.271,3.413,0.638,498.161,45.083,31.983,1.235,31.036,0,normal,6
2026-09-12T09:05:47+00:00,PRESS-RTP41-DEMO,BATCH-DEMO-001,18.047,3.457,0.611,499.117,45.143,31.959,1.195,31.104,0,normal,6
2026-09-12T09:05:48+00:00,PRESS-RTP41-DEMO,BATCH-DEMO-001,18.137,3.323,0.647,498.257,44.989,32.098,1.241,31.2,0,normal,6
2026-09-12T09:05:49+00:00,PRESS-RTP41-DEMO,BATCH-DEMO-001,17.86,3.465,0.673,501.924,44.794,32.172,1.253,30.982,0,normal,6
2026-09-12T09:05:50+00:00,PRESS-RTP41-DEMO,BATCH-DEMO-001,17.921,3.588,0.667,500.801,44.854,31.569,1.192,30.967,0,normal,6
2026-09-12T09:05:51+00:00,PRESS-RTP41-DEMO,BATCH-DEMO-001,18.128,3.408,0.675,500.819,44.852,32.236,1.173,30.916,0,normal,6
2026-09-12T09:05:52+00:00,PRESS-RTP41-DEMO,BATCH-DEMO-001,18.07,3.498,0.614,501.24,44.998,31.81,1.06,31.051,0,normal,6
2026-09-12T09:05:53+00:00,PRESS-RTP41-DEMO,BATCH-DEMO-001,18.028,3.514,0.705,495.019,45.254,32.341,1.122,31.122,0,normal,6
2026-09-12T09:05:54+00:00,PRESS-RTP41-DEMO,BATCH-DEMO-001,17.773,3.375,0.646,503.655,45.072,32.012,1.271,30.925,0,normal,6
2026-09-12T09:05:55+00:00,PRESS-RTP41-DEMO,BATCH-DEMO-001,18.419,3.688,0.667,498.423,45.214,32.074,1.251,31.136,0,normal,6
2026-09-12T09:05:56+00:00,PRESS-RTP41-DEMO,BATCH-DEMO-001,18.122,3.392,0.71,500.559,45.065,32.154,1.225,31.09,0,normal,6
2026-09-12T09:05:57+00:00,PRESS-RTP41-DEMO,BATCH-DEMO-001,18.055,3.479,0.628,498.977,44.942,32.247,1.173,30.987,0,normal,6
2026-09-12T09:05:58+00:00,PRESS-RTP41-DEMO,BATCH-DEMO-001,17.972,3.564,0.676,503.949,44.721,31.943,1.246,30.798,0,normal,6
2026-09-12T09:05:59+00:00,PRESS-RTP41-DEMO,BATCH-DEMO-001,18.488,3.486,0.618,501.942,44.56,32.053,1.121,30.998,0,normal,6
2026-09-12T09:06:00+00:00,PRESS-RTP41-DEMO,BATCH-DEMO-001,18.105,3.595,0.666,504.173,45.012,31.915,1.298,30.992,0,normal,6
2026-09-12T09:06:01+00:00,PRESS-RTP41-DEMO,BATCH-DEMO-001,18.117,3.028,0.668,499.85,44.913,31.836,1.272,30.755,0,normal,6
2026-09-12T09:06:02+00:00,PRESS-RTP41-DEMO,BATCH-DEMO-001,18.882,3.638,0.665,503.801,45.055,31.776,1.282,30.804,0,normal,6
2026-09-12T09:06:03+00:00,PRESS-RTP41-DEMO,BATCH-DEMO-001,18.168,3.644,0.671,497.098,45.041,31.969,1.141,30.723,0,normal,6
2026-09-12T09:06:04+00:00,PRESS-RTP41-DEMO,BATCH-DEMO-001,17.668,3.44,0.695,505.506,45.171,31.803,1.166,31.13,0,normal,6
2026-09-12T09:06:05+00:00,PRESS-RTP41-DEMO,BATCH-DEMO-001,18.172,3.547,0.66,502.399,45.447,32.002,1.213,31.061,0,normal,6
2026-09-12T09:06:06+00:00,PRESS-RTP41-DEMO,BATCH-DEMO-001,17.871,3.237,0.67,498.533,45.263,32.046,1.32,30.897,0,normal,6
2026-09-12T09:06:07+00:00,PRESS-RTP41-DEMO,BATCH-DEMO-001,18.317,3.304,0.688,499.526,45.187,31.91,1.255,31.06,0,normal,6
2026-09-12T09:06:08+00:00,PRESS-RTP41-DEMO,BATCH-DEMO-001,18.107,3.553,0.717,498.877,45.281,31.911,1.297,31.281,0,normal,6
2026-09-12T09:06:09+00:00,PRESS-RTP41-DEMO,BATCH-DEMO-001,17.776,3.241,0.657,498.617,44.895,31.918,1.157,31.172,0,normal,6
2026-09-12T09:06:10+00:00,PRESS-RTP41-DEMO,BATCH-DEMO-001,18.315,3.639,0.742,498.458,44.501,32.506,1.22,30.993,0,normal,6
2026-09-12T09:06:11+00:00,PRESS-RTP41-DEMO,BATCH-DEMO-001,17.495,3.338,0.678,499.714,44.569,31.765,1.284,31.153,0,normal,6
2026-09-12T09:06:12+00:00,PRESS-RTP41-DEMO,BATCH-DEMO-001,18.06,3.84,0.691,503.621,45.267,32.208,1.093,30.808,0,normal,6
2026-09-12T09:06:13+00:00,PRESS-RTP41-DEMO,BATCH-DEMO-001,17.792,3.531,0.65,500.749,44.996,32.119,1.279,31.001,0,normal,6
2026-09-12T09:06:14+00:00,PRESS-RTP41-DEMO,BATCH-DEMO-001,17.919,3.185,0.685,498.453,44.818,32.217,1.273,31.082,0,normal,6
2026-09-12T09:06:15+00:00,PRESS-RTP41-DEMO,BATCH-DEMO-001,18.267,3.369,0.641,498.9,45.346,32.216,1.18,31.101,0,normal,6
2026-09-12T09:06:16+00:00,PRESS-RTP41-DEMO,BATCH-DEMO-001,18.105,3.486,0.669,501.701,44.972,31.687,1.228,30.968,0,normal,6
2026-09-12T09:06:17+00:00,PRESS-RTP41-DEMO,BATCH-DEMO-001,17.679,3.408,0.64,500.054,45.112,31.947,1.236,30.955,0,normal,6
2026-09-12T09:06:18+00:00,PRESS-RTP41-DEMO,BATCH-DEMO-001,18.153,3.548,0.673,502.874,44.943,31.602,1.194,31.097,0,normal,6
2026-09-12T09:06:19+00:00,PRESS-RTP41-DEMO,BATCH-DEMO-001,18.007,3.538,0.581,498.332,45.108,32.194,1.14,31.044,0,normal,6
2026-09-12T09:06:20+00:00,PRESS-RTP41-DEMO,BATCH-DEMO-001,17.801,3.362,0.653,500.434,45.079,32.183,1.334,31.114,0,normal,6
2026-09-12T09:06:21+00:00,PRESS-RTP41-DEMO,BATCH-DEMO-001,17.899,3.613,0.591,500.201,45.211,32.17,1.266,31.229,0,normal,6
2026-09-12T09:06:22+00:00,PRESS-RTP41-DEMO,BATCH-DEMO-001,17.793,3.595,0.646,502.229,45.024,32.196,1.324,31.076,0,normal,6
2026-09-12T09:06:23+00:00,PRESS-RTP41-DEMO,BATCH-DEMO-001,17.941,3.456,0.622,502.076,45.262,31.939,1.055,30.924,0,normal,6
2026-09-12T09:06:24+00:00,PRESS-RTP41-DEMO,BATCH-DEMO-001,18.122,3.386,0.572,499.111,44.592,32.081,1.168,31.007,0,normal,6
2026-09-12T09:06:25+00:00,PRESS-RTP41-DEMO,BATCH-DEMO-001,18.363,3.391,0.564,499.943,45.094,31.643,1.171,30.958,0,normal,6
2026-09-12T09:06:26+00:00,PRESS-RTP41-DEMO,BATCH-DEMO-001,18.008,3.426,0.757,499.475,45.037,31.879,0.989,31.166,0,normal,6
2026-09-12T09:06:27+00:00,PRESS-RTP41-DEMO,BATCH-DEMO-001,17.116,3.663,0.597,497.282,44.978,32.549,1.226,30.977,0,normal,6
2026-09-12T09:06:28+00:00,PRESS-RTP41-DEMO,BATCH-DEMO-001,17.785,3.578,0.635,501.428,44.607,32.132,1.225,30.837,0,normal,6
2026-09-12T09:06:29+00:00,PRESS-RTP41-DEMO,BATCH-DEMO-001,17.711,3.482,0.631,500.58,44.713,31.779,1.369,30.899,0,normal,6
2026-09-12T09:06:30+00:00,PRESS-RTP41-DEMO,BATCH-DEMO-001,17.881,3.479,0.639,502.414,44.886,32.214,1.132,31.093,0,normal,6
2026-09-12T09:06:31+00:00,PRESS-RTP41-DEMO,BATCH-DEMO-001,17.94,3.479,0.646,501.1,44.761,31.757,1.363,31.061,0,normal,6
2026-09-12T09:06:32+00:00,PRESS-RTP41-DEMO,BATCH-DEMO-001,17.899,3.577,0.648,495.497,45.032,31.97,1.228,30.907,0,normal,6
2026-09-12T09:06:33+00:00,PRESS-RTP41-DEMO,BATCH-DEMO-001,17.938,3.637,0.644,499.142,45.073,31.901,1.285,30.979,0,normal,6
2026-09-12T09:06:34+00:00,PRESS-RTP41-DEMO,BATCH-DEMO-001,18.102,3.416,0.6,501.439,45.052,32.159,1.259,30.824,0,normal,6
2026-09-12T09:06:35+00:00,PRESS-RTP41-DEMO,BATCH-DEMO-001,18.034,3.259,0.671,497.829,45.093,32.181,1.157,30.997,0,normal,6
2026-09-12T09:06:36+00:00,PRESS-RTP41-DEMO,BATCH-DEMO-001,18.342,3.302,0.676,500.237,45.19,31.587,1.2,31.133,0,normal,6
2026-09-12T09:06:37+00:00,PRESS-RTP41-DEMO,BATCH-DEMO-001,18.381,3.408,0.639,503.683,44.716,31.989,1.214,31.021,0,normal,6
2026-09-12T09:06:38+00:00,PRESS-RTP41-DEMO,BATCH-DEMO-001,17.738,3.616,0.686,503.632,44.841,31.88,1.288,31.218,0,normal,6
2026-09-12T09:06:39+00:00,PRESS-RTP41-DEMO,BATCH-DEMO-001,17.997,3.317,0.641,501.929,45.136,32.278,1.354,30.948,0,normal,6
2026-09-12T09:06:40+00:00,PRESS-RTP41-DEMO,BATCH-DEMO-001,17.747,3.356,0.645,502.038,45.345,32.055,1.201,30.984,0,normal,6
2026-09-12T09:06:41+00:00,PRESS-RTP41-DEMO,BATCH-DEMO-001,18.343,3.409,0.646,499.845,44.995,32.452,1.129,31.295,0,normal,6
2026-09-12T09:06:42+00:00,PRESS-RTP41-DEMO,BATCH-DEMO-001,17.817,3.402,0.624,501.297,44.997,32.28,1.134,30.799,0,normal,6
2026-09-12T09:06:43+00:00,PRESS-RTP41-DEMO,BATCH-DEMO-001,17.896,3.534,0.591,499.787,45.107,31.798,1.134,30.869,0,normal,6
2026-09-12T09:06:44+00:00,PRESS-RTP41-DEMO,BATCH-DEMO-001,17.96,3.555,0.76,502.33,44.748,31.616,1.191,31.189,0,normal,6
2026-09-12T09:06:45+00:00,PRESS-RTP41-DEMO,BATCH-DEMO-001,18.184,3.437,0.69,502.755,45.292,31.733,1.235,30.846,0,normal,6
2026-09-12T09:06:46+00:00,PRESS-RTP41-DEMO,BATCH-DEMO-001,17.774,3.347,0.64,497.128,45.155,31.997,1.131,31.058,0,normal,6
2026-09-12T09:06:47+00:00,PRESS-RTP41-DEMO,BATCH-DEMO-001,18.429,3.541,0.627,499.432,44.979,31.825,1.063,30.955,0,normal,6
2026-09-12T09:06:48+00:00,PRESS-RTP41-DEMO,BATCH-DEMO-001,18.348,3.401,0.573,499.822,45.221,31.569,1.215,31.049,0,normal,6
2026-09-12T09:06:49+00:00,PRESS-RTP41-DEMO,BATCH-DEMO-001,18.15,3.567,0.674,496.832,45.123,32.344,1.182,31.045,0,normal,6
2026-09-12T09:06:50+00:00,PRESS-RTP41-DEMO,BATCH-DEMO-001,17.716,3.656,0.625,503.299,44.924,32.169,1.157,31.225,0,normal,6
2026-09-12T09:06:51+00:00,PRESS-RTP41-DEMO,BATCH-DEMO-001,17.448,3.544,0.567,497.59,45.378,32.227,1.039,30.999,0,normal,6
2026-09-12T09:06:52+00:00,PRESS-RTP41-DEMO,BATCH-DEMO-001,17.826,3.568,0.724,501.308,45.087,32.127,1.113,31.084,0,normal,6
2026-09-12T09:06:53+00:00,PRESS-RTP41-DEMO,BATCH-DEMO-001,18.258,3.427,0.624,502.9,45.042,31.716,1.166,30.945,0,normal,6
2026-09-12T09:06:54+00:00,PRESS-RTP41-DEMO,BATCH-DEMO-001,17.982,3.491,0.64,503.348,45.166,32.371,1.064,31.013,0,normal,6
2026-09-12T09:06:55+00:00,PRESS-RTP41-DEMO,BATCH-DEMO-001,18.329,3.587,0.623,498.488,45.192,31.947,1.252,31.019,0,normal,6
2026-09-12T09:06:56+00:00,PRESS-RTP41-DEMO,BATCH-DEMO-001,17.967,3.514,0.617,503.402,45.11,32.35,1.158,30.935,0,normal,6
2026-09-12T09:06:57+00:00,PRESS-RTP41-DEMO,BATCH-DEMO-001,17.911,3.397,0.677,501.425,44.897,31.92,1.23,30.91,0,normal,6
2026-09-12T09:06:58+00:00,PRESS-RTP41-DEMO,BATCH-DEMO-001,17.885,3.687,0.62,498.966,45.501,31.468,1.105,31.216,0,normal,6
2026-09-12T09:06:59+00:00,PRESS-RTP41-DEMO,BATCH-DEMO-001,17.885,3.56,0.735,498.566,44.882,32.103,1.194,30.937,0,normal,6
2026-09-12T09:07:00+00:00,PRESS-RTP41-DEMO,BATCH-DEMO-001,17.963,3.341,0.669,501.669,44.968,31.944,1.244,30.935,0,normal,6
2026-09-12T09:07:01+00:00,PRESS-RTP41-DEMO,BATCH-DEMO-001,17.914,3.492,0.709,499.902,44.977,31.959,1.169,30.884,0,normal,6
2026-09-12T09:07:02+00:00,PRESS-RTP41-DEMO,BATCH-DEMO-001,17.743,3.603,0.627,500.185,44.905,31.668,1.163,31.168,0,normal,6
2026-09-12T09:07:03+00:00,PRESS-RTP41-DEMO,BATCH-DEMO-001,17.884,3.419,0.633,499.331,45.046,31.897,1.192,30.941,0,normal,6
2026-09-12T09:07:04+00:00,PRESS-RTP41-DEMO,BATCH-DEMO-001,18.1,3.537,0.658,501.266,44.98,32.303,1.237,31.179,0,normal,6
2026-09-12T09:07:05+00:00,PRESS-RTP41-DEMO,BATCH-DEMO-001,17.978,3.533,0.623,500.031,45.164,31.909,1.319,31.003,0,normal,6
2026-09-12T09:07:06+00:00,PRESS-RTP41-DEMO,BATCH-DEMO-001,18.443,3.374,0.639,499.007,45.202,32.161,1.194,30.945,0,normal,6
2026-09-12T09:07:07+00:00,PRESS-RTP41-DEMO,BATCH-DEMO-001,17.992,3.587,0.683,499.881,44.911,32.026,1.21,31.03,0,normal,6
2026-09-12T09:07:08+00:00,PRESS-RTP41-DEMO,BATCH-DEMO-001,17.873,3.709,0.625,503.025,45.279,32.237,1.35,31.067,0,normal,6
2026-09-12T09:07:09+00:00,PRESS-RTP41-DEMO,BATCH-DEMO-001,17.911,3.437,0.623,501.675,44.704,31.644,1.323,31.122,0,normal,6
2026-09-12T09:07:10+00:00,PRESS-RTP41-DEMO,BATCH-DEMO-001,18.116,3.611,0.681,499.626,44.706,32.321,1.236,30.835,0,normal,6
2026-09-12T09:07:11+00:00,PRESS-RTP41-DEMO,BATCH-DEMO-001,18.04,3.444,0.645,499.344,45.11,31.948,1.108,31.081,0,normal,6
2026-09-12T09:07:12+00:00,PRESS-RTP41-DEMO,BATCH-DEMO-001,18.136,3.329,0.666,501.775,44.97,32.047,1.139,30.79,0,normal,6
2026-09-12T09:07:13+00:00,PRESS-RTP41-DEMO,BATCH-DEMO-001,18.146,3.489,0.667,499.53,44.948,32.041,1.195,31.104,0,normal,6
2026-09-12T09:07:14+00:00,PRESS-RTP41-DEMO,BATCH-DEMO-001,17.881,3.327,0.656,497.394,44.493,31.726,1.165,30.904,0,normal,6
2026-09-12T09:07:15+00:00,PRESS-RTP41-DEMO,BATCH-DEMO-001,17.57,3.473,0.699,501.659,45.002,32.23,1.165,30.894,0,normal,6
2026-09-12T09:07:16+00:00,PRESS-RTP41-DEMO,BATCH-DEMO-001,18.19,3.37,0.663,499.949,44.927,31.885,1.291,30.809,0,normal,6
2026-09-12T09:07:17+00:00,PRESS-RTP41-DEMO,BATCH-DEMO-001,18.075,3.465,0.62,500.078,45.063,31.985,1.22,31.17,0,normal,6
2026-09-12T09:07:18+00:00,PRESS-RTP41-DEMO,BATCH-DEMO-001,17.832,3.55,0.58,500.914,44.627,32.158,1.162,31.02,0,normal,6
2026-09-12T09:07:19+00:00,PRESS-RTP41-DEMO,BATCH-DEMO-001,17.592,3.503,0.683,501.24,44.997,31.998,1.292,31.088,0,normal,6
2026-09-12T09:07:20+00:00,PRESS-RTP41-DEMO,BATCH-DEMO-001,17.825,3.43,0.623,499.929,44.768,31.46,1.183,31.03,0,normal,6
2026-09-12T09:07:21+00:00,PRESS-RTP41-DEMO,BATCH-DEMO-001,18.052,3.63,0.598,498.974,44.712,32.061,1.192,30.942,0,normal,6
2026-09-12T09:07:22+00:00,PRESS-RTP41-DEMO,BATCH-DEMO-001,18.012,3.415,0.609,503.161,45.162,31.954,1.077,30.974,0,normal,6
2026-09-12T09:07:23+00:00,PRESS-RTP41-DEMO,BATCH-DEMO-001,18.161,3.52,0.69,502.454,44.983,31.883,1.16,30.95,0,normal,6
2026-09-12T09:07:24+00:00,PRESS-RTP41-DEMO,BATCH-DEMO-001,18.253,3.449,0.583,500.93,44.98,31.883,1.043,31.14,0,normal,6
2026-09-12T09:07:25+00:00,PRESS-RTP41-DEMO,BATCH-DEMO-001,18.195,3.364,0.656,497.833,44.728,31.475,1.262,31.106,0,normal,6
2026-09-12T09:07:26+00:00,PRESS-RTP41-DEMO,BATCH-DEMO-001,17.913,3.493,0.72,498.489,44.763,32.032,1.244,30.964,0,normal,6
2026-09-12T09:07:27+00:00,PRESS-RTP41-DEMO,BATCH-DEMO-001,17.601,3.408,0.677,501.43,44.666,31.694,1.121,30.997,0,normal,6
2026-09-12T09:07:28+00:00,PRESS-RTP41-DEMO,BATCH-DEMO-001,18.618,3.466,0.652,498.406,45.517,31.85,1.159,31.019,0,normal,6
2026-09-12T09:07:29+00:00,PRESS-RTP41-DEMO,BATCH-DEMO-001,17.629,3.597,0.65,498.315,44.881,31.526,1.156,30.727,0,normal,6
2026-09-12T09:07:30+00:00,PRESS-RTP41-DEMO,BATCH-DEMO-001,17.874,3.441,0.626,498.834,44.832,32.309,1.315,30.98,0,normal,6
2026-09-12T09:07:31+00:00,PRESS-RTP41-DEMO,BATCH-DEMO-001,18.32,3.463,0.638,498.342,45.139,32.155,1.097,31.019,0,normal,6
2026-09-12T09:07:32+00:00,PRESS-RTP41-DEMO,BATCH-DEMO-001,17.855,3.392,0.649,496.162,44.913,32.472,1.235,30.864,0,normal,6
2026-09-12T09:07:33+00:00,PRESS-RTP41-DEMO,BATCH-DEMO-001,18.155,3.511,0.637,498.828,45.0,31.852,1.186,31.089,0,normal,6
2026-09-12T09:07:34+00:00,PRESS-RTP41-DEMO,BATCH-DEMO-001,18.228,3.344,0.631,503.214,45.359,32.092,1.329,31.145,0,normal,6
2026-09-12T09:07:35+00:00,PRESS-RTP41-DEMO,BATCH-DEMO-001,17.963,3.26,0.648,497.436,45.027,32.437,1.22,30.906,0,normal,6
2026-09-12T09:07:36+00:00,PRESS-RTP41-DEMO,BATCH-DEMO-001,17.673,3.264,0.574,503.254,45.171,31.967,1.188,30.994,0,normal,6
2026-09-12T09:07:37+00:00,PRESS-RTP41-DEMO,BATCH-DEMO-001,17.997,3.667,0.666,496.035,45.212,31.518,1.168,30.834,0,normal,6
2026-09-12T09:07:38+00:00,PRESS-RTP41-DEMO,BATCH-DEMO-001,18.011,3.349,0.595,497.907,45.163,31.954,1.253,31.163,0,normal,6
2026-09-12T09:07:39+00:00,PRESS-RTP41-DEMO,BATCH-DEMO-001,18.067,3.568,0.611,499.831,44.77,32.138,1.272,31.116,0,normal,6
2026-09-12T09:07:40+00:00,PRESS-RTP41-DEMO,BATCH-DEMO-001,17.992,3.607,0.644,498.877,45.1,32.181,1.376,31.087,0,normal,6
2026-09-12T09:07:41+00:00,PRESS-RTP41-DEMO,BATCH-DEMO-001,17.692,3.383,0.598,500.155,44.78,32.341,1.177,31.077,0,normal,6
2026-09-12T09:07:42+00:00,PRESS-RTP41-DEMO,BATCH-DEMO-001,18.042,3.541,0.609,499.933,44.915,31.975,1.21,31.082,0,normal,6
2026-09-12T09:07:43+00:00,PRESS-RTP41-DEMO,BATCH-DEMO-001,17.87,3.599,0.663,503.278,44.337,31.839,1.301,30.697,0,normal,6
2026-09-12T09:07:44+00:00,PRESS-RTP41-DEMO,BATCH-DEMO-001,18.416,3.51,0.568,501.451,44.789,31.772,1.317,30.954,0,normal,6
2026-09-12T09:07:45+00:00,PRESS-RTP41-DEMO,BATCH-DEMO-001,17.731,3.741,0.687,499.331,44.842,31.949,1.326,30.882,0,normal,6
2026-09-12T09:07:46+00:00,PRESS-RTP41-DEMO,BATCH-DEMO-001,17.643,3.653,0.639,500.201,45.105,31.902,1.006,30.975,0,normal,6
2026-09-12T09:07:47+00:00,PRESS-RTP41-DEMO,BATCH-DEMO-001,18.347,3.761,0.645,499.943,45.273,32.149,1.224,30.763,0,normal,6
2026-09-12T09:07:48+00:00,PRESS-RTP41-DEMO,BATCH-DEMO-001,17.883,3.526,0.589,499.268,45.342,31.936,1.085,30.774,0,normal,6
2026-09-12T09:07:49+00:00,PRESS-RTP41-DEMO,BATCH-DEMO-001,17.997,3.431,0.615,500.455,45.057,32.044,1.228,30.853,0,normal,6
2026-09-12T09:07:50+00:00,PRESS-RTP41-DEMO,BATCH-DEMO-001,17.821,3.461,0.648,501.979,44.854,31.806,1.319,31.019,0,normal,6
2026-09-12T09:07:51+00:00,PRESS-RTP41-DEMO,BATCH-DEMO-001,17.609,3.463,0.601,497.726,44.733,31.801,1.365,31.121,0,normal,6
2026-09-12T09:07:52+00:00,PRESS-RTP41-DEMO,BATCH-DEMO-001,18.387,3.631,0.645,500.807,45.021,31.733,1.107,31.108,0,normal,6
2026-09-12T09:07:53+00:00,PRESS-RTP41-DEMO,BATCH-DEMO-001,17.659,3.524,0.676,501.505,45.074,31.7,1.243,30.983,0,normal,6
2026-09-12T09:07:54+00:00,PRESS-RTP41-DEMO,BATCH-DEMO-001,17.726,3.261,0.668,496.895,44.659,32.437,1.104,30.95,0,normal,6
2026-09-12T09:07:55+00:00,PRESS-RTP41-DEMO,BATCH-DEMO-001,18.02,3.508,0.609,498.583,45.161,31.93,1.198,30.74,0,normal,6
2026-09-12T09:07:56+00:00,PRESS-RTP41-DEMO,BATCH-DEMO-001,17.839,3.603,0.621,498.097,45.075,32.15,1.227,30.932,0,normal,6
2026-09-12T09:07:57+00:00,PRESS-RTP41-DEMO,BATCH-DEMO-001,18.21,3.695,0.697,496.873,45.586,31.669,1.102,31.037,0,normal,6
2026-09-12T09:07:58+00:00,PRESS-RTP41-DEMO,BATCH-DEMO-001,17.974,3.543,0.702,501.861,44.821,32.018,1.281,31.126,0,normal,6
2026-09-12T09:07:59+00:00,PRESS-RTP41-DEMO,BATCH-DEMO-001,18.315,3.598,0.678,498.973,44.736,32.106,1.164,31.149,0,normal,6
2026-09-12T09:08:00+00:00,PRESS-RTP41-DEMO,BATCH-DEMO-001,17.756,3.454,0.633,501.934,45.15,32.006,1.223,31.194,0,normal,6
2026-09-12T09:08:01+00:00,PRESS-RTP41-DEMO,BATCH-DEMO-001,17.506,3.59,0.693,502.429,45.161,31.807,1.157,31.079,0,normal,6
2026-09-12T09:08:02+00:00,PRESS-RTP41-DEMO,BATCH-DEMO-001,17.835,3.476,0.59,497.615,45.069,31.893,1.139,30.977,0,normal,6
2026-09-12T09:08:03+00:00,PRESS-RTP41-DEMO,BATCH-DEMO-001,18.084,3.469,0.657,500.177,44.95,31.997,1.129,30.94,0,normal,6
2026-09-12T09:08:04+00:00,PRESS-RTP41-DEMO,BATCH-DEMO-001,17.486,3.36,0.603,499.202,45.226,31.998,1.212,30.887,0,normal,6
2026-09-12T09:08:05+00:00,PRESS-RTP41-DEMO,BATCH-DEMO-001,18.08,3.703,0.647,498.351,44.767,32.066,1.125,31.086,0,normal,6
2026-09-12T09:08:06+00:00,PRESS-RTP41-DEMO,BATCH-DEMO-001,17.717,3.301,0.669,497.413,45.121,32.259,1.153,31.025,0,normal,6
2026-09-12T09:08:07+00:00,PRESS-RTP41-DEMO,BATCH-DEMO-001,18.39,3.444,0.714,499.343,44.812,32.024,1.218,31.136,0,normal,6
2026-09-12T09:08:08+00:00,PRESS-RTP41-DEMO,BATCH-DEMO-001,18.248,3.544,0.676,500.362,45.158,31.87,1.113,31.025,0,normal,6
2026-09-12T09:08:09+00:00,PRESS-RTP41-DEMO,BATCH-DEMO-001,18.753,3.597,0.622,502.788,44.627,31.937,1.232,30.919,0,normal,6
2026-09-12T09:08:10+00:00,PRESS-RTP41-DEMO,BATCH-DEMO-001,17.834,3.48,0.628,498.432,44.783,31.61,1.123,30.988,0,normal,6
2026-09-12T09:08:11+00:00,PRESS-RTP41-DEMO,BATCH-DEMO-001,18.282,3.42,0.602,503.211,44.771,32.024,1.125,30.914,0,normal,6
2026-09-12T09:08:12+00:00,PRESS-RTP41-DEMO,BATCH-DEMO-001,18.108,3.555,0.701,501.338,45.031,32.156,1.118,31.145,0,normal,6
2026-09-12T09:08:13+00:00,PRESS-RTP41-DEMO,BATCH-DEMO-001,18.149,3.559,0.674,497.041,44.773,32.033,1.212,31.069,0,normal,6
2026-09-12T09:08:14+00:00,PRESS-RTP41-DEMO,BATCH-DEMO-001,18.03,3.478,0.7,500.699,45.149,32.299,1.301,31.038,0,normal,6
2026-09-12T09:08:15+00:00,PRESS-RTP41-DEMO,BATCH-DEMO-001,18.203,3.532,0.693,504.561,44.791,31.812,1.327,31.022,0,normal,6
2026-09-12T09:08:16+00:00,PRESS-RTP41-DEMO,BATCH-DEMO-001,17.88,3.417,0.687,501.121,45.402,31.977,1.272,31.198,0,normal,6
2026-09-12T09:08:17+00:00,PRESS-RTP41-DEMO,BATCH-DEMO-001,17.599,3.374,0.661,498.855,44.916,31.835,1.188,30.892,0,normal,6
2026-09-12T09:08:18+00:00,PRESS-RTP41-DEMO,BATCH-DEMO-001,17.642,3.546,0.655,501.958,45.104,32.106,1.26,30.89,0,normal,6
2026-09-12T09:08:19+00:00,PRESS-RTP41-DEMO,BATCH-DEMO-001,17.86,3.533,0.687,501.293,44.958,31.953,1.22,30.861,0,normal,6
2026-09-12T09:08:20+00:00,PRESS-RTP41-DEMO,BATCH-DEMO-001,18.238,3.593,0.687,501.987,45.2,31.529,1.218,30.828,0,normal,6
2026-09-12T09:08:21+00:00,PRESS-RTP41-DEMO,BATCH-DEMO-001,17.733,3.484,0.697,500.662,45.046,32.446,1.219,30.886,0,normal,6
2026-09-12T09:08:22+00:00,PRESS-RTP41-DEMO,BATCH-DEMO-001,17.61,3.395,0.654,496.919,45.088,32.077,1.142,31.012,0,normal,6
2026-09-12T09:08:23+00:00,PRESS-RTP41-DEMO,BATCH-DEMO-001,18.145,3.424,0.679,498.567,45.118,32.364,1.226,30.847,0,normal,6
2026-09-12T09:08:24+00:00,PRESS-RTP41-DEMO,BATCH-DEMO-001,18.025,3.51,0.616,497.481,44.924,32.217,1.265,31.144,0,normal,6
2026-09-12T09:08:25+00:00,PRESS-RTP41-DEMO,BATCH-DEMO-001,17.987,3.736,0.616,500.882,44.952,32.373,1.203,30.876,0,normal,6
2026-09-12T09:08:26+00:00,PRESS-RTP41-DEMO,BATCH-DEMO-001,18.068,3.365,0.615,501.853,44.996,32.214,1.13,31.156,0,normal,6
2026-09-12T09:08:27+00:00,PRESS-RTP41-DEMO,BATCH-DEMO-001,17.951,3.265,0.614,497.205,44.707,32.128,1.229,31.071,0,normal,6
2026-09-12T09:08:28+00:00,PRESS-RTP41-DEMO,BATCH-DEMO-001,17.794,3.564,0.591,499.034,44.968,31.857,1.208,30.997,0,normal,6
2026-09-12T09:08:29+00:00,PRESS-RTP41-DEMO,BATCH-DEMO-001,18.132,3.536,0.688,499.04,45.13,32.069,1.219,31.016,0,normal,6
2026-09-12T09:08:30+00:00,PRESS-RTP41-DEMO,BATCH-DEMO-001,17.396,3.73,0.613,498.407,44.936,31.672,1.34,30.926,0,normal,6
2026-09-12T09:08:31+00:00,PRESS-RTP41-DEMO,BATCH-DEMO-001,17.809,3.4,0.667,502.792,45.055,31.806,1.306,31.034,0,normal,6
2026-09-12T09:08:32+00:00,PRESS-RTP41-DEMO,BATCH-DEMO-001,17.798,3.491,0.655,500.474,45.0,32.006,1.349,31.34,0,normal,6
2026-09-12T09:08:33+00:00,PRESS-RTP41-DEMO,BATCH-DEMO-001,18.048,3.39,0.608,501.626,44.675,31.955,1.232,31.022,0,normal,6
2026-09-12T09:08:34+00:00,PRESS-RTP41-DEMO,BATCH-DEMO-001,17.887,3.721,0.682,499.058,45.157,31.954,1.159,30.951,0,normal,6
2026-09-12T09:08:35+00:00,PRESS-RTP41-DEMO,BATCH-DEMO-001,18.331,3.433,0.647,502.04,45.061,32.06,1.147,31.28,0,normal,6
2026-09-12T09:08:36+00:00,PRESS-RTP41-DEMO,BATCH-DEMO-001,18.229,3.216,0.702,497.428,44.726,31.826,1.301,30.967,0,normal,6
2026-09-12T09:08:37+00:00,PRESS-RTP41-DEMO,BATCH-DEMO-001,18.059,3.3,0.693,499.466,44.742,32.081,1.239,31.01,0,normal,6
2026-09-12T09:08:38+00:00,PRESS-RTP41-DEMO,BATCH-DEMO-001,18.362,3.57,0.71,499.89,45.022,32.216,1.293,30.96,0,normal,6
2026-09-12T09:08:39+00:00,PRESS-RTP41-DEMO,BATCH-DEMO-001,18.528,3.514,0.65,500.884,44.829,31.588,1.364,31.128,0,normal,6
2026-09-12T09:08:40+00:00,PRESS-RTP41-DEMO,BATCH-DEMO-001,17.741,3.516,0.675,499.024,45.287,31.876,1.279,30.924,0,normal,6
2026-09-12T09:08:41+00:00,PRESS-RTP41-DEMO,BATCH-DEMO-001,18.142,3.686,0.669,499.024,45.044,32.181,1.166,30.953,0,normal,6
2026-09-12T09:08:42+00:00,PRESS-RTP41-DEMO,BATCH-DEMO-001,18.493,3.668,0.623,497.363,44.743,31.721,1.177,30.991,0,normal,6
2026-09-12T09:08:43+00:00,PRESS-RTP41-DEMO,BATCH-DEMO-001,17.613,3.519,0.534,500.28,45.322,31.696,0.97,31.02,0,normal,6
2026-09-12T09:08:44+00:00,PRESS-RTP41-DEMO,BATCH-DEMO-001,18.196,3.451,0.659,502.582,45.338,32.15,1.101,31.02,0,normal,6
2026-09-12T09:08:45+00:00,PRESS-RTP41-DEMO,BATCH-DEMO-001,17.72,3.498,0.64,498.858,45.306,31.943,1.082,31.046,0,normal,6
2026-09-12T09:08:46+00:00,PRESS-RTP41-DEMO,BATCH-DEMO-001,18.192,3.506,0.619,499.135,44.882,31.874,1.144,30.973,0,normal,6
2026-09-12T09:08:47+00:00,PRESS-RTP41-DEMO,BATCH-DEMO-001,17.62,3.53,0.619,501.754,45.076,32.376,1.091,31.169,0,normal,6
2026-09-12T09:08:48+00:00,PRESS-RTP41-DEMO,BATCH-DEMO-001,17.967,3.574,0.686,501.922,45.012,32.114,1.193,31.087,0,normal,6
2026-09-12T09:08:49+00:00,PRESS-RTP41-DEMO,BATCH-DEMO-001,17.75,3.549,0.712,504.013,45.214,32.365,1.242,31.126,0,normal,6
2026-09-12T09:08:50+00:00,PRESS-RTP41-DEMO,BATCH-DEMO-001,18.545,3.493,0.586,499.659,45.037,31.794,1.104,30.941,0,normal,6
2026-09-12T09:08:51+00:00,PRESS-RTP41-DEMO,BATCH-DEMO-001,17.656,3.61,0.718,501.351,44.721,32.052,1.131,31.034,0,normal,6
2026-09-12T09:08:52+00:00,PRESS-RTP41-DEMO,BATCH-DEMO-001,17.77,3.618,0.678,499.359,45.101,32.016,1.338,30.772,0,normal,6
2026-09-12T09:08:53+00:00,PRESS-RTP41-DEMO,BATCH-DEMO-001,18.116,3.649,0.635,499.002,45.035,31.77,1.157,30.877,0,normal,6
2026-09-12T09:08:54+00:00,PRESS-RTP41-DEMO,BATCH-DEMO-001,17.95,3.249,0.626,501.117,44.924,31.897,1.272,31.189,0,normal,6
2026-09-12T09:08:55+00:00,PRESS-RTP41-DEMO,BATCH-DEMO-001,17.794,3.645,0.58,498.308,45.107,32.064,1.21,31.104,0,normal,6
2026-09-12T09:08:56+00:00,PRESS-RTP41-DEMO,BATCH-DEMO-001,17.943,3.592,0.63,498.745,44.625,32.169,1.131,31.121,0,normal,6
2026-09-12T09:08:57+00:00,PRESS-RTP41-DEMO,BATCH-DEMO-001,18.283,3.473,0.653,500.396,44.959,31.635,1.316,30.932,0,normal,6
2026-09-12T09:08:58+00:00,PRESS-RTP41-DEMO,BATCH-DEMO-001,18.148,3.535,0.662,500.438,45.182,31.782,1.279,31.02,0,normal,6
2026-09-12T09:08:59+00:00,PRESS-RTP41-DEMO,BATCH-DEMO-001,18.011,3.45,0.648,501.158,44.766,31.57,1.178,31.084,0,normal,6
2026-09-12T09:09:00+00:00,PRESS-RTP41-DEMO,BATCH-DEMO-001,20.416,3.665,0.702,502.805,45.29,32.066,1.245,30.918,0,compression_force_high,12
2026-09-12T09:09:01+00:00,PRESS-RTP41-DEMO,BATCH-DEMO-001,19.761,3.549,0.619,499.598,44.503,32.224,1.184,30.929,0,compression_force_high,6
2026-09-12T09:09:02+00:00,PRESS-RTP41-DEMO,BATCH-DEMO-001,20.203,3.402,0.616,498.058,44.717,31.948,1.173,31.103,0,compression_force_high,9
2026-09-12T09:09:03+00:00,PRESS-RTP41-DEMO,BATCH-DEMO-001,20.05,3.447,0.614,500.682,44.99,32.212,1.347,31.0,0,compression_force_high,7
2026-09-12T09:09:04+00:00,PRESS-RTP41-DEMO,BATCH-DEMO-001,20.702,3.41,0.645,500.05,45.428,31.715,1.189,31.002,0,compression_force_high,16
2026-09-12T09:09:05+00:00,PRESS-RTP41-DEMO,BATCH-DEMO-001,20.355,3.542,0.651,500.239,44.856,32.184,1.126,30.955,0,compression_force_high,11
2026-09-12T09:09:06+00:00,PRESS-RTP41-DEMO,BATCH-DEMO-001,20.817,3.668,0.62,501.246,44.983,32.261,1.209,31.204,0,compression_force_high,17
2026-09-12T09:09:07+00:00,PRESS-RTP41-DEMO,BATCH-DEMO-001,21.022,3.383,0.637,498.499,44.984,31.546,1.066,31.122,0,compression_force_high,20
2026-09-12T09:09:08+00:00,PRESS-RTP41-DEMO,BATCH-DEMO-001,20.702,3.59,0.614,497.898,44.961,32.346,1.206,31.022,0,compression_force_high,16
2026-09-12T09:09:09+00:00,PRESS-RTP41-DEMO,BATCH-DEMO-001,20.95,3.546,0.657,500.855,44.962,32.393,1.192,30.914,0,compression_force_high,19
2026-09-12T09:09:10+00:00,PRESS-RTP41-DEMO,BATCH-DEMO-001,20.824,3.614,0.631,501.448,45.215,31.162,1.062,31.048,0,compression_force_high,18
2026-09-12T09:09:11+00:00,PRESS-RTP41-DEMO,BATCH-DEMO-001,20.386,3.702,0.663,499.797,45.012,31.905,1.149,31.015,0,compression_force_high,11
2026-09-12T09:09:12+00:00,PRESS-RTP41-DEMO,BATCH-DEMO-001,20.941,3.314,0.66,499.101,45.017,31.812,1.212,30.871,0,compression_force_high,19
2026-09-12T09:09:13+00:00,PRESS-RTP41-DEMO,BATCH-DEMO-001,20.668,3.469,0.583,500.837,44.438,31.906,1.081,31.031,0,compression_force_high,15
2026-09-12T09:09:14+00:00,PRESS-RTP41-DEMO,BATCH-DEMO-001,20.593,3.598,0.642,499.574,45.224,31.884,1.198,31.171,0,compression_force_high,14
2026-09-12T09:09:15+00:00,PRESS-RTP41-DEMO,BATCH-DEMO-001,20.885,3.738,0.668,498.941,45.215,32.231,1.178,31.065,0,compression_force_high,18
2026-09-12T09:09:16+00:00,PRESS-RTP41-DEMO,BATCH-DEMO-001,20.69,3.56,0.651,499.74,45.338,32.114,1.094,31.025,0,compression_force_high,16
2026-09-12T09:09:17+00:00,PRESS-RTP41-DEMO,BATCH-DEMO-001,20.643,3.538,0.66,500.732,44.66,31.608,1.312,30.997,0,compression_force_high,15
2026-09-12T09:09:18+00:00,PRESS-RTP41-DEMO,BATCH-DEMO-001,21.115,3.563,0.629,496.623,45.102,32.129,1.34,30.976,0,compression_force_high,22
2026-09-12T09:09:19+00:00,PRESS-RTP41-DEMO,BATCH-DEMO-001,20.775,3.283,0.626,500.492,44.93,31.782,1.313,31.192,0,compression_force_high,17
2026-09-12T09:09:20+00:00,PRESS-RTP41-DEMO,BATCH-DEMO-001,20.468,3.512,0.633,502.97,45.047,32.149,1.125,31.159,0,compression_force_high,13
2026-09-12T09:09:21+00:00,PRESS-RTP41-DEMO,BATCH-DEMO-001,20.696,3.724,0.694,498.698,45.105,32.061,1.182,31.09,0,compression_force_high,16
2026-09-12T09:09:22+00:00,PRESS-RTP41-DEMO,BATCH-DEMO-001,20.786,3.503,0.625,498.511,45.015,32.045,1.286,30.837,0,compression_force_high,17
2026-09-12T09:09:23+00:00,PRESS-RTP41-DEMO,BATCH-DEMO-001,20.838,3.691,0.623,497.913,44.815,32.198,1.099,31.002,0,compression_force_high,18
2026-09-12T09:09:24+00:00,PRESS-RTP41-DEMO,BATCH-DEMO-001,20.633,3.431,0.638,499.251,44.926,31.987,1.222,30.946,0,compression_force_high,15
2026-09-12T09:09:25+00:00,PRESS-RTP41-DEMO,BATCH-DEMO-001,20.965,3.442,0.632,500.084,44.657,31.795,1.147,30.877,0,compression_force_high,20
2026-09-12T09:09:26+00:00,PRESS-RTP41-DEMO,BATCH-DEMO-001,20.782,3.412,0.614,502.032,45.416,32.248,1.224,31.135,0,compression_force_high,17
2026-09-12T09:09:27+00:00,PRESS-RTP41-DEMO,BATCH-DEMO-001,20.948,3.469,0.654,499.328,44.559,31.79,1.134,31.058,0,compression_force_high,19
2026-09-12T09:09:28+00:00,PRESS-RTP41-DEMO,BATCH-DEMO-001,20.739,3.284,0.649,500.573,45.154,32.091,1.391,30.896,0,compression_force_high,16
2026-09-12T09:09:29+00:00,PRESS-RTP41-DEMO,BATCH-DEMO-001,21.255,3.611,0.625,499.744,44.851,31.969,1.165,30.947,0,compression_force_high,24
2026-09-12T09:09:30+00:00,PRESS-RTP41-DEMO,BATCH-DEMO-001,20.899,3.376,0.695,501.756,44.861,32.216,1.116,30.786,0,compression_force_high,19
2026-09-12T09:09:31+00:00,PRESS-RTP41-DEMO,BATCH-DEMO-001,21.002,3.566,0.62,501.052,45.392,32.753,1.13,31.039,0,compression_force_high,20
2026-09-12T09:09:32+00:00,PRESS-RTP41-DEMO,BATCH-DEMO-001,20.583,3.84,0.633,501.72,45.019,31.736,1.183,30.838,0,compression_force_high,14
2026-09-12T09:09:33+00:00,PRESS-RTP41-DEMO,BATCH-DEMO-001,20.761,3.468,0.659,495.457,44.987,32.638,1.124,31.039,0,compression_force_high,17
2026-09-12T09:09:34+00:00,PRESS-RTP41-DEMO,BATCH-DEMO-001,20.835,3.161,0.61,498.633,45.169,31.991,1.182,31.081,0,compression_force_high,18
2026-09-12T09:09:35+00:00,PRESS-RTP41-DEMO,BATCH-DEMO-001,21.003,3.48,0.677,497.248,44.959,32.313,1.029,30.905,0,compression_force_high,20
2026-09-12T09:09:36+00:00,PRESS-RTP41-DEMO,BATCH-DEMO-001,21.024,3.527,0.637,500.86,44.823,32.245,1.216,31.218,0,compression_force_high,20
2026-09-12T09:09:37+00:00,PRESS-RTP41-DEMO,BATCH-DEMO-001,21.23,3.566,0.707,498.394,44.941,31.562,1.27,31.198,0,compression_force_high,23
2026-09-12T09:09:38+00:00,PRESS-RTP41-DEMO,BATCH-DEMO-001,20.871,3.354,0.695,498.525,44.899,32.385,1.171,30.978,0,compression_force_high,18
2026-09-12T09:09:39+00:00,PRESS-RTP41-DEMO,BATCH-DEMO-001,21.471,3.571,0.607,503.011,44.652,32.252,1.239,30.937,0,compression_force_high,27
2026-09-12T09:09:40+00:00,PRESS-RTP41-DEMO,BATCH-DEMO-001,20.815,3.367,0.719,500.249,44.874,32.143,1.296,31.038,0,compression_force_high,17
2026-09-12T09:09:41+00:00,PRESS-RTP41-DEMO,BATCH-DEMO-001,21.242,3.614,0.652,500.633,44.977,31.752,1.099,31.054,0,compression_force_high,23
2026-09-12T09:09:42+00:00,PRESS-RTP41-DEMO,BATCH-DEMO-001,20.862,3.497,0.64,501.941,45.056,32.077,1.177,30.983,0,compression_force_high,18
2026-09-12T09:09:43+00:00,PRESS-RTP41-DEMO,BATCH-DEMO-001,20.978,3.53,0.581,499.96,45.074,32.098,1.114,30.949,0,compression_force_high,20
2026-09-12T09:09:44+00:00,PRESS-RTP41-DEMO,BATCH-DEMO-001,20.98,3.435,0.601,497.827,45.002,32.096,1.212,30.895,0,compression_force_high,20
2026-09-12T09:09:45+00:00,PRESS-RTP41-DEMO,BATCH-DEMO-001,21.208,3.476,0.63,498.149,44.898,32.179,1.185,30.985,0,compression_force_high,23
2026-09-12T09:09:46+00:00,PRESS-RTP41-DEMO,BATCH-DEMO-001,20.833,3.835,0.559,495.944,44.895,32.05,1.342,31.062,0,compression_force_high,18
2026-09-12T09:09:47+00:00,PRESS-RTP41-DEMO,BATCH-DEMO-001,21.211,3.61,0.654,496.09,45.051,32.054,1.374,30.913,0,compression_force_high,23
2026-09-12T09:09:48+00:00,PRESS-RTP41-DEMO,BATCH-DEMO-001,21.492,3.337,0.711,500.265,45.167,32.176,1.254,31.012,0,compression_force_high,27
2026-09-12T09:09:49+00:00,PRESS-RTP41-DEMO,BATCH-DEMO-001,20.97,3.481,0.619,499.775,44.678,32.043,1.278,31.144,0,compression_force_high,20
2026-09-12T09:09:50+00:00,PRESS-RTP41-DEMO,BATCH-DEMO-001,21.535,3.518,0.644,499.49,45.078,32.179,1.227,30.839,0,compression_force_high,27
2026-09-12T09:09:51+00:00,PRESS-RTP41-DEMO,BATCH-DEMO-001,21.566,3.557,0.69,500.104,44.948,32.484,1.114,30.797,0,compression_force_high,28
2026-09-12T09:09:52+00:00,PRESS-RTP41-DEMO,BATCH-DEMO-001,21.752,3.529,0.633,498.83,44.599,32.467,1.256,31.061,0,compression_force_high,31
2026-09-12T09:09:53+00:00,PRESS-RTP41-DEMO,BATCH-DEMO-001,21.438,3.39,0.668,502.171,44.559,32.149,1.26,31.012,0,compression_force_high,26
2026-09-12T09:09:54+00:00,PRESS-RTP41-DEMO,BATCH-DEMO-001,20.972,3.48,0.632,500.726,44.894,32.191,1.159,30.938,0,compression_force_high,20
2026-09-12T09:09:55+00:00,PRESS-RTP41-DEMO,BATCH-DEMO-001,21.561,3.481,0.671,497.405,45.304,31.637,1.208,30.973,0,compression_force_high,28
2026-09-12T09:09:56+00:00,PRESS-RTP41-DEMO,BATCH-DEMO-001,21.033,3.467,0.699,503.478,44.953,31.911,1.05,31.206,0,compression_force_high,20
2026-09-12T09:09:57+00:00,PRESS-RTP41-DEMO,BATCH-DEMO-001,20.961,3.391,0.654,501.468,45.305,32.544,1.26,30.942,0,compression_force_high,19
2026-09-12T09:09:58+00:00,PRESS-RTP41-DEMO,BATCH-DEMO-001,21.089,3.479,0.682,501.91,45.123,31.526,1.155,31.175,0,compression_force_high,21
2026-09-12T09:09:59+00:00,PRESS-RTP41-DEMO,BATCH-DEMO-001,21.137,3.49,0.759,499.852,45.285,32.46,1.261,30.948,0,compression_force_high,22
2026-09-12T09:10:00+00:00,PRESS-RTP41-DEMO,BATCH-DEMO-001,20.662,3.397,0.676,501.184,45.234,31.724,1.216,30.754,0,compression_force_high,15
2026-09-12T09:10:01+00:00,PRESS-RTP41-DEMO,BATCH-DEMO-001,21.066,3.564,0.563,501.633,45.366,31.641,1.179,31.206,0,compression_force_high,21
2026-09-12T09:10:02+00:00,PRESS-RTP41-DEMO,BATCH-DEMO-001,21.467,3.548,0.654,497.256,44.973,32.322,1.207,31.087,0,compression_force_high,27
2026-09-12T09:10:03+00:00,PRESS-RTP41-DEMO,BATCH-DEMO-001,21.239,3.395,0.633,497.894,44.728,31.995,1.182,30.887,0,compression_force_high,23
2026-09-12T09:10:04+00:00,PRESS-RTP41-DEMO,BATCH-DEMO-001,21.548,3.388,0.667,500.997,45.333,32.086,1.263,31.009,0,compression_force_high,28
2026-09-12T09:10:05+00:00,PRESS-RTP41-DEMO,BATCH-DEMO-001,20.973,3.603,0.717,499.751,45.419,32.231,1.36,30.978,0,compression_force_high,20
2026-09-12T09:10:06+00:00,PRESS-RTP41-DEMO,BATCH-DEMO-001,21.132,3.507,0.621,500.397,44.952,32.041,1.193,30.883,0,compression_force_high,22
2026-09-12T09:10:07+00:00,PRESS-RTP41-DEMO,BATCH-DEMO-001,21.245,3.652,0.647,497.318,44.597,31.919,1.222,30.858,0,compression_force_high,23
2026-09-12T09:10:08+00:00,PRESS-RTP41-DEMO,BATCH-DEMO-001,20.906,3.567,0.778,501.744,44.801,31.971,1.19,30.847,0,compression_force_high,19
2026-09-12T09:10:09+00:00,PRESS-RTP41-DEMO,BATCH-DEMO-001,21.027,3.483,0.682,500.506,44.863,32.127,1.242,30.882,0,compression_force_high,20
2026-09-12T09:10:10+00:00,PRESS-RTP41-DEMO,BATCH-DEMO-001,21.092,3.577,0.695,500.811,45.236,32.367,1.078,31.057,0,compression_force_high,21
2026-09-12T09:10:11+00:00,PRESS-RTP41-DEMO,BATCH-DEMO-001,21.815,3.636,0.707,498.825,45.136,32.194,1.152,31.023,0,compression_force_high,31
2026-09-12T09:10:12+00:00,PRESS-RTP41-DEMO,BATCH-DEMO-001,21.087,3.398,0.663,502.103,45.0,32.384,1.319,30.882,0,compression_force_high,21
2026-09-12T09:10:13+00:00,PRESS-RTP41-DEMO,BATCH-DEMO-001,21.445,3.44,0.683,501.436,44.841,32.231,1.094,31.141,0,compression_force_high,26
2026-09-12T09:10:14+00:00,PRESS-RTP41-DEMO,BATCH-DEMO-001,20.804,3.479,0.622,501.352,45.051,31.452,1.092,30.93,0,compression_force_high,17
2026-09-12T09:10:15+00:00,PRESS-RTP41-DEMO,BATCH-DEMO-001,21.831,3.696,0.677,502.846,44.849,32.104,1.21,30.87,0,compression_force_high,32
2026-09-12T09:10:16+00:00,PRESS-RTP41-DEMO,BATCH-DEMO-001,21.415,3.457,0.668,500.991,44.89,31.867,1.048,31.061,0,compression_force_high,26
2026-09-12T09:10:17+00:00,PRESS-RTP41-DEMO,BATCH-DEMO-001,21.498,3.497,0.672,499.009,44.807,31.849,1.173,31.026,0,compression_force_high,27
2026-09-12T09:10:18+00:00,PRESS-RTP41-DEMO,BATCH-DEMO-001,21.37,3.447,0.597,499.185,44.651,31.835,1.243,31.021,0,compression_force_high,25
2026-09-12T09:10:19+00:00,PRESS-RTP41-DEMO,BATCH-DEMO-001,21.51,3.473,0.686,497.643,45.088,31.821,1.222,30.982,0,compression_force_high,27
2026-09-12T09:10:20+00:00,PRESS-RTP41-DEMO,BATCH-DEMO-001,21.415,3.537,0.624,497.574,44.903,31.686,1.212,30.927,0,compression_force_high,26
2026-09-12T09:10:21+00:00,PRESS-RTP41-DEMO,BATCH-DEMO-001,21.226,3.544,0.666,499.631,44.942,32.228,1.178,31.031,0,compression_force_high,23
2026-09-12T09:10:22+00:00,PRESS-RTP41-DEMO,BATCH-DEMO-001,21.276,3.567,0.644,501.036,44.945,31.812,1.104,30.975,0,compression_force_high,24
2026-09-12T09:10:23+00:00,PRESS-RTP41-DEMO,BATCH-DEMO-001,21.478,3.344,0.7,502.051,44.593,31.465,1.078,31.019,0,compression_force_high,27
2026-09-12T09:10:24+00:00,PRESS-RTP41-DEMO,BATCH-DEMO-001,22.37,3.358,0.637,502.666,44.901,32.279,1.275,30.996,1,compression_force_high,39
2026-09-12T09:10:25+00:00,PRESS-RTP41-DEMO,BATCH-DEMO-001,21.88,3.612,0.594,499.651,44.874,32.007,1.103,30.88,0,compression_force_high,32
2026-09-12T09:10:26+00:00,PRESS-RTP41-DEMO,BATCH-DEMO-001,21.662,3.499,0.705,500.421,45.286,32.328,1.291,30.576,0,compression_force_high,29
2026-09-12T09:10:27+00:00,PRESS-RTP41-DEMO,BATCH-DEMO-001,21.444,3.556,0.597,498.944,45.134,32.012,1.172,31.208,0,compression_force_high,26
2026-09-12T09:10:28+00:00,PRESS-RTP41-DEMO,BATCH-DEMO-001,21.555,3.633,0.648,500.198,44.928,31.79,1.182,30.836,0,compression_force_high,28
2026-09-12T09:10:29+00:00,PRESS-RTP41-DEMO,BATCH-DEMO-001,21.858,3.514,0.632,501.589,44.792,31.508,1.234,30.835,0,compression_force_high,32
2026-09-12T09:10:30+00:00,PRESS-RTP41-DEMO,BATCH-DEMO-001,21.309,3.52,0.689,498.443,44.822,32.377,1.087,31.102,0,compression_force_high,24
2026-09-12T09:10:31+00:00,PRESS-RTP41-DEMO,BATCH-DEMO-001,21.834,3.413,0.645,498.28,44.867,31.962,1.143,30.802,0,compression_force_high,32
2026-09-12T09:10:32+00:00,PRESS-RTP41-DEMO,BATCH-DEMO-001,21.926,3.427,0.682,499.692,45.563,32.14,1.092,30.835,0,compression_force_high,33
2026-09-12T09:10:33+00:00,PRESS-RTP41-DEMO,BATCH-DEMO-001,21.489,3.449,0.584,497.748,45.003,31.609,1.192,31.028,0,compression_force_high,27
2026-09-12T09:10:34+00:00,PRESS-RTP41-DEMO,BATCH-DEMO-001,21.472,3.572,0.653,502.187,45.133,31.947,1.187,31.055,0,compression_force_high,27
2026-09-12T09:10:35+00:00,PRESS-RTP41-DEMO,BATCH-DEMO-001,21.872,3.297,0.687,498.878,45.227,32.045,1.148,31.0,0,compression_force_high,32
2026-09-12T09:10:36+00:00,PRESS-RTP41-DEMO,BATCH-DEMO-001,22.183,3.41,0.582,499.489,45.252,32.397,1.283,30.746,1,compression_force_high,37
2026-09-12T09:10:37+00:00,PRESS-RTP41-DEMO,BATCH-DEMO-001,21.727,3.443,0.643,497.81,44.945,31.704,1.386,31.007,0,compression_force_high,30
2026-09-12T09:10:38+00:00,PRESS-RTP41-DEMO,BATCH-DEMO-001,21.662,3.351,0.688,501.167,45.232,32.087,1.163,30.913,0,compression_force_high,29
2026-09-12T09:10:39+00:00,PRESS-RTP41-DEMO,BATCH-DEMO-001,21.606,3.451,0.677,498.897,45.057,32.188,1.164,31.117,0,compression_force_high,28
2026-09-12T09:10:40+00:00,PRESS-RTP41-DEMO,BATCH-DEMO-001,21.951,3.546,0.649,500.347,44.828,31.79,1.22,31.107,0,compression_force_high,33
2026-09-12T09:10:41+00:00,PRESS-RTP41-DEMO,BATCH-DEMO-001,21.782,3.56,0.641,498.434,45.002,32.096,1.145,30.929,0,compression_force_high,31
2026-09-12T09:10:42+00:00,PRESS-RTP41-DEMO,BATCH-DEMO-001,21.721,3.522,0.591,500.549,45.052,32.051,1.155,31.034,0,compression_force_high,30
2026-09-12T09:10:43+00:00,PRESS-RTP41-DEMO,BATCH-DEMO-001,21.564,3.409,0.682,497.343,44.871,31.856,1.252,30.827,0,compression_force_high,28
2026-09-12T09:10:44+00:00,PRESS-RTP41-DEMO,BATCH-DEMO-001,21.722,3.37,0.716,499.447,44.896,32.028,1.269,30.751,0,compression_force_high,30
2026-09-12T09:10:45+00:00,PRESS-RTP41-DEMO,BATCH-DEMO-001,21.597,3.526,0.625,497.115,44.858,32.039,1.226,31.235,0,compression_force_high,28
2026-09-12T09:10:46+00:00,PRESS-RTP41-DEMO,BATCH-DEMO-001,21.454,3.322,0.602,501.946,44.821,31.62,1.265,30.911,0,compression_force_high,26
2026-09-12T09:10:47+00:00,PRESS-RTP41-DEMO,BATCH-DEMO-001,22.239,3.526,0.624,501.788,45.163,32.375,1.167,30.962,1,compression_force_high,37
2026-09-12T09:10:48+00:00,PRESS-RTP41-DEMO,BATCH-DEMO-001,22.352,3.633,0.66,498.3,44.791,31.642,1.121,30.975,1,compression_force_high,39
2026-09-12T09:10:49+00:00,PRESS-RTP41-DEMO,BATCH-DEMO-001,21.62,3.586,0.547,498.398,44.864,32.152,1.242,30.852,0,compression_force_high,29
2026-09-12T09:10:50+00:00,PRESS-RTP41-DEMO,BATCH-DEMO-001,22.031,3.375,0.662,497.56,45.026,32.367,1.363,31.13,1,compression_force_high,34
2026-09-12T09:10:51+00:00,PRESS-RTP41-DEMO,BATCH-DEMO-001,21.691,3.438,0.613,498.78,44.65,31.842,1.289,31.268,0,compression_force_high,30
2026-09-12T09:10:52+00:00,PRESS-RTP41-DEMO,BATCH-DEMO-001,22.115,3.524,0.677,496.839,44.831,32.201,1.181,30.956,1,compression_force_high,36
2026-09-12T09:10:53+00:00,PRESS-RTP41-DEMO,BATCH-DEMO-001,22.246,3.271,0.697,498.376,45.113,32.0,1.258,31.119,1,compression_force_high,37
2026-09-12T09:10:54+00:00,PRESS-RTP41-DEMO,BATCH-DEMO-001,21.737,3.6,0.67,502.851,44.894,32.297,1.258,30.947,0,compression_force_high,30
2026-09-12T09:10:55+00:00,PRESS-RTP41-DEMO,BATCH-DEMO-001,22.314,3.455,0.687,499.799,45.022,32.017,1.281,30.99,1,compression_force_high,38
2026-09-12T09:10:56+00:00,PRESS-RTP41-DEMO,BATCH-DEMO-001,22.209,3.572,0.616,501.848,45.295,32.128,1.232,30.898,1,compression_force_high,37
2026-09-12T09:10:57+00:00,PRESS-RTP41-DEMO,BATCH-DEMO-001,22.421,3.316,0.656,503.1,44.862,32.135,1.142,31.079,1,compression_force_high,40
2026-09-12T09:10:58+00:00,PRESS-RTP41-DEMO,BATCH-DEMO-001,21.677,3.451,0.624,500.203,44.66,32.377,1.225,30.941,0,compression_force_high,29
2026-09-12T09:10:59+00:00,PRESS-RTP41-DEMO,BATCH-DEMO-001,22.504,3.497,0.66,500.577,45.318,32.039,1.115,31.011,1,compression_force_high,41
2026-09-12T09:11:00+00:00,PRESS-RTP41-DEMO,BATCH-DEMO-001,22.218,3.497,0.624,498.384,44.661,32.12,1.133,30.923,1,compression_force_high,37
2026-09-12T09:11:01+00:00,PRESS-RTP41-DEMO,BATCH-DEMO-001,22.256,3.63,0.609,499.297,44.921,32.126,1.117,30.904,1,compression_force_high,38
2026-09-12T09:11:02+00:00,PRESS-RTP41-DEMO,BATCH-DEMO-001,22.244,3.428,0.609,499.978,44.817,31.932,1.303,30.979,1,compression_force_high,37
2026-09-12T09:11:03+00:00,PRESS-RTP41-DEMO,BATCH-DEMO-001,22.102,3.444,0.589,500.355,45.203,32.316,1.428,30.965,1,compression_force_high,35
2026-09-12T09:11:04+00:00,PRESS-RTP41-DEMO,BATCH-DEMO-001,22.21,3.368,0.724,501.983,45.192,32.149,1.189,30.695,1,compression_force_high,37
2026-09-12T09:11:05+00:00,PRESS-RTP41-DEMO,BATCH-DEMO-001,22.517,3.58,0.66,498.347,45.174,32.075,1.216,30.867,1,compression_force_high,41
2026-09-12T09:11:06+00:00,PRESS-RTP41-DEMO,BATCH-DEMO-001,21.866,3.489,0.646,497.92,45.347,31.89,1.195,31.031,0,compression_force_high,32
2026-09-12T09:11:07+00:00,PRESS-RTP41-DEMO,BATCH-DEMO-001,22.606,3.407,0.643,497.451,45.21,32.107,1.213,31.034,1,compression_force_high,42
2026-09-12T09:11:08+00:00,PRESS-RTP41-DEMO,BATCH-DEMO-001,22.715,3.487,0.627,498.842,45.206,32.147,1.238,30.922,1,compression_force_high,44
2026-09-12T09:11:09+00:00,PRESS-RTP41-DEMO,BATCH-DEMO-001,22.373,3.572,0.654,499.736,45.095,32.1,1.162,30.963,1,compression_force_high,39
2026-09-12T09:11:10+00:00,PRESS-RTP41-DEMO,BATCH-DEMO-001,21.753,3.572,0.646,503.099,44.643,32.042,1.247,30.916,0,compression_force_high,31
2026-09-12T09:11:11+00:00,PRESS-RTP41-DEMO,BATCH-DEMO-001,22.382,3.534,0.671,499.533,44.365,32.02,1.208,30.912,1,compression_force_high,39
2026-09-12T09:11:12+00:00,PRESS-RTP41-DEMO,BATCH-DEMO-001,21.889,3.563,0.666,503.159,44.839,32.296,1.201,30.94,0,compression_force_high,32
2026-09-12T09:11:13+00:00,PRESS-RTP41-DEMO,BATCH-DEMO-001,22.413,3.605,0.629,503.141,45.004,31.692,1.109,31.129,1,compression_force_high,40
2026-09-12T09:11:14+00:00,PRESS-RTP41-DEMO,BATCH-DEMO-001,22.132,3.511,0.654,499.775,45.196,31.88,1.111,30.724,1,compression_force_high,36
2026-09-12T09:11:15+00:00,PRESS-RTP41-DEMO,BATCH-DEMO-001,22.267,3.468,0.7,498.592,45.205,31.928,1.338,30.883,1,compression_force_high,38
2026-09-12T09:11:16+00:00,PRESS-RTP41-DEMO,BATCH-DEMO-001,22.201,3.581,0.698,501.688,44.733,32.272,1.199,30.805,1,compression_force_high,37
2026-09-12T09:11:17+00:00,PRESS-RTP41-DEMO,BATCH-DEMO-001,22.17,3.458,0.618,502.612,45.107,32.285,1.13,30.8,1,compression_force_high,36
2026-09-12T09:11:18+00:00,PRESS-RTP41-DEMO,BATCH-DEMO-001,22.467,3.504,0.685,501.32,45.031,32.2,1.206,31.025,1,compression_force_high,41
2026-09-12T09:11:19+00:00,PRESS-RTP41-DEMO,BATCH-DEMO-001,22.907,3.655,0.608,496.836,45.271,31.891,1.189,30.941,1,compression_force_high,47
2026-09-12T09:11:20+00:00,PRESS-RTP41-DEMO,BATCH-DEMO-001,22.458,3.45,0.602,496.43,44.522,31.736,1.298,30.887,1,compression_force_high,40
2026-09-12T09:11:21+00:00,PRESS-RTP41-DEMO,BATCH-DEMO-001,22.373,3.635,0.703,498.886,45.142,31.906,1.045,31.115,1,compression_force_high,39
2026-09-12T09:11:22+00:00,PRESS-RTP41-DEMO,BATCH-DEMO-001,22.424,3.395,0.658,500.667,45.033,31.758,1.186,31.037,1,compression_force_high,40
2026-09-12T09:11:23+00:00,PRESS-RTP41-DEMO,BATCH-DEMO-001,22.618,3.474,0.607,500.849,45.247,31.851,1.24,31.126,1,compression_force_high,43
2026-09-12T09:11:24+00:00,PRESS-RTP41-DEMO,BATCH-DEMO-001,22.716,3.661,0.661,502.815,45.27,31.793,1.225,31.028,1,compression_force_high,44
2026-09-12T09:11:25+00:00,PRESS-RTP41-DEMO,BATCH-DEMO-001,22.242,3.46,0.57,501.421,45.17,32.288,1.308,30.927,1,compression_force_high,37
2026-09-12T09:11:26+00:00,PRESS-RTP41-DEMO,BATCH-DEMO-001,22.402,3.685,0.693,498.525,44.528,31.943,1.115,31.008,1,compression_force_high,40
2026-09-12T09:11:27+00:00,PRESS-RTP41-DEMO,BATCH-DEMO-001,22.732,3.326,0.661,497.568,45.496,32.013,1.238,30.875,1,compression_force_high,44
2026-09-12T09:11:28+00:00,PRESS-RTP41-DEMO,BATCH-DEMO-001,21.876,3.385,0.612,502.345,44.77,32.207,1.234,30.987,0,compression_force_high,32
2026-09-12T09:11:29+00:00,PRESS-RTP41-DEMO,BATCH-DEMO-001,21.79,3.434,0.689,501.075,45.03,31.641,1.21,31.03,0,compression_force_high,31
2026-09-12T09:11:30+00:00,PRESS-RTP41-DEMO,BATCH-DEMO-001,22.364,3.552,0.622,495.984,44.871,31.827,1.298,31.086,1,compression_force_high,39
2026-09-12T09:11:31+00:00,PRESS-RTP41-DEMO,BATCH-DEMO-001,22.499,3.434,0.672,502.988,44.807,31.84,1.292,31.058,1,compression_force_high,41
2026-09-12T09:11:32+00:00,PRESS-RTP41-DEMO,BATCH-DEMO-001,22.404,3.639,0.672,498.114,45.055,31.998,1.332,31.073,1,compression_force_high,40
2026-09-12T09:11:33+00:00,PRESS-RTP41-DEMO,BATCH-DEMO-001,22.675,3.516,0.671,497.222,44.709,32.097,1.232,30.952,1,compression_force_high,43
2026-09-12T09:11:34+00:00,PRESS-RTP41-DEMO,BATCH-DEMO-001,21.994,3.369,0.672,500.254,44.872,31.768,1.221,30.982,0,compression_force_high,34
2026-09-12T09:11:35+00:00,PRESS-RTP41-DEMO,BATCH-DEMO-001,22.522,3.439,0.656,500.565,44.875,32.416,1.153,31.02,1,compression_force_high,41
2026-09-12T09:11:36+00:00,PRESS-RTP41-DEMO,BATCH-DEMO-001,22.146,3.38,0.687,501.453,45.043,31.832,1.228,30.881,1,compression_force_high,36
2026-09-12T09:11:37+00:00,PRESS-RTP41-DEMO,BATCH-DEMO-001,22.893,3.185,0.635,498.406,45.259,31.951,1.299,31.173,1,compression_force_high,47
2026-09-12T09:11:38+00:00,PRESS-RTP41-DEMO,BATCH-DEMO-001,22.734,3.303,0.62,499.002,45.08,32.095,1.094,31.094,1,compression_force_high,44
2026-09-12T09:11:39+00:00,PRESS-RTP41-DEMO,BATCH-DEMO-001,22.336,3.458,0.66,499.74,45.314,32.285,1.094,30.865,1,compression_force_high,39
2026-09-12T09:11:40+00:00,PRESS-RTP41-DEMO,BATCH-DEMO-001,22.955,3.514,0.675,500.05,45.246,32.193,1.263,30.919,1,compression_force_high,47
2026-09-12T09:11:41+00:00,PRESS-RTP41-DEMO,BATCH-DEMO-001,22.817,3.307,0.64,498.729,44.845,31.766,1.039,31.149,1,compression_force_high,45
2026-09-12T09:11:42+00:00,PRESS-RTP41-DEMO,BATCH-DEMO-001,22.6,3.479,0.67,502.13,45.267,31.892,1.215,30.891,1,compression_force_high,42
2026-09-12T09:11:43+00:00,PRESS-RTP41-DEMO,BATCH-DEMO-001,22.879,3.503,0.686,501.655,45.156,32.134,1.207,30.851,1,compression_force_high,46
2026-09-12T09:11:44+00:00,PRESS-RTP41-DEMO,BATCH-DEMO-001,22.779,3.702,0.633,498.645,45.124,32.419,1.117,30.71,1,compression_force_high,45
2026-09-12T09:11:45+00:00,PRESS-RTP41-DEMO,BATCH-DEMO-001,22.528,3.512,0.644,499.479,44.899,31.838,1.134,31.043,1,compression_force_high,41
2026-09-12T09:11:46+00:00,PRESS-RTP41-DEMO,BATCH-DEMO-001,22.874,3.31,0.713,500.883,45.111,31.929,1.22,30.865,1,compression_force_high,46
2026-09-12T09:11:47+00:00,PRESS-RTP41-DEMO,BATCH-DEMO-001,23.17,3.67,0.64,497.363,44.939,32.148,1.168,30.905,1,compression_force_high,50
2026-09-12T09:11:48+00:00,PRESS-RTP41-DEMO,BATCH-DEMO-001,22.785,3.395,0.703,501.891,45.133,31.823,1.217,31.133,1,compression_force_high,45
2026-09-12T09:11:49+00:00,PRESS-RTP41-DEMO,BATCH-DEMO-001,22.167,3.525,0.706,503.623,44.81,32.069,1.284,31.145,1,compression_force_high,36
2026-09-12T09:11:50+00:00,PRESS-RTP41-DEMO,BATCH-DEMO-001,22.252,3.259,0.656,500.997,44.975,31.918,1.302,31.177,1,compression_force_high,38
2026-09-12T09:11:51+00:00,PRESS-RTP41-DEMO,BATCH-DEMO-001,22.614,3.519,0.604,503.471,44.719,31.732,1.129,30.874,1,compression_force_high,43
2026-09-12T09:11:52+00:00,PRESS-RTP41-DEMO,BATCH-DEMO-001,23.151,3.779,0.66,499.328,45.144,31.773,1.307,30.996,1,compression_force_high,50
2026-09-12T09:11:53+00:00,PRESS-RTP41-DEMO,BATCH-DEMO-001,22.924,3.417,0.642,496.761,45.004,32.223,1.052,30.879,1,compression_force_high,47
2026-09-12T09:11:54+00:00,PRESS-RTP41-DEMO,BATCH-DEMO-001,22.687,3.463,0.646,499.91,45.057,31.991,1.065,31.038,1,compression_force_high,44
2026-09-12T09:11:55+00:00,PRESS-RTP41-DEMO,BATCH-DEMO-001,23.17,3.531,0.579,500.465,45.095,31.753,1.206,31.153,1,compression_force_high,50
2026-09-12T09:11:56+00:00,PRESS-RTP41-DEMO,BATCH-DEMO-001,23.3,3.515,0.67,499.67,44.918,32.346,1.277,31.074,1,compression_force_high,52
2026-09-12T09:11:57+00:00,PRESS-RTP41-DEMO,BATCH-DEMO-001,22.713,3.676,0.692,497.417,45.218,32.042,1.222,30.758,1,compression_force_high,44
2026-09-12T09:11:58+00:00,PRESS-RTP41-DEMO,BATCH-DEMO-001,22.464,3.619,0.619,501.625,44.735,31.631,1.353,31.109,1,compression_force_high,40
2026-09-12T09:11:59+00:00,PRESS-RTP41-DEMO,BATCH-DEMO-001,22.851,3.527,0.622,500.712,45.236,31.896,1.239,30.797,1,compression_force_high,46
2026-09-12T09:12:00+00:00,PRESS-RTP41-DEMO,BATCH-DEMO-001,23.404,3.621,0.649,499.331,45.282,31.874,1.23,30.962,1,compression_force_high,54
2026-09-12T09:12:01+00:00,PRESS-RTP41-DEMO,BATCH-DEMO-001,22.655,3.625,0.634,500.928,44.931,31.966,1.186,30.921,1,compression_force_high,43
2026-09-12T09:12:02+00:00,PRESS-RTP41-DEMO,BATCH-DEMO-001,23.132,3.49,0.685,501.494,45.244,31.877,1.253,30.979,1,compression_force_high,50
2026-09-12T09:12:03+00:00,PRESS-RTP41-DEMO,BATCH-DEMO-001,22.934,3.414,0.631,501.26,44.932,31.818,1.268,31.043,1,compression_force_high,47
2026-09-12T09:12:04+00:00,PRESS-RTP41-DEMO,BATCH-DEMO-001,22.612,3.513,0.695,502.192,44.893,31.722,1.171,31.161,1,compression_force_high,43
2026-09-12T09:12:05+00:00,PRESS-RTP41-DEMO,BATCH-DEMO-001,23.175,3.225,0.684,495.564,45.387,32.211,1.168,31.013,1,compression_force_high,50
2026-09-12T09:12:06+00:00,PRESS-RTP41-DEMO,BATCH-DEMO-001,23.165,3.441,0.669,499.741,44.95,32.381,1.037,31.006,1,compression_force_high,50
2026-09-12T09:12:07+00:00,PRESS-RTP41-DEMO,BATCH-DEMO-001,22.603,3.478,0.622,505.093,44.897,31.966,1.151,31.107,1,compression_force_high,42
2026-09-12T09:12:08+00:00,PRESS-RTP41-DEMO,BATCH-DEMO-001,22.864,3.421,0.725,501.562,45.054,32.603,1.149,30.902,1,compression_force_high,46
2026-09-12T09:12:09+00:00,PRESS-RTP41-DEMO,BATCH-DEMO-001,22.798,3.644,0.625,502.381,44.874,31.546,1.136,31.034,1,compression_force_high,45
2026-09-12T09:12:10+00:00,PRESS-RTP41-DEMO,BATCH-DEMO-001,23.367,3.656,0.665,501.368,44.471,32.066,1.203,30.963,1,compression_force_high,53
2026-09-12T09:12:11+00:00,PRESS-RTP41-DEMO,BATCH-DEMO-001,22.86,3.606,0.696,503.929,44.961,31.801,1.351,30.962,1,compression_force_high,46
2026-09-12T09:12:12+00:00,PRESS-RTP41-DEMO,BATCH-DEMO-001,22.914,3.334,0.667,501.211,45.169,32.056,1.244,31.067,1,compression_force_high,47
2026-09-12T09:12:13+00:00,PRESS-RTP41-DEMO,BATCH-DEMO-001,23.217,3.641,0.684,500.378,44.893,32.201,1.154,30.982,1,compression_force_high,51
2026-09-12T09:12:14+00:00,PRESS-RTP41-DEMO,BATCH-DEMO-001,22.886,3.756,0.611,501.328,45.135,32.219,1.197,31.01,1,compression_force_high,46
2026-09-12T09:12:15+00:00,PRESS-RTP41-DEMO,BATCH-DEMO-001,23.045,3.174,0.619,502.728,44.837,32.034,1.411,30.884,1,compression_force_high,49
2026-09-12T09:12:16+00:00,PRESS-RTP41-DEMO,BATCH-DEMO-001,22.972,3.47,0.57,498.263,44.714,32.136,1.18,30.744,1,compression_force_high,48
2026-09-12T09:12:17+00:00,PRESS-RTP41-DEMO,BATCH-DEMO-001,23.354,3.617,0.636,501.893,45.117,31.771,1.222,31.022,1,compression_force_high,53
2026-09-12T09:12:18+00:00,PRESS-RTP41-DEMO,BATCH-DEMO-001,22.906,3.377,0.666,504.613,44.993,32.053,1.116,30.969,1,compression_force_high,47
2026-09-12T09:12:19+00:00,PRESS-RTP41-DEMO,BATCH-DEMO-001,23.097,3.455,0.624,499.903,44.887,32.31,1.364,30.909,1,compression_force_high,49
2026-09-12T09:12:20+00:00,PRESS-RTP41-DEMO,BATCH-DEMO-001,23.065,3.552,0.673,498.473,44.886,32.147,1.069,31.266,1,compression_force_high,49
2026-09-12T09:12:21+00:00,PRESS-RTP41-DEMO,BATCH-DEMO-001,23.264,3.464,0.644,497.853,45.361,31.979,1.165,31.211,1,compression_force_high,52
2026-09-12T09:12:22+00:00,PRESS-RTP41-DEMO,BATCH-DEMO-001,23.482,3.477,0.667,499.336,44.928,31.945,1.224,31.131,1,compression_force_high,55
2026-09-12T09:12:23+00:00,PRESS-RTP41-DEMO,BATCH-DEMO-001,23.76,3.239,0.743,502.049,45.003,31.892,1.051,31.143,1,compression_force_high,59
2026-09-12T09:12:24+00:00,PRESS-RTP41-DEMO,BATCH-DEMO-001,22.914,3.578,0.633,496.749,45.084,32.122,1.125,31.103,1,compression_force_high,47
2026-09-12T09:12:25+00:00,PRESS-RTP41-DEMO,BATCH-DEMO-001,23.739,3.559,0.667,498.532,44.792,31.898,1.206,31.001,1,compression_force_high,58
2026-09-12T09:12:26+00:00,PRESS-RTP41-DEMO,BATCH-DEMO-001,23.191,3.799,0.673,498.047,44.76,31.565,1.119,31.069,1,compression_force_high,51
2026-09-12T09:12:27+00:00,PRESS-RTP41-DEMO,BATCH-DEMO-001,23.18,3.417,0.674,501.098,45.074,31.997,1.197,30.842,1,compression_force_high,51
2026-09-12T09:12:28+00:00,PRESS-RTP41-DEMO,BATCH-DEMO-001,22.757,3.403,0.618,498.362,44.965,31.881,1.096,30.988,1,compression_force_high,45
2026-09-12T09:12:29+00:00,PRESS-RTP41-DEMO,BATCH-DEMO-001,23.381,3.441,0.683,500.631,45.078,31.907,1.233,31.082,1,compression_force_high,53
2026-09-12T09:12:30+00:00,PRESS-RTP41-DEMO,BATCH-DEMO-001,22.76,3.628,0.63,501.301,44.539,31.891,1.064,30.982,1,compression_force_high,45
2026-09-12T09:12:31+00:00,PRESS-RTP41-DEMO,BATCH-DEMO-001,23.364,3.549,0.651,497.495,45.261,31.664,1.173,30.907,1,compression_force_high,53
2026-09-12T09:12:32+00:00,PRESS-RTP41-DEMO,BATCH-DEMO-001,23.158,3.332,0.693,501.492,45.014,31.964,1.123,30.987,1,compression_force_high,50
2026-09-12T09:12:33+00:00,PRESS-RTP41-DEMO,BATCH-DEMO-001,23.086,3.51,0.666,499.506,45.08,32.146,1.264,31.237,1,compression_force_high,49
2026-09-12T09:12:34+00:00,PRESS-RTP41-DEMO,BATCH-DEMO-001,22.954,3.352,0.601,499.604,44.681,31.867,1.267,31.088,1,compression_force_high,47
2026-09-12T09:12:35+00:00,PRESS-RTP41-DEMO,BATCH-DEMO-001,23.826,3.602,0.691,498.942,44.928,32.22,1.269,30.77,1,compression_force_high,60
2026-09-12T09:12:36+00:00,PRESS-RTP41-DEMO,BATCH-DEMO-001,22.991,3.383,0.616,502.635,45.361,32.082,1.227,31.233,1,compression_force_high,48
2026-09-12T09:12:37+00:00,PRESS-RTP41-DEMO,BATCH-DEMO-001,23.519,3.567,0.665,500.749,45.27,32.182,1.207,30.953,1,compression_force_high,55
2026-09-12T09:12:38+00:00,PRESS-RTP41-DEMO,BATCH-DEMO-001,23.479,3.3,0.668,500.252,45.064,31.711,1.237,31.022,1,compression_force_high,55
2026-09-12T09:12:39+00:00,PRESS-RTP41-DEMO,BATCH-DEMO-001,23.418,3.544,0.617,497.087,45.091,31.45,1.248,31.248,1,compression_force_high,54
2026-09-12T09:12:40+00:00,PRESS-RTP41-DEMO,BATCH-DEMO-001,23.537,3.602,0.715,502.088,45.455,31.782,1.173,31.058,1,compression_force_high,56
2026-09-12T09:12:41+00:00,PRESS-RTP41-DEMO,BATCH-DEMO-001,22.994,3.499,0.653,502.596,45.213,32.192,1.256,31.007,1,compression_force_high,48
2026-09-12T09:12:42+00:00,PRESS-RTP41-DEMO,BATCH-DEMO-001,23.542,3.591,0.69,498.562,45.09,31.981,1.221,31.139,1,compression_force_high,56
2026-09-12T09:12:43+00:00,PRESS-RTP41-DEMO,BATCH-DEMO-001,23.403,3.389,0.614,498.854,45.122,31.959,1.152,31.093,1,compression_force_high,54
2026-09-12T09:12:44+00:00,PRESS-RTP41-DEMO,BATCH-DEMO-001,23.531,3.584,0.738,503.763,45.069,32.085,1.289,31.153,1,compression_force_high,55
2026-09-12T09:12:45+00:00,PRESS-RTP41-DEMO,BATCH-DEMO-001,23.4,3.353,0.685,500.45,45.122,32.136,1.144,30.939,1,compression_force_high,54
2026-09-12T09:12:46+00:00,PRESS-RTP41-DEMO,BATCH-DEMO-001,23.813,3.481,0.619,499.449,45.08,31.872,1.339,31.097,1,compression_force_high,59
2026-09-12T09:12:47+00:00,PRESS-RTP41-DEMO,BATCH-DEMO-001,23.109,3.528,0.713,506.593,44.906,32.006,1.091,31.067,1,compression_force_high,51
2026-09-12T09:12:48+00:00,PRESS-RTP41-DEMO,BATCH-DEMO-001,23.674,3.534,0.607,501.563,45.366,32.34,1.229,30.994,1,compression_force_high,57
2026-09-12T09:12:49+00:00,PRESS-RTP41-DEMO,BATCH-DEMO-001,23.805,3.483,0.549,496.564,45.274,32.333,1.19,30.904,1,compression_force_high,59
2026-09-12T09:12:50+00:00,PRESS-RTP41-DEMO,BATCH-DEMO-001,23.483,3.346,0.64,503.494,44.875,31.801,1.092,31.025,1,compression_force_high,55
2026-09-12T09:12:51+00:00,PRESS-RTP41-DEMO,BATCH-DEMO-001,23.314,3.578,0.638,503.363,45.118,32.119,1.087,31.003,1,compression_force_high,52
2026-09-12T09:12:52+00:00,PRESS-RTP41-DEMO,BATCH-DEMO-001,23.678,3.541,0.664,500.245,44.766,31.398,1.111,31.122,1,compression_force_high,57
2026-09-12T09:12:53+00:00,PRESS-RTP41-DEMO,BATCH-DEMO-001,23.831,3.637,0.663,500.454,45.003,31.573,1.214,30.922,1,compression_force_high,60
2026-09-12T09:12:54+00:00,PRESS-RTP41-DEMO,BATCH-DEMO-001,23.449,3.381,0.647,501.83,45.16,31.757,1.219,30.991,1,compression_force_high,54
2026-09-12T09:12:55+00:00,PRESS-RTP41-DEMO,BATCH-DEMO-001,23.07,3.613,0.624,501.161,44.842,32.194,1.3,31.031,1,compression_force_high,49
2026-09-12T09:12:56+00:00,PRESS-RTP41-DEMO,BATCH-DEMO-001,23.799,3.422,0.637,497.762,45.211,32.297,1.162,31.005,1,compression_force_high,59
2026-09-12T09:12:57+00:00,PRESS-RTP41-DEMO,BATCH-DEMO-001,23.473,3.343,0.629,497.606,44.612,32.074,1.12,30.995,1,compression_force_high,55
2026-09-12T09:12:58+00:00,PRESS-RTP41-DEMO,BATCH-DEMO-001,22.929,3.511,0.622,498.749,45.174,31.969,1.224,31.006,1,compression_force_high,47
2026-09-12T09:12:59+00:00,PRESS-RTP41-DEMO,BATCH-DEMO-001,23.821,3.405,0.65,499.534,45.142,31.856,1.26,31.063,1,compression_force_high,59
2026-09-12T09:13:00+00:00,PRESS-RTP41-DEMO,BATCH-DEMO-001,23.537,3.587,0.634,498.72,44.84,31.731,1.225,30.976,1,compression_force_high,56
2026-09-12T09:13:01+00:00,PRESS-RTP41-DEMO,BATCH-DEMO-001,23.627,3.602,0.685,500.22,44.613,32.121,1.043,30.893,1,compression_force_high,57
2026-09-12T09:13:02+00:00,PRESS-RTP41-DEMO,BATCH-DEMO-001,23.682,3.684,0.551,496.937,44.857,32.173,1.069,30.904,1,compression_force_high,58
2026-09-12T09:13:03+00:00,PRESS-RTP41-DEMO,BATCH-DEMO-001,24.08,3.606,0.626,502.028,45.017,31.773,1.143,30.925,1,compression_force_high,63
2026-09-12T09:13:04+00:00,PRESS-RTP41-DEMO,BATCH-DEMO-001,23.451,3.555,0.69,497.12,45.133,31.739,1.194,31.036,1,compression_force_high,54
2026-09-12T09:13:05+00:00,PRESS-RTP41-DEMO,BATCH-DEMO-001,24.051,3.497,0.66,503.259,45.323,32.263,1.26,31.061,1,compression_force_high,63
2026-09-12T09:13:06+00:00,PRESS-RTP41-DEMO,BATCH-DEMO-001,24.239,3.588,0.623,500.212,45.082,31.652,1.154,31.205,1,compression_force_high,65
2026-09-12T09:13:07+00:00,PRESS-RTP41-DEMO,BATCH-DEMO-001,23.475,3.561,0.663,501.93,44.845,31.806,1.204,30.925,1,compression_force_high,55
2026-09-12T09:13:08+00:00,PRESS-RTP41-DEMO,BATCH-DEMO-001,24.24,3.522,0.684,498.008,45.118,32.622,1.196,30.865,1,compression_force_high,65
2026-09-12T09:13:09+00:00,PRESS-RTP41-DEMO,BATCH-DEMO-001,24.139,3.443,0.598,497.745,44.764,32.131,1.132,30.896,1,compression_force_high,64
2026-09-12T09:13:10+00:00,PRESS-RTP41-DEMO,BATCH-DEMO-001,23.729,3.551,0.686,502.466,44.934,32.254,1.137,31.205,1,compression_force_high,58
2026-09-12T09:13:11+00:00,PRESS-RTP41-DEMO,BATCH-DEMO-001,24.02,3.532,0.586,501.948,44.906,31.847,1.134,30.927,1,compression_force_high,62
2026-09-12T09:13:12+00:00,PRESS-RTP41-DEMO,BATCH-DEMO-001,23.998,3.551,0.652,503.746,44.75,32.072,1.094,31.068,1,compression_force_high,62
2026-09-12T09:13:13+00:00,PRESS-RTP41-DEMO,BATCH-DEMO-001,24.034,3.516,0.67,501.169,45.097,31.654,1.27,31.21,1,compression_force_high,62
2026-09-12T09:13:14+00:00,PRESS-RTP41-DEMO,BATCH-DEMO-001,24.201,3.469,0.729,500.494,45.234,32.171,1.315,30.809,1,compression_force_high,65
2026-09-12T09:13:15+00:00,PRESS-RTP41-DEMO,BATCH-DEMO-001,23.678,3.563,0.64,499.273,45.301,31.86,1.225,31.045,1,compression_force_high,57
2026-09-12T09:13:16+00:00,PRESS-RTP41-DEMO,BATCH-DEMO-001,23.85,3.222,0.576,499.483,45.44,31.82,1.198,31.249,1,compression_force_high,60
2026-09-12T09:13:17+00:00,PRESS-RTP41-DEMO,BATCH-DEMO-001,23.937,3.561,0.662,498.325,44.828,31.874,1.199,30.912,1,compression_force_high,61
2026-09-12T09:13:18+00:00,PRESS-RTP41-DEMO,BATCH-DEMO-001,23.802,3.531,0.698,504.72,44.858,32.071,1.121,30.926,1,compression_force_high,59
2026-09-12T09:13:19+00:00,PRESS-RTP41-DEMO,BATCH-DEMO-001,23.472,3.707,0.633,501.919,44.789,31.414,1.337,30.806,1,compression_force_high,55
2026-09-12T09:13:20+00:00,PRESS-RTP41-DEMO,BATCH-DEMO-001,23.677,3.644,0.654,499.628,45.267,31.929,1.264,30.852,1,compression_force_high,57
2026-09-12T09:13:21+00:00,PRESS-RTP41-DEMO,BATCH-DEMO-001,24.38,3.433,0.657,498.563,44.837,31.93,1.273,30.971,1,compression_force_high,67
2026-09-12T09:13:22+00:00,PRESS-RTP41-DEMO,BATCH-DEMO-001,24.048,3.443,0.703,497.07,44.665,32.354,1.027,31.207,1,compression_force_high,63
2026-09-12T09:13:23+00:00,PRESS-RTP41-DEMO,BATCH-DEMO-001,24.002,3.552,0.663,498.685,45.104,32.509,1.298,30.915,1,compression_force_high,62
2026-09-12T09:13:24+00:00,PRESS-RTP41-DEMO,BATCH-DEMO-001,24.367,3.359,0.641,500.292,45.249,31.654,1.284,30.951,1,compression_force_high,67
2026-09-12T09:13:25+00:00,PRESS-RTP41-DEMO,BATCH-DEMO-001,23.575,3.62,0.633,495.993,45.159,31.578,1.17,30.865,1,compression_force_high,56
2026-09-12T09:13:26+00:00,PRESS-RTP41-DEMO,BATCH-DEMO-001,23.82,3.631,0.675,496.984,44.955,32.017,1.309,31.055,1,compression_force_high,59
2026-09-12T09:13:27+00:00,PRESS-RTP41-DEMO,BATCH-DEMO-001,23.721,3.345,0.677,501.527,44.88,31.843,1.241,31.035,1,compression_force_high,58
2026-09-12T09:13:28+00:00,PRESS-RTP41-DEMO,BATCH-DEMO-001,23.337,3.467,0.683,497.032,45.174,31.688,1.219,30.898,1,compression_force_high,53
2026-09-12T09:13:29+00:00,PRESS-RTP41-DEMO,BATCH-DEMO-001,23.634,3.527,0.646,503.043,45.166,31.603,1.226,31.118,1,compression_force_high,57
2026-09-12T09:13:30+00:00,PRESS-RTP41-DEMO,BATCH-DEMO-001,24.338,3.723,0.728,498.587,45.078,32.6,1.302,30.92,1,compression_force_high,67
2026-09-12T09:13:31+00:00,PRESS-RTP41-DEMO,BATCH-DEMO-001,23.686,3.313,0.676,499.785,44.963,31.855,1.131,31.074,1,compression_force_high,58
2026-09-12T09:13:32+00:00,PRESS-RTP41-DEMO,BATCH-DEMO-001,24.119,3.552,0.585,503.58,45.236,32.268,1.035,31.107,1,compression_force_high,64
2026-09-12T09:13:33+00:00,PRESS-RTP41-DEMO,BATCH-DEMO-001,23.739,3.551,0.697,502.143,45.145,32.463,1.213,30.903,1,compression_force_high,58
2026-09-12T09:13:34+00:00,PRESS-RTP41-DEMO,BATCH-DEMO-001,24.006,3.502,0.684,497.874,45.163,31.994,1.163,30.888,1,compression_force_high,62
2026-09-12T09:13:35+00:00,PRESS-RTP41-DEMO,BATCH-DEMO-001,24.035,3.537,0.642,501.509,44.678,31.633,1.117,31.133,1,compression_force_high,62
2026-09-12T09:13:36+00:00,PRESS-RTP41-DEMO,BATCH-DEMO-001,24.141,3.504,0.674,501.312,44.893,31.643,1.171,30.817,1,compression_force_high,64
2026-09-12T09:13:37+00:00,PRESS-RTP41-DEMO,BATCH-DEMO-001,24.175,3.408,0.661,500.392,44.927,32.159,1.427,30.779,1,compression_force_high,64
2026-09-12T09:13:38+00:00,PRESS-RTP41-DEMO,BATCH-DEMO-001,24.886,3.383,0.596,498.077,45.147,32.054,1.15,30.93,1,compression_force_high,74
2026-09-12T09:13:39+00:00,PRESS-RTP41-DEMO,BATCH-DEMO-001,24.007,3.571,0.7,499.489,44.864,31.906,1.015,30.993,1,compression_force_high,62
2026-09-12T09:13:40+00:00,PRESS-RTP41-DEMO,BATCH-DEMO-001,24.341,3.456,0.63,502.242,45.063,32.097,1.24,31.017,1,compression_force_high,67
2026-09-12T09:13:41+00:00,PRESS-RTP41-DEMO,BATCH-DEMO-001,24.614,3.336,0.649,495.434,44.916,32.501,1.097,30.868,1,compression_force_high,71
2026-09-12T09:13:42+00:00,PRESS-RTP41-DEMO,BATCH-DEMO-001,24.239,3.604,0.677,498.913,45.34,31.986,1.291,31.191,1,compression_force_high,65
2026-09-12T09:13:43+00:00,PRESS-RTP41-DEMO,BATCH-DEMO-001,23.998,3.321,0.671,500.372,45.007,32.067,1.192,31.187,1,compression_force_high,62
2026-09-12T09:13:44+00:00,PRESS-RTP41-DEMO,BATCH-DEMO-001,23.444,3.652,0.66,499.745,44.805,32.308,1.107,31.013,1,compression_force_high,54
2026-09-12T09:13:45+00:00,PRESS-RTP41-DEMO,BATCH-DEMO-001,24.619,3.301,0.663,500.622,45.085,31.884,1.247,31.125,1,compression_force_high,71
2026-09-12T09:13:46+00:00,PRESS-RTP41-DEMO,BATCH-DEMO-001,24.229,3.75,0.605,498.643,45.241,31.946,1.125,30.946,1,compression_force_high,65
2026-09-12T09:13:47+00:00,PRESS-RTP41-DEMO,BATCH-DEMO-001,24.751,3.595,0.613,496.253,45.298,32.061,1.166,30.891,1,compression_force_high,73
2026-09-12T09:13:48+00:00,PRESS-RTP41-DEMO,BATCH-DEMO-001,23.76,3.341,0.662,499.013,45.329,32.23,1.153,30.889,1,compression_force_high,59
2026-09-12T09:13:49+00:00,PRESS-RTP41-DEMO,BATCH-DEMO-001,24.715,3.455,0.756,500.193,44.727,31.49,1.141,31.173,1,compression_force_high,72
2026-09-12T09:13:50+00:00,PRESS-RTP41-DEMO,BATCH-DEMO-001,24.297,3.2,0.625,499.42,45.274,32.108,1.188,31.036,1,compression_force_high,66
2026-09-12T09:13:51+00:00,PRESS-RTP41-DEMO,BATCH-DEMO-001,25.003,3.627,0.62,501.368,45.226,32.582,1.223,30.961,1,compression_force_high,76
2026-09-12T09:13:52+00:00,PRESS-RTP41-DEMO,BATCH-DEMO-001,24.493,3.443,0.656,498.39,45.005,31.636,1.268,31.096,1,compression_force_high,69
2026-09-12T09:13:53+00:00,PRESS-RTP41-DEMO,BATCH-DEMO-001,23.944,3.59,0.628,502.826,45.201,32.272,1.247,30.875,1,compression_force_high,61
2026-09-12T09:13:54+00:00,PRESS-RTP41-DEMO,BATCH-DEMO-001,23.838,3.516,0.599,500.38,44.702,32.195,1.241,30.846,1,compression_force_high,60
2026-09-12T09:13:55+00:00,PRESS-RTP41-DEMO,BATCH-DEMO-001,24.163,3.551,0.685,500.46,44.861,32.04,1.182,30.936,1,compression_force_high,64
2026-09-12T09:13:56+00:00,PRESS-RTP41-DEMO,BATCH-DEMO-001,24.052,3.505,0.617,499.744,44.597,32.209,1.155,31.01,1,compression_force_high,63
2026-09-12T09:13:57+00:00,PRESS-RTP41-DEMO,BATCH-DEMO-001,24.88,3.686,0.676,497.958,44.982,32.075,1.222,31.017,1,compression_force_high,74
2026-09-12T09:13:58+00:00,PRESS-RTP41-DEMO,BATCH-DEMO-001,24.703,3.579,0.699,501.645,44.861,31.92,1.199,31.05,1,compression_force_high,72
2026-09-12T09:13:59+00:00,PRESS-RTP41-DEMO,BATCH-DEMO-001,24.349,3.499,0.637,498.931,45.083,32.227,1.342,31.123,1,compression_force_high,67
2026-09-12T09:14:00+00:00,PRESS-RTP41-DEMO,BATCH-DEMO-001,17.89,3.653,0.593,500.831,44.888,31.862,1.358,30.95,0,normal,6
2026-09-12T09:14:01+00:00,PRESS-RTP41-DEMO,BATCH-DEMO-001,18.069,3.571,0.649,497.278,45.066,31.914,1.192,30.997,0,normal,6
2026-09-12T09:14:02+00:00,PRESS-RTP41-DEMO,BATCH-DEMO-001,18.128,3.549,0.589,500.44,45.353,31.523,1.126,30.917,0,normal,6
2026-09-12T09:14:03+00:00,PRESS-RTP41-DEMO,BATCH-DEMO-001,17.444,3.28,0.612,502.298,44.927,31.767,1.187,31.059,0,normal,6
2026-09-12T09:14:04+00:00,PRESS-RTP41-DEMO,BATCH-DEMO-001,18.136,3.505,0.756,500.529,45.087,31.867,1.131,30.86,0,normal,6
2026-09-12T09:14:05+00:00,PRESS-RTP41-DEMO,BATCH-DEMO-001,17.639,3.566,0.656,498.739,44.93,32.265,1.183,31.004,0,normal,6
2026-09-12T09:14:06+00:00,PRESS-RTP41-DEMO,BATCH-DEMO-001,18.081,3.56,0.62,495.073,44.61,32.088,1.154,30.959,0,normal,6
2026-09-12T09:14:07+00:00,PRESS-RTP41-DEMO,BATCH-DEMO-001,17.519,3.404,0.655,500.079,44.784,31.711,1.354,30.97,0,normal,6
2026-09-12T09:14:08+00:00,PRESS-RTP41-DEMO,BATCH-DEMO-001,17.969,3.339,0.619,499.445,44.77,32.023,1.108,30.911,0,normal,6
2026-09-12T09:14:09+00:00,PRESS-RTP41-DEMO,BATCH-DEMO-001,17.776,3.301,0.587,500.24,44.794,31.954,1.188,31.04,0,normal,6
2026-09-12T09:14:10+00:00,PRESS-RTP41-DEMO,BATCH-DEMO-001,18.227,3.422,0.604,500.39,45.171,31.914,1.195,30.977,0,normal,6
2026-09-12T09:14:11+00:00,PRESS-RTP41-DEMO,BATCH-DEMO-001,17.957,3.576,0.634,501.208,45.083,32.538,1.142,31.138,0,normal,6
2026-09-12T09:14:12+00:00,PRESS-RTP41-DEMO,BATCH-DEMO-001,18.225,3.353,0.673,501.223,44.878,31.385,1.26,30.844,0,normal,6
2026-09-12T09:14:13+00:00,PRESS-RTP41-DEMO,BATCH-DEMO-001,17.952,3.287,0.674,496.328,44.883,31.859,1.199,30.822,0,normal,6
2026-09-12T09:14:14+00:00,PRESS-RTP41-DEMO,BATCH-DEMO-001,18.129,3.558,0.635,499.431,44.449,32.401,1.182,31.078,0,normal,6
2026-09-12T09:14:15+00:00,PRESS-RTP41-DEMO,BATCH-DEMO-001,18.051,3.507,0.678,498.721,45.204,32.394,1.216,30.981,0,normal,6
2026-09-12T09:14:16+00:00,PRESS-RTP41-DEMO,BATCH-DEMO-001,18.274,3.55,0.635,499.317,45.025,32.191,1.16,31.095,0,normal,6
2026-09-12T09:14:17+00:00,PRESS-RTP41-DEMO,BATCH-DEMO-001,18.55,3.571,0.647,501.138,44.912,31.72,1.139,30.836,0,normal,6
2026-09-12T09:14:18+00:00,PRESS-RTP41-DEMO,BATCH-DEMO-001,18.269,3.443,0.576,501.022,45.073,32.076,1.093,30.866,0,normal,6
2026-09-12T09:14:19+00:00,PRESS-RTP41-DEMO,BATCH-DEMO-001,18.493,3.427,0.668,500.246,44.723,31.631,1.24,30.963,0,normal,6
2026-09-12T09:14:20+00:00,PRESS-RTP41-DEMO,BATCH-DEMO-001,17.921,3.625,0.585,499.88,45.234,32.211,1.178,31.056,0,normal,6
2026-09-12T09:14:21+00:00,PRESS-RTP41-DEMO,BATCH-DEMO-001,18.175,3.395,0.591,501.729,45.011,32.455,1.149,31.12,0,normal,6
2026-09-12T09:14:22+00:00,PRESS-RTP41-DEMO,BATCH-DEMO-001,18.232,3.559,0.651,498.109,44.942,31.877,1.202,30.874,0,normal,6
2026-09-12T09:14:23+00:00,PRESS-RTP41-DEMO,BATCH-DEMO-001,18.069,3.714,0.615,501.062,44.622,32.125,1.221,30.891,0,normal,6
2026-09-12T09:14:24+00:00,PRESS-RTP41-DEMO,BATCH-DEMO-001,18.154,3.513,0.722,500.226,45.079,31.964,1.11,31.312,0,normal,6
2026-09-12T09:14:25+00:00,PRESS-RTP41-DEMO,BATCH-DEMO-001,18.051,3.537,0.653,497.066,44.728,31.581,1.306,31.06,0,normal,6
2026-09-12T09:14:26+00:00,PRESS-RTP41-DEMO,BATCH-DEMO-001,17.906,3.328,0.617,499.792,44.753,32.218,1.136,30.966,0,normal,6
2026-09-12T09:14:27+00:00,PRESS-RTP41-DEMO,BATCH-DEMO-001,17.972,3.237,0.682,500.08,44.557,31.902,1.173,30.876,0,normal,6
2026-09-12T09:14:28+00:00,PRESS-RTP41-DEMO,BATCH-DEMO-001,18.098,3.645,0.664,497.178,44.864,31.505,1.216,30.88,0,normal,6
2026-09-12T09:14:29+00:00,PRESS-RTP41-DEMO,BATCH-DEMO-001,18.077,3.596,0.685,500.415,44.949,31.595,1.375,31.265,0,normal,6
2026-09-12T09:14:30+00:00,PRESS-RTP41-DEMO,BATCH-DEMO-001,17.974,3.552,0.604,499.224,45.005,31.853,1.341,31.037,0,normal,6
2026-09-12T09:14:31+00:00,PRESS-RTP41-DEMO,BATCH-DEMO-001,17.826,3.451,0.66,496.816,45.096,31.99,1.272,31.043,0,normal,6
2026-09-12T09:14:32+00:00,PRESS-RTP41-DEMO,BATCH-DEMO-001,17.817,3.42,0.705,500.857,45.119,32.148,1.193,30.869,0,normal,6
2026-09-12T09:14:33+00:00,PRESS-RTP41-DEMO,BATCH-DEMO-001,18.504,3.477,0.702,499.822,45.221,31.783,1.095,30.966,0,normal,6
2026-09-12T09:14:34+00:00,PRESS-RTP41-DEMO,BATCH-DEMO-001,17.865,3.579,0.664,496.907,44.852,31.65,1.14,30.989,0,normal,6
2026-09-12T09:14:35+00:00,PRESS-RTP41-DEMO,BATCH-DEMO-001,17.826,3.64,0.667,498.301,45.257,32.228,1.216,30.956,0,normal,6
2026-09-12T09:14:36+00:00,PRESS-RTP41-DEMO,BATCH-DEMO-001,18.542,3.596,0.607,500.323,44.833,32.224,1.118,30.924,0,normal,6
2026-09-12T09:14:37+00:00,PRESS-RTP41-DEMO,BATCH-DEMO-001,17.827,3.558,0.608,500.015,44.57,32.213,0.985,31.021,0,normal,6
2026-09-12T09:14:38+00:00,PRESS-RTP41-DEMO,BATCH-DEMO-001,18.07,3.44,0.694,502.258,45.215,32.284,1.226,30.954,0,normal,6
2026-09-12T09:14:39+00:00,PRESS-RTP41-DEMO,BATCH-DEMO-001,18.074,3.632,0.648,495.198,44.664,32.451,1.134,30.927,0,normal,6
2026-09-12T09:14:40+00:00,PRESS-RTP41-DEMO,BATCH-DEMO-001,18.264,3.608,0.672,500.289,44.576,32.555,1.17,31.131,0,normal,6
2026-09-12T09:14:41+00:00,PRESS-RTP41-DEMO,BATCH-DEMO-001,18.04,3.436,0.639,499.663,45.33,31.677,1.232,31.217,0,normal,6
2026-09-12T09:14:42+00:00,PRESS-RTP41-DEMO,BATCH-DEMO-001,17.857,3.504,0.603,503.291,44.773,32.161,1.043,30.897,0,normal,6
2026-09-12T09:14:43+00:00,PRESS-RTP41-DEMO,BATCH-DEMO-001,18.062,3.366,0.64,497.32,45.018,31.704,1.115,31.032,0,normal,6
2026-09-12T09:14:44+00:00,PRESS-RTP41-DEMO,BATCH-DEMO-001,17.467,3.576,0.617,503.194,44.895,31.779,1.209,31.12,0,normal,6
2026-09-12T09:14:45+00:00,PRESS-RTP41-DEMO,BATCH-DEMO-001,17.318,3.423,0.7,497.92,44.756,31.602,1.172,30.849,0,normal,6
2026-09-12T09:14:46+00:00,PRESS-RTP41-DEMO,BATCH-DEMO-001,18.126,3.32,0.631,499.615,44.878,31.94,1.123,30.893,0,normal,6
2026-09-12T09:14:47+00:00,PRESS-RTP41-DEMO,BATCH-DEMO-001,18.344,3.551,0.667,502.11,45.081,31.924,1.246,30.971,0,normal,6
2026-09-12T09:14:48+00:00,PRESS-RTP41-DEMO,BATCH-DEMO-001,18.489,3.525,0.652,503.126,45.165,31.824,1.238,30.846,0,normal,6
2026-09-12T09:14:49+00:00,PRESS-RTP41-DEMO,BATCH-DEMO-001,17.931,3.521,0.656,499.669,44.809,32.1,1.244,30.919,0,normal,6
2026-09-12T09:14:50+00:00,PRESS-RTP41-DEMO,BATCH-DEMO-001,17.994,3.559,0.67,500.709,45.095,32.151,1.258,31.055,0,normal,6
2026-09-12T09:14:51+00:00,PRESS-RTP41-DEMO,BATCH-DEMO-001,17.858,3.54,0.623,498.831,45.068,32.015,1.146,31.067,0,normal,6
2026-09-12T09:14:52+00:00,PRESS-RTP41-DEMO,BATCH-DEMO-001,17.788,3.555,0.597,502.644,45.098,32.116,1.201,30.841,0,normal,6
2026-09-12T09:14:53+00:00,PRESS-RTP41-DEMO,BATCH-DEMO-001,17.533,3.509,0.635,500.654,45.208,32.104,1.123,31.076,0,normal,6
2026-09-12T09:14:54+00:00,PRESS-RTP41-DEMO,BATCH-DEMO-001,17.829,3.548,0.674,498.961,45.292,31.915,1.202,31.153,0,normal,6
2026-09-12T09:14:55+00:00,PRESS-RTP41-DEMO,BATCH-DEMO-001,18.052,3.4,0.636,500.463,44.911,31.873,1.276,30.977,0,normal,6
2026-09-12T09:14:56+00:00,PRESS-RTP41-DEMO,BATCH-DEMO-001,18.487,3.481,0.609,499.509,45.186,31.855,1.289,31.001,0,normal,6
2026-09-12T09:14:57+00:00,PRESS-RTP41-DEMO,BATCH-DEMO-001,18.111,3.413,0.651,499.988,45.21,31.884,1.075,30.868,0,normal,6
2026-09-12T09:14:58+00:00,PRESS-RTP41-DEMO,BATCH-DEMO-001,17.81,3.576,0.614,498.041,44.939,31.995,1.193,30.846,0,normal,6
2026-09-12T09:14:59+00:00,PRESS-RTP41-DEMO,BATCH-DEMO-001,17.912,3.614,0.666,500.766,44.848,31.93,1.1,31.068,0,normal,6
2026-09-12T09:15:00+00:00,PRESS-RTP41-DEMO,BATCH-DEMO-001,18.236,3.472,0.635,498.332,44.976,32.417,1.143,31.026,0,normal,6
2026-09-12T09:15:01+00:00,PRESS-RTP41-DEMO,BATCH-DEMO-001,18.255,3.488,0.598,500.676,45.305,32.038,1.197,30.994,0,normal,6
2026-09-12T09:15:02+00:00,PRESS-RTP41-DEMO,BATCH-DEMO-001,17.404,3.538,0.631,498.174,45.247,31.762,1.208,30.851,0,normal,6
2026-09-12T09:15:03+00:00,PRESS-RTP41-DEMO,BATCH-DEMO-001,18.094,3.331,0.659,500.235,45.147,31.675,1.165,30.901,0,normal,6
2026-09-12T09:15:04+00:00,PRESS-RTP41-DEMO,BATCH-DEMO-001,18.202,3.292,0.634,500.973,45.035,31.616,1.289,31.007,0,normal,6
2026-09-12T09:15:05+00:00,PRESS-RTP41-DEMO,BATCH-DEMO-001,18.28,3.449,0.651,500.393,44.912,32.553,1.178,31.041,0,normal,6
2026-09-12T09:15:06+00:00,PRESS-RTP41-DEMO,BATCH-DEMO-001,17.82,3.433,0.644,498.569,44.81,32.009,1.167,31.255,0,normal,6
2026-09-12T09:15:07+00:00,PRESS-RTP41-DEMO,BATCH-DEMO-001,17.949,3.421,0.675,503.5,44.679,32.307,1.115,30.941,0,normal,6
2026-09-12T09:15:08+00:00,PRESS-RTP41-DEMO,BATCH-DEMO-001,17.61,3.444,0.595,498.785,44.933,31.963,1.22,31.032,0,normal,6
2026-09-12T09:15:09+00:00,PRESS-RTP41-DEMO,BATCH-DEMO-001,17.978,3.656,0.657,502.41,45.026,31.84,1.091,30.665,0,normal,6
2026-09-12T09:15:10+00:00,PRESS-RTP41-DEMO,BATCH-DEMO-001,17.879,3.361,0.649,502.563,44.548,32.168,1.079,30.778,0,normal,6
2026-09-12T09:15:11+00:00,PRESS-RTP41-DEMO,BATCH-DEMO-001,18.627,3.591,0.531,502.683,44.955,32.373,1.126,31.024,0,normal,6
2026-09-12T09:15:12+00:00,PRESS-RTP41-DEMO,BATCH-DEMO-001,18.033,3.251,0.655,501.593,44.809,32.131,1.253,31.003,0,normal,6
2026-09-12T09:15:13+00:00,PRESS-RTP41-DEMO,BATCH-DEMO-001,18.318,3.577,0.715,500.519,45.208,31.964,1.254,31.041,0,normal,6
2026-09-12T09:15:14+00:00,PRESS-RTP41-DEMO,BATCH-DEMO-001,18.124,3.589,0.637,499.358,44.639,32.057,1.106,30.908,0,normal,6
2026-09-12T09:15:15+00:00,PRESS-RTP41-DEMO,BATCH-DEMO-001,17.893,3.579,0.673,500.925,44.964,32.07,1.129,31.185,0,normal,6
2026-09-12T09:15:16+00:00,PRESS-RTP41-DEMO,BATCH-DEMO-001,18.454,3.428,0.6,497.68,44.814,31.767,1.224,31.022,0,normal,6
2026-09-12T09:15:17+00:00,PRESS-RTP41-DEMO,BATCH-DEMO-001,18.237,3.522,0.658,499.4,45.312,32.403,1.137,31.036,0,normal,6
2026-09-12T09:15:18+00:00,PRESS-RTP41-DEMO,BATCH-DEMO-001,17.928,3.468,0.627,497.7,44.945,32.235,1.31,31.113,0,normal,6
2026-09-12T09:15:19+00:00,PRESS-RTP41-DEMO,BATCH-DEMO-001,18.04,3.661,0.647,499.754,44.734,32.297,1.281,30.886,0,normal,6
2026-09-12T09:15:20+00:00,PRESS-RTP41-DEMO,BATCH-DEMO-001,17.648,3.739,0.659,497.846,44.938,32.144,1.286,31.097,0,normal,6
2026-09-12T09:15:21+00:00,PRESS-RTP41-DEMO,BATCH-DEMO-001,18.45,3.587,0.668,502.448,44.9,31.854,1.087,31.092,0,normal,6
2026-09-12T09:15:22+00:00,PRESS-RTP41-DEMO,BATCH-DEMO-001,17.804,3.531,0.654,499.324,44.919,32.248,1.33,30.95,0,normal,6
2026-09-12T09:15:23+00:00,PRESS-RTP41-DEMO,BATCH-DEMO-001,17.781,3.731,0.654,498.885,44.934,32.214,1.193,31.011,0,normal,6
2026-09-12T09:15:24+00:00,PRESS-RTP41-DEMO,BATCH-DEMO-001,17.639,3.407,0.695,500.838,45.202,31.575,1.153,31.037,0,normal,6
2026-09-12T09:15:25+00:00,PRESS-RTP41-DEMO,BATCH-DEMO-001,18.188,3.75,0.658,498.216,44.848,31.665,1.308,30.982,0,normal,6
2026-09-12T09:15:26+00:00,PRESS-RTP41-DEMO,BATCH-DEMO-001,17.82,3.638,0.704,499.363,44.896,32.073,1.065,31.06,0,normal,6
2026-09-12T09:15:27+00:00,PRESS-RTP41-DEMO,BATCH-DEMO-001,18.19,3.522,0.678,500.033,45.035,32.347,1.209,31.195,0,normal,6
2026-09-12T09:15:28+00:00,PRESS-RTP41-DEMO,BATCH-DEMO-001,18.24,3.468,0.648,498.647,45.243,32.694,1.18,31.036,0,normal,6
2026-09-12T09:15:29+00:00,PRESS-RTP41-DEMO,BATCH-DEMO-001,18.136,3.511,0.643,501.273,44.708,31.782,1.219,31.008,0,normal,6
2026-09-12T09:15:30+00:00,PRESS-RTP41-DEMO,BATCH-DEMO-001,18.056,3.57,0.698,497.899,44.864,32.269,1.207,31.023,0,normal,6
2026-09-12T09:15:31+00:00,PRESS-RTP41-DEMO,BATCH-DEMO-001,18.339,3.28,0.71,500.396,44.745,32.303,1.344,31.181,0,normal,6
2026-09-12T09:15:32+00:00,PRESS-RTP41-DEMO,BATCH-DEMO-001,17.93,3.584,0.671,497.262,45.513,31.752,1.365,30.996,0,normal,6
2026-09-12T09:15:33+00:00,PRESS-RTP41-DEMO,BATCH-DEMO-001,18.074,3.469,0.706,503.579,45.036,31.843,1.144,31.08,0,normal,6
2026-09-12T09:15:34+00:00,PRESS-RTP41-DEMO,BATCH-DEMO-001,17.377,3.307,0.65,500.615,44.903,31.892,1.062,30.953,0,normal,6
2026-09-12T09:15:35+00:00,PRESS-RTP41-DEMO,BATCH-DEMO-001,17.957,3.535,0.673,496.104,45.313,31.472,1.241,30.946,0,normal,6
2026-09-12T09:15:36+00:00,PRESS-RTP41-DEMO,BATCH-DEMO-001,18.275,3.566,0.642,499.373,44.667,31.977,1.142,30.887,0,normal,6
2026-09-12T09:15:37+00:00,PRESS-RTP41-DEMO,BATCH-DEMO-001,17.687,3.501,0.633,501.742,44.892,31.627,1.137,31.003,0,normal,6
2026-09-12T09:15:38+00:00,PRESS-RTP41-DEMO,BATCH-DEMO-001,17.487,3.658,0.641,499.725,45.026,32.165,1.252,30.909,0,normal,6
2026-09-12T09:15:39+00:00,PRESS-RTP41-DEMO,BATCH-DEMO-001,17.798,3.736,0.566,497.97,44.822,32.225,1.222,31.038,0,normal,6
2026-09-12T09:15:40+00:00,PRESS-RTP41-DEMO,BATCH-DEMO-001,17.755,3.538,0.611,498.873,44.847,31.818,1.12,31.025,0,normal,6
2026-09-12T09:15:41+00:00,PRESS-RTP41-DEMO,BATCH-DEMO-001,18.082,3.401,0.631,500.848,45.029,32.358,1.179,31.039,0,normal,6
2026-09-12T09:15:42+00:00,PRESS-RTP41-DEMO,BATCH-DEMO-001,18.185,3.38,0.606,497.244,45.082,31.949,1.22,31.015,0,normal,6
2026-09-12T09:15:43+00:00,PRESS-RTP41-DEMO,BATCH-DEMO-001,18.057,3.576,0.634,501.492,45.121,31.652,1.181,31.185,0,normal,6
2026-09-12T09:15:44+00:00,PRESS-RTP41-DEMO,BATCH-DEMO-001,19.005,3.495,0.651,496.718,45.022,31.983,1.155,31.212,0,normal,6
2026-09-12T09:15:45+00:00,PRESS-RTP41-DEMO,BATCH-DEMO-001,18.059,3.381,0.606,501.47,44.873,31.766,1.065,30.984,0,normal,6
2026-09-12T09:15:46+00:00,PRESS-RTP41-DEMO,BATCH-DEMO-001,18.167,3.597,0.66,503.291,44.762,32.048,1.23,30.803,0,normal,6
2026-09-12T09:15:47+00:00,PRESS-RTP41-DEMO,BATCH-DEMO-001,17.946,3.368,0.659,498.326,45.131,32.396,1.182,30.922,0,normal,6
2026-09-12T09:15:48+00:00,PRESS-RTP41-DEMO,BATCH-DEMO-001,17.66,3.547,0.613,501.86,45.332,32.432,1.346,31.013,0,normal,6
2026-09-12T09:15:49+00:00,PRESS-RTP41-DEMO,BATCH-DEMO-001,18.129,3.406,0.597,501.48,44.715,32.248,1.131,30.975,0,normal,6
2026-09-12T09:15:50+00:00,PRESS-RTP41-DEMO,BATCH-DEMO-001,18.486,3.531,0.67,499.457,45.171,31.934,1.125,30.881,0,normal,6
2026-09-12T09:15:51+00:00,PRESS-RTP41-DEMO,BATCH-DEMO-001,17.562,3.349,0.677,499.832,44.809,32.196,1.214,31.053,0,normal,6
2026-09-12T09:15:52+00:00,PRESS-RTP41-DEMO,BATCH-DEMO-001,17.722,3.444,0.664,499.457,45.201,32.193,1.32,31.037,0,normal,6
2026-09-12T09:15:53+00:00,PRESS-RTP41-DEMO,BATCH-DEMO-001,17.82,3.506,0.743,502.172,44.969,32.178,1.184,30.961,0,normal,6
2026-09-12T09:15:54+00:00,PRESS-RTP41-DEMO,BATCH-DEMO-001,18.317,3.551,0.687,503.495,44.901,32.078,1.276,31.095,0,normal,6
2026-09-12T09:15:55+00:00,PRESS-RTP41-DEMO,BATCH-DEMO-001,17.895,3.506,0.727,498.884,45.093,32.124,1.085,31.078,0,normal,6
2026-09-12T09:15:56+00:00,PRESS-RTP41-DEMO,BATCH-DEMO-001,17.624,3.526,0.699,499.007,44.696,31.994,1.198,31.014,0,normal,6
2026-09-12T09:15:57+00:00,PRESS-RTP41-DEMO,BATCH-DEMO-001,18.064,3.534,0.591,502.148,44.567,31.911,1.264,30.908,0,normal,6
2026-09-12T09:15:58+00:00,PRESS-RTP41-DEMO,BATCH-DEMO-001,17.594,3.41,0.631,504.01,44.701,32.105,1.184,30.902,0,normal,6
2026-09-12T09:15:59+00:00,PRESS-RTP41-DEMO,BATCH-DEMO-001,17.613,3.357,0.664,501.35,45.263,31.761,1.03,31.069,0,normal,6
2026-09-12T09:16:00+00:00,PRESS-RTP41-DEMO,BATCH-DEMO-001,18.147,3.642,0.574,502.993,45.026,32.504,1.183,31.167,0,normal,6
2026-09-12T09:16:01+00:00,PRESS-RTP41-DEMO,BATCH-DEMO-001,17.838,3.758,0.629,496.967,45.048,32.285,1.301,30.993,0,normal,6
2026-09-12T09:16:02+00:00,PRESS-RTP41-DEMO,BATCH-DEMO-001,18.112,3.499,0.704,502.095,44.899,32.243,1.198,31.143,0,normal,6
2026-09-12T09:16:03+00:00,PRESS-RTP41-DEMO,BATCH-DEMO-001,17.894,3.511,0.627,496.872,44.757,32.281,1.25,30.905,0,normal,6
2026-09-12T09:16:04+00:00,PRESS-RTP41-DEMO,BATCH-DEMO-001,18.138,3.504,0.681,499.114,44.998,31.712,1.292,31.063,0,normal,6
2026-09-12T09:16:05+00:00,PRESS-RTP41-DEMO,BATCH-DEMO-001,18.033,3.793,0.697,502.86,45.067,31.872,1.237,31.006,0,normal,6
2026-09-12T09:16:06+00:00,PRESS-RTP41-DEMO,BATCH-DEMO-001,17.905,3.643,0.638,500.509,45.026,31.625,1.243,31.093,0,normal,6
2026-09-12T09:16:07+00:00,PRESS-RTP41-DEMO,BATCH-DEMO-001,18.015,3.531,0.637,498.756,44.875,31.551,1.243,30.841,0,normal,6
2026-09-12T09:16:08+00:00,PRESS-RTP41-DEMO,BATCH-DEMO-001,17.875,3.25,0.623,501.089,45.018,32.008,1.219,30.797,0,normal,6
2026-09-12T09:16:09+00:00,PRESS-RTP41-DEMO,BATCH-DEMO-001,18.245,3.45,0.651,500.873,44.469,32.356,1.173,31.067,0,normal,6
2026-09-12T09:16:10+00:00,PRESS-RTP41-DEMO,BATCH-DEMO-001,17.904,3.426,0.703,497.593,45.059,31.867,1.241,31.108,0,normal,6
2026-09-12T09:16:11+00:00,PRESS-RTP41-DEMO,BATCH-DEMO-001,18.194,3.567,0.626,499.507,45.067,32.301,1.238,30.977,0,normal,6
2026-09-12T09:16:12+00:00,PRESS-RTP41-DEMO,BATCH-DEMO-001,18.059,3.61,0.669,501.799,44.92,32.227,1.171,31.011,0,normal,6
2026-09-12T09:16:13+00:00,PRESS-RTP41-DEMO,BATCH-DEMO-001,18.161,3.34,0.64,500.548,45.033,32.208,1.014,30.8,0,normal,6
2026-09-12T09:16:14+00:00,PRESS-RTP41-DEMO,BATCH-DEMO-001,18.278,3.589,0.728,499.768,45.239,32.557,1.017,30.801,0,normal,6
2026-09-12T09:16:15+00:00,PRESS-RTP41-DEMO,BATCH-DEMO-001,17.861,3.33,0.711,499.468,44.86,32.309,1.252,30.93,0,normal,6
2026-09-12T09:16:16+00:00,PRESS-RTP41-DEMO,BATCH-DEMO-001,18.191,3.389,0.622,502.357,44.831,31.875,1.163,30.933,0,normal,6
2026-09-12T09:16:17+00:00,PRESS-RTP41-DEMO,BATCH-DEMO-001,17.287,3.313,0.656,502.752,45.137,31.87,1.19,30.799,0,normal,6
2026-09-12T09:16:18+00:00,PRESS-RTP41-DEMO,BATCH-DEMO-001,17.928,3.471,0.626,501.19,45.078,32.138,1.376,31.064,0,normal,6
2026-09-12T09:16:19+00:00,PRESS-RTP41-DEMO,BATCH-DEMO-001,17.448,3.332,0.648,498.219,44.949,32.354,1.206,30.855,0,normal,6
2026-09-12T09:16:20+00:00,PRESS-RTP41-DEMO,BATCH-DEMO-001,18.401,3.476,0.648,500.425,45.103,31.816,1.205,31.149,0,normal,6
2026-09-12T09:16:21+00:00,PRESS-RTP41-DEMO,BATCH-DEMO-001,18.345,3.402,0.651,503.05,44.948,31.664,1.148,31.072,0,normal,6
2026-09-12T09:16:22+00:00,PRESS-RTP41-DEMO,BATCH-DEMO-001,17.971,3.505,0.66,499.444,45.1,32.332,1.234,31.063,0,normal,6
2026-09-12T09:16:23+00:00,PRESS-RTP41-DEMO,BATCH-DEMO-001,18.315,3.588,0.695,495.955,45.007,32.1,1.189,30.898,0,normal,6
2026-09-12T09:16:24+00:00,PRESS-RTP41-DEMO,BATCH-DEMO-001,17.963,3.411,0.663,501.355,44.952,32.266,1.158,30.928,0,normal,6
2026-09-12T09:16:25+00:00,PRESS-RTP41-DEMO,BATCH-DEMO-001,18.022,3.452,0.69,499.654,45.107,32.235,1.07,30.993,0,normal,6
2026-09-12T09:16:26+00:00,PRESS-RTP41-DEMO,BATCH-DEMO-001,18.034,3.278,0.652,499.615,44.712,32.333,1.21,30.73,0,normal,6
2026-09-12T09:16:27+00:00,PRESS-RTP41-DEMO,BATCH-DEMO-001,17.867,3.461,0.645,498.474,44.786,32.062,1.123,31.116,0,normal,6
2026-09-12T09:16:28+00:00,PRESS-RTP41-DEMO,BATCH-DEMO-001,18.137,3.528,0.627,500.223,45.012,32.037,1.071,30.999,0,normal,6
2026-09-12T09:16:29+00:00,PRESS-RTP41-DEMO,BATCH-DEMO-001,17.362,3.515,0.749,498.054,44.838,32.207,1.133,30.876,0,normal,6
2026-09-12T09:16:30+00:00,PRESS-RTP41-DEMO,BATCH-DEMO-001,17.934,3.518,0.685,499.068,44.88,31.934,1.143,31.036,0,normal,6
2026-09-12T09:16:31+00:00,PRESS-RTP41-DEMO,BATCH-DEMO-001,18.383,3.4,0.604,499.86,44.884,31.642,1.093,30.777,0,normal,6
2026-09-12T09:16:32+00:00,PRESS-RTP41-DEMO,BATCH-DEMO-001,17.981,3.411,0.722,500.788,44.796,31.725,1.163,30.837,0,normal,6
2026-09-12T09:16:33+00:00,PRESS-RTP41-DEMO,BATCH-DEMO-001,17.978,3.632,0.637,498.609,44.606,31.631,1.207,30.984,0,normal,6
2026-09-12T09:16:34+00:00,PRESS-RTP41-DEMO,BATCH-DEMO-001,18.053,3.329,0.685,498.995,44.631,31.723,1.149,30.991,0,normal,6
2026-09-12T09:16:35+00:00,PRESS-RTP41-DEMO,BATCH-DEMO-001,17.534,3.605,0.649,501.696,45.287,31.926,1.149,31.069,0,normal,6
2026-09-12T09:16:36+00:00,PRESS-RTP41-DEMO,BATCH-DEMO-001,17.513,3.629,0.648,499.146,44.773,31.673,1.175,31.055,0,normal,6
2026-09-12T09:16:37+00:00,PRESS-RTP41-DEMO,BATCH-DEMO-001,17.995,3.223,0.622,501.027,45.367,31.963,1.23,31.0,0,normal,6
2026-09-12T09:16:38+00:00,PRESS-RTP41-DEMO,BATCH-DEMO-001,17.887,3.362,0.613,497.317,45.093,32.213,1.185,30.924,0,normal,6
2026-09-12T09:16:39+00:00,PRESS-RTP41-DEMO,BATCH-DEMO-001,18.283,3.766,0.58,501.12,45.027,32.08,1.255,31.185,0,normal,6
2026-09-12T09:16:40+00:00,PRESS-RTP41-DEMO,BATCH-DEMO-001,17.965,3.758,0.603,501.523,44.714,31.645,1.234,31.086,0,normal,6
2026-09-12T09:16:41+00:00,PRESS-RTP41-DEMO,BATCH-DEMO-001,17.838,3.567,0.621,502.222,44.704,32.052,1.223,31.025,0,normal,6
2026-09-12T09:16:42+00:00,PRESS-RTP41-DEMO,BATCH-DEMO-001,18.0,3.486,0.547,497.065,45.199,32.174,1.309,31.007,0,normal,6
2026-09-12T09:16:43+00:00,PRESS-RTP41-DEMO,BATCH-DEMO-001,18.472,3.483,0.691,499.063,44.89,32.226,1.084,31.183,0,normal,6
2026-09-12T09:16:44+00:00,PRESS-RTP41-DEMO,BATCH-DEMO-001,18.516,3.499,0.705,498.928,44.95,32.059,1.156,31.084,0,normal,6
2026-09-12T09:16:45+00:00,PRESS-RTP41-DEMO,BATCH-DEMO-001,18.25,3.578,0.629,496.953,45.083,31.912,1.071,30.855,0,normal,6
2026-09-12T09:16:46+00:00,PRESS-RTP41-DEMO,BATCH-DEMO-001,17.92,3.683,0.665,498.241,44.784,31.752,1.118,31.019,0,normal,6
2026-09-12T09:16:47+00:00,PRESS-RTP41-DEMO,BATCH-DEMO-001,18.311,3.825,0.721,499.035,45.188,32.025,1.339,31.062,0,normal,6
2026-09-12T09:16:48+00:00,PRESS-RTP41-DEMO,BATCH-DEMO-001,17.861,3.616,0.618,498.743,44.937,31.933,1.033,31.122,0,normal,6
2026-09-12T09:16:49+00:00,PRESS-RTP41-DEMO,BATCH-DEMO-001,18.748,3.351,0.704,496.605,44.984,31.792,1.215,31.063,0,normal,6
2026-09-12T09:16:50+00:00,PRESS-RTP41-DEMO,BATCH-DEMO-001,17.638,3.48,0.679,498.143,45.248,32.321,1.162,31.17,0,normal,6
2026-09-12T09:16:51+00:00,PRESS-RTP41-DEMO,BATCH-DEMO-001,17.456,3.426,0.671,501.893,45.22,32.245,1.203,31.083,0,normal,6
2026-09-12T09:16:52+00:00,PRESS-RTP41-DEMO,BATCH-DEMO-001,18.008,3.324,0.686,501.139,44.975,31.856,1.356,30.888,0,normal,6
2026-09-12T09:16:53+00:00,PRESS-RTP41-DEMO,BATCH-DEMO-001,18.02,3.416,0.648,502.272,45.082,31.923,1.265,31.112,0,normal,6
2026-09-12T09:16:54+00:00,PRESS-RTP41-DEMO,BATCH-DEMO-001,17.981,3.448,0.621,496.213,45.31,31.823,1.107,30.898,0,normal,6
2026-09-12T09:16:55+00:00,PRESS-RTP41-DEMO,BATCH-DEMO-001,17.681,3.633,0.647,498.047,44.839,31.75,1.29,30.829,0,normal,6
2026-09-12T09:16:56+00:00,PRESS-RTP41-DEMO,BATCH-DEMO-001,18.023,3.559,0.665,500.452,44.972,31.413,1.199,30.94,0,normal,6
2026-09-12T09:16:57+00:00,PRESS-RTP41-DEMO,BATCH-DEMO-001,17.63,3.674,0.7,499.253,45.071,32.001,1.049,30.948,0,normal,6
2026-09-12T09:16:58+00:00,PRESS-RTP41-DEMO,BATCH-DEMO-001,18.244,3.487,0.61,502.262,45.07,31.71,1.154,30.949,0,normal,6
2026-09-12T09:16:59+00:00,PRESS-RTP41-DEMO,BATCH-DEMO-001,17.725,3.591,0.628,500.274,45.357,31.833,1.112,31.0,0,normal,6
2026-09-12T09:17:00+00:00,PRESS-RTP41-DEMO,BATCH-DEMO-001,17.874,3.46,0.614,496.901,44.921,31.677,1.112,31.341,0,normal,6
2026-09-12T09:17:01+00:00,PRESS-RTP41-DEMO,BATCH-DEMO-001,18.678,3.785,0.638,497.803,45.111,31.743,1.178,30.888,0,normal,6
2026-09-12T09:17:02+00:00,PRESS-RTP41-DEMO,BATCH-DEMO-001,18.25,3.487,0.663,498.786,44.96,31.547,1.192,30.962,0,normal,6
2026-09-12T09:17:03+00:00,PRESS-RTP41-DEMO,BATCH-DEMO-001,18.117,3.444,0.61,500.156,45.292,31.964,1.343,30.7,0,normal,6
2026-09-12T09:17:04+00:00,PRESS-RTP41-DEMO,BATCH-DEMO-001,17.757,3.468,0.597,494.524,45.01,31.751,1.136,30.983,0,normal,6
2026-09-12T09:17:05+00:00,PRESS-RTP41-DEMO,BATCH-DEMO-001,17.939,3.425,0.675,498.429,45.227,32.306,1.073,30.895,0,normal,6
2026-09-12T09:17:06+00:00,PRESS-RTP41-DEMO,BATCH-DEMO-001,18.258,3.347,0.627,500.315,45.2,32.293,1.189,31.065,0,normal,6
2026-09-12T09:17:07+00:00,PRESS-RTP41-DEMO,BATCH-DEMO-001,18.093,3.695,0.65,499.73,44.961,31.676,1.096,30.677,0,normal,6
2026-09-12T09:17:08+00:00,PRESS-RTP41-DEMO,BATCH-DEMO-001,18.412,3.735,0.581,501.698,45.08,31.95,1.25,30.988,0,normal,6
2026-09-12T09:17:09+00:00,PRESS-RTP41-DEMO,BATCH-DEMO-001,18.742,3.609,0.618,497.828,45.276,31.934,1.183,31.018,0,normal,6
2026-09-12T09:17:10+00:00,PRESS-RTP41-DEMO,BATCH-DEMO-001,18.019,3.639,0.612,495.4,44.889,31.801,1.149,30.8,0,normal,6
2026-09-12T09:17:11+00:00,PRESS-RTP41-DEMO,BATCH-DEMO-001,17.736,3.325,0.688,497.824,44.954,32.359,1.173,31.045,0,normal,6
2026-09-12T09:17:12+00:00,PRESS-RTP41-DEMO,BATCH-DEMO-001,18.282,3.569,0.627,497.916,45.258,32.047,1.143,30.958,0,normal,6
2026-09-12T09:17:13+00:00,PRESS-RTP41-DEMO,BATCH-DEMO-001,17.985,3.287,0.669,502.089,44.869,31.79,1.167,30.976,0,normal,6
2026-09-12T09:17:14+00:00,PRESS-RTP41-DEMO,BATCH-DEMO-001,18.565,3.602,0.657,498.772,45.015,31.954,1.107,30.949,0,normal,6
2026-09-12T09:17:15+00:00,PRESS-RTP41-DEMO,BATCH-DEMO-001,18.124,3.372,0.597,499.686,44.92,31.57,1.295,31.141,0,normal,6
2026-09-12T09:17:16+00:00,PRESS-RTP41-DEMO,BATCH-DEMO-001,18.584,3.445,0.673,502.452,45.108,32.288,1.213,30.942,0,normal,6
2026-09-12T09:17:17+00:00,PRESS-RTP41-DEMO,BATCH-DEMO-001,18.131,3.559,0.677,502.182,45.032,31.946,1.294,30.982,0,normal,6
2026-09-12T09:17:18+00:00,PRESS-RTP41-DEMO,BATCH-DEMO-001,17.77,3.614,0.565,502.241,45.169,32.0,1.291,30.952,0,normal,6
2026-09-12T09:17:19+00:00,PRESS-RTP41-DEMO,BATCH-DEMO-001,18.084,3.328,0.601,500.89,44.918,31.714,1.274,30.99,0,normal,6
2026-09-12T09:17:20+00:00,PRESS-RTP41-DEMO,BATCH-DEMO-001,17.813,3.48,0.71,502.158,45.01,32.161,1.154,31.216,0,normal,6
2026-09-12T09:17:21+00:00,PRESS-RTP41-DEMO,BATCH-DEMO-001,18.367,3.457,0.658,501.844,45.193,32.252,1.255,31.041,0,normal,6
2026-09-12T09:17:22+00:00,PRESS-RTP41-DEMO,BATCH-DEMO-001,17.554,3.676,0.637,500.49,44.994,32.263,1.166,30.86,0,normal,6
2026-09-12T09:17:23+00:00,PRESS-RTP41-DEMO,BATCH-DEMO-001,18.411,3.584,0.712,499.91,45.068,32.226,1.118,30.814,0,normal,6
2026-09-12T09:17:24+00:00,PRESS-RTP41-DEMO,BATCH-DEMO-001,17.769,3.423,0.721,505.137,44.958,32.023,1.174,30.971,0,normal,6
2026-09-12T09:17:25+00:00,PRESS-RTP41-DEMO,BATCH-DEMO-001,18.096,3.541,0.636,499.779,44.879,31.817,1.168,31.083,0,normal,6
2026-09-12T09:17:26+00:00,PRESS-RTP41-DEMO,BATCH-DEMO-001,18.136,3.437,0.689,500.121,45.191,31.952,1.344,31.168,0,normal,6
2026-09-12T09:17:27+00:00,PRESS-RTP41-DEMO,BATCH-DEMO-001,18.203,3.673,0.624,503.48,44.755,32.02,1.151,30.771,0,normal,6
2026-09-12T09:17:28+00:00,PRESS-RTP41-DEMO,BATCH-DEMO-001,17.637,3.448,0.669,499.259,45.188,31.918,1.126,31.163,0,normal,6
2026-09-12T09:17:29+00:00,PRESS-RTP41-DEMO,BATCH-DEMO-001,18.338,3.47,0.585,497.819,44.897,32.019,1.296,31.009,0,normal,6
2026-09-12T09:17:30+00:00,PRESS-RTP41-DEMO,BATCH-DEMO-001,18.081,3.552,0.603,502.25,45.304,32.131,1.324,30.97,0,normal,6
2026-09-12T09:17:31+00:00,PRESS-RTP41-DEMO,BATCH-DEMO-001,18.002,3.664,0.643,498.775,45.357,31.961,1.136,30.999,0,normal,6
2026-09-12T09:17:32+00:00,PRESS-RTP41-DEMO,BATCH-DEMO-001,17.4,3.625,0.704,497.512,44.866,32.464,1.277,30.96,0,normal,6
2026-09-12T09:17:33+00:00,PRESS-RTP41-DEMO,BATCH-DEMO-001,17.953,3.548,0.707,501.55,45.113,31.949,1.323,31.07,0,normal,6
2026-09-12T09:17:34+00:00,PRESS-RTP41-DEMO,BATCH-DEMO-001,17.692,3.453,0.722,496.366,44.788,32.137,1.189,30.864,0,normal,6
2026-09-12T09:17:35+00:00,PRESS-RTP41-DEMO,BATCH-DEMO-001,17.019,3.46,0.697,497.999,44.771,32.194,1.312,30.894,0,normal,6
2026-09-12T09:17:36+00:00,PRESS-RTP41-DEMO,BATCH-DEMO-001,17.903,3.318,0.65,498.503,44.966,31.388,1.273,30.779,0,normal,6
2026-09-12T09:17:37+00:00,PRESS-RTP41-DEMO,BATCH-DEMO-001,17.622,3.471,0.569,496.77,44.811,31.54,1.143,30.987,0,normal,6
2026-09-12T09:17:38+00:00,PRESS-RTP41-DEMO,BATCH-DEMO-001,18.477,3.604,0.552,499.576,44.827,32.114,1.173,31.042,0,normal,6
2026-09-12T09:17:39+00:00,PRESS-RTP41-DEMO,BATCH-DEMO-001,18.182,3.453,0.584,499.17,45.124,32.142,1.185,31.08,0,normal,6
2026-09-12T09:17:40+00:00,PRESS-RTP41-DEMO,BATCH-DEMO-001,17.973,3.345,0.657,501.67,45.262,31.854,1.21,30.971,0,normal,6
2026-09-12T09:17:41+00:00,PRESS-RTP41-DEMO,BATCH-DEMO-001,17.622,3.538,0.613,500.138,44.866,31.852,1.195,31.01,0,normal,6
2026-09-12T09:17:42+00:00,PRESS-RTP41-DEMO,BATCH-DEMO-001,18.139,3.451,0.639,500.732,44.916,32.005,1.154,30.994,0,normal,6
2026-09-12T09:17:43+00:00,PRESS-RTP41-DEMO,BATCH-DEMO-001,18.231,3.597,0.683,502.425,45.03,32.248,1.174,31.121,0,normal,6
2026-09-12T09:17:44+00:00,PRESS-RTP41-DEMO,BATCH-DEMO-001,18.211,3.7,0.683,501.356,45.063,31.874,1.148,31.102,0,normal,6
2026-09-12T09:17:45+00:00,PRESS-RTP41-DEMO,BATCH-DEMO-001,17.641,3.688,0.658,501.229,45.194,32.063,1.193,30.742,0,normal,6
2026-09-12T09:17:46+00:00,PRESS-RTP41-DEMO,BATCH-DEMO-001,18.1,3.568,0.591,500.384,44.979,32.26,1.064,30.933,0,normal,6
2026-09-12T09:17:47+00:00,PRESS-RTP41-DEMO,BATCH-DEMO-001,17.945,3.396,0.657,495.884,44.546,31.993,1.244,30.901,0,normal,6
2026-09-12T09:17:48+00:00,PRESS-RTP41-DEMO,BATCH-DEMO-001,18.103,3.536,0.673,500.154,44.658,32.0,1.21,31.18,0,normal,6
2026-09-12T09:17:49+00:00,PRESS-RTP41-DEMO,BATCH-DEMO-001,17.581,3.775,0.647,497.872,44.943,32.28,1.204,30.91,0,normal,6
2026-09-12T09:17:50+00:00,PRESS-RTP41-DEMO,BATCH-DEMO-001,18.193,3.617,0.65,503.412,45.422,31.395,1.202,31.222,0,normal,6
2026-09-12T09:17:51+00:00,PRESS-RTP41-DEMO,BATCH-DEMO-001,18.14,3.678,0.673,497.11,44.874,31.998,1.307,30.992,0,normal,6
2026-09-12T09:17:52+00:00,PRESS-RTP41-DEMO,BATCH-DEMO-001,17.866,3.435,0.658,500.413,45.459,31.965,1.101,31.074,0,normal,6
2026-09-12T09:17:53+00:00,PRESS-RTP41-DEMO,BATCH-DEMO-001,18.076,3.521,0.621,500.941,44.903,31.865,1.153,31.117,0,normal,6
2026-09-12T09:17:54+00:00,PRESS-RTP41-DEMO,BATCH-DEMO-001,17.598,3.489,0.639,501.493,44.965,32.228,1.139,31.052,0,normal,6
2026-09-12T09:17:55+00:00,PRESS-RTP41-DEMO,BATCH-DEMO-001,18.077,3.51,0.713,501.063,45.053,32.275,1.231,30.97,0,normal,6
2026-09-12T09:17:56+00:00,PRESS-RTP41-DEMO,BATCH-DEMO-001,18.271,3.768,0.628,501.288,45.027,32.024,1.049,30.924,0,normal,6
2026-09-12T09:17:57+00:00,PRESS-RTP41-DEMO,BATCH-DEMO-001,17.775,3.672,0.605,502.658,44.81,31.957,1.168,30.933,0,normal,6
2026-09-12T09:17:58+00:00,PRESS-RTP41-DEMO,BATCH-DEMO-001,17.564,3.667,0.695,502.409,45.193,32.228,1.299,30.908,0,normal,6
2026-09-12T09:17:59+00:00,PRESS-RTP41-DEMO,BATCH-DEMO-001,18.16,3.674,0.664,499.644,44.825,31.934,1.163,30.642,0,normal,6
2026-09-12T09:18:00+00:00,PRESS-RTP41-DEMO,BATCH-DEMO-001,18.312,3.683,0.675,507.151,44.855,31.94,1.312,30.836,0,weight_variation,9
2026-09-12T09:18:01+00:00,PRESS-RTP41-DEMO,BATCH-DEMO-001,17.548,3.603,0.623,498.74,44.569,32.487,1.234,31.129,0,weight_variation,6
2026-09-12T09:18:02+00:00,PRESS-RTP41-DEMO,BATCH-DEMO-001,18.401,3.522,0.643,501.058,45.248,32.588,1.234,30.823,0,weight_variation,6
2026-09-12T09:18:03+00:00,PRESS-RTP41-DEMO,BATCH-DEMO-001,17.756,3.403,0.576,501.495,44.979,32.74,1.121,31.022,0,weight_variation,6
2026-09-12T09:18:04+00:00,PRESS-RTP41-DEMO,BATCH-DEMO-001,18.089,3.576,0.665,504.538,44.865,32.488,1.222,30.872,0,weight_variation,6
2026-09-12T09:18:05+00:00,PRESS-RTP41-DEMO,BATCH-DEMO-001,17.807,3.472,0.677,505.453,44.755,33.235,1.222,31.003,0,weight_variation,6
2026-09-12T09:18:06+00:00,PRESS-RTP41-DEMO,BATCH-DEMO-001,18.479,3.7,0.679,505.279,45.072,33.065,1.201,31.223,0,weight_variation,6
2026-09-12T09:18:07+00:00,PRESS-RTP41-DEMO,BATCH-DEMO-001,18.08,3.406,0.695,503.314,45.061,33.523,1.103,30.979,0,weight_variation,6
2026-09-12T09:18:08+00:00,PRESS-RTP41-DEMO,BATCH-DEMO-001,18.124,3.431,0.719,512.535,45.063,33.636,1.249,30.984,1,weight_variation,26
2026-09-12T09:18:09+00:00,PRESS-RTP41-DEMO,BATCH-DEMO-001,18.021,3.706,0.641,503.314,44.907,33.952,1.122,30.862,0,weight_variation,6
2026-09-12T09:18:10+00:00,PRESS-RTP41-DEMO,BATCH-DEMO-001,17.976,3.387,0.662,508.469,44.969,34.431,1.247,30.812,0,weight_variation,13
2026-09-12T09:18:11+00:00,PRESS-RTP41-DEMO,BATCH-DEMO-001,18.371,3.483,0.612,508.076,44.949,34.295,1.247,31.05,0,weight_variation,12
2026-09-12T09:18:12+00:00,PRESS-RTP41-DEMO,BATCH-DEMO-001,17.791,3.512,0.645,509.699,45.065,34.464,1.114,31.101,0,weight_variation,17
2026-09-12T09:18:13+00:00,PRESS-RTP41-DEMO,BATCH-DEMO-001,18.198,3.508,0.738,506.079,44.983,34.012,1.178,31.058,0,weight_variation,6
2026-09-12T09:18:14+00:00,PRESS-RTP41-DEMO,BATCH-DEMO-001,18.171,3.517,0.681,508.478,44.963,34.405,1.2,31.05,0,weight_variation,13
2026-09-12T09:18:15+00:00,PRESS-RTP41-DEMO,BATCH-DEMO-001,18.496,3.811,0.659,507.556,44.975,34.474,1.128,30.979,0,weight_variation,11
2026-09-12T09:18:16+00:00,PRESS-RTP41-DEMO,BATCH-DEMO-001,17.831,3.519,0.628,507.523,44.943,34.625,1.315,31.063,0,weight_variation,11
2026-09-12T09:18:17+00:00,PRESS-RTP41-DEMO,BATCH-DEMO-001,18.062,3.525,0.633,506.613,45.229,34.551,1.162,31.023,0,weight_variation,8
2026-09-12T09:18:18+00:00,PRESS-RTP41-DEMO,BATCH-DEMO-001,18.038,3.53,0.634,507.208,45.143,34.265,1.311,30.852,0,weight_variation,10
2026-09-12T09:18:19+00:00,PRESS-RTP41-DEMO,BATCH-DEMO-001,18.234,3.543,0.662,504.929,44.948,34.272,1.173,31.239,0,weight_variation,6
2026-09-12T09:18:20+00:00,PRESS-RTP41-DEMO,BATCH-DEMO-001,18.448,3.4,0.671,505.837,44.756,34.052,1.27,31.144,0,weight_variation,6
2026-09-12T09:18:21+00:00,PRESS-RTP41-DEMO,BATCH-DEMO-001,18.635,3.467,0.665,505.831,44.852,34.574,1.14,30.988,0,weight_variation,6
2026-09-12T09:18:22+00:00,PRESS-RTP41-DEMO,BATCH-DEMO-001,18.768,3.504,0.685,504.674,44.915,34.246,1.175,30.793,0,weight_variation,6
2026-09-12T09:18:23+00:00,PRESS-RTP41-DEMO,BATCH-DEMO-001,18.113,3.232,0.602,503.956,45.086,34.023,1.198,30.921,0,weight_variation,6
2026-09-12T09:18:24+00:00,PRESS-RTP41-DEMO,BATCH-DEMO-001,17.619,3.585,0.589,500.031,44.82,34.078,1.166,30.926,0,weight_variation,6
2026-09-12T09:18:25+00:00,PRESS-RTP41-DEMO,BATCH-DEMO-001,18.131,3.355,0.64,498.836,44.822,33.268,1.159,30.837,0,weight_variation,6
2026-09-12T09:18:26+00:00,PRESS-RTP41-DEMO,BATCH-DEMO-001,17.998,3.313,0.65,500.101,45.037,33.287,1.012,30.892,0,weight_variation,6
2026-09-12T09:18:27+00:00,PRESS-RTP41-DEMO,BATCH-DEMO-001,17.803,3.364,0.713,494.01,44.725,33.03,1.243,31.194,0,weight_variation,6
2026-09-12T09:18:28+00:00,PRESS-RTP41-DEMO,BATCH-DEMO-001,18.276,3.453,0.656,503.903,45.332,33.325,1.178,30.888,0,weight_variation,6
2026-09-12T09:18:29+00:00,PRESS-RTP41-DEMO,BATCH-DEMO-001,18.018,3.371,0.695,495.948,44.933,32.862,1.062,31.112,0,weight_variation,6
2026-09-12T09:18:30+00:00,PRESS-RTP41-DEMO,BATCH-DEMO-001,17.911,3.523,0.583,492.508,45.075,32.481,1.195,30.801,0,weight_variation,10
2026-09-12T09:18:31+00:00,PRESS-RTP41-DEMO,BATCH-DEMO-001,17.627,3.408,0.669,494.059,44.698,32.071,1.245,31.023,0,weight_variation,6
2026-09-12T09:18:32+00:00,PRESS-RTP41-DEMO,BATCH-DEMO-001,17.916,3.358,0.725,496.541,44.826,31.392,1.058,30.925,0,weight_variation,6
2026-09-12T09:18:33+00:00,PRESS-RTP41-DEMO,BATCH-DEMO-001,17.763,3.468,0.609,496.946,45.448,30.922,1.17,31.059,0,weight_variation,6
2026-09-12T09:18:34+00:00,PRESS-RTP41-DEMO,BATCH-DEMO-001,17.688,3.443,0.677,493.31,44.642,31.186,1.237,30.877,0,weight_variation,8
2026-09-12T09:18:35+00:00,PRESS-RTP41-DEMO,BATCH-DEMO-001,18.229,3.534,0.629,494.372,44.728,31.164,1.236,31.144,0,weight_variation,6
2026-09-12T09:18:36+00:00,PRESS-RTP41-DEMO,BATCH-DEMO-001,17.778,3.476,0.64,489.594,45.247,31.028,1.203,30.897,0,weight_variation,19
2026-09-12T09:18:37+00:00,PRESS-RTP41-DEMO,BATCH-DEMO-001,17.731,3.593,0.656,494.325,44.962,30.269,1.145,31.1,0,weight_variation,6
2026-09-12T09:18:38+00:00,PRESS-RTP41-DEMO,BATCH-DEMO-001,17.957,3.495,0.63,496.893,44.894,30.569,1.201,30.807,0,weight_variation,6
2026-09-12T09:18:39+00:00,PRESS-RTP41-DEMO,BATCH-DEMO-001,17.667,3.6,0.673,489.536,44.908,30.331,1.157,30.899,0,weight_variation,19
2026-09-12T09:18:40+00:00,PRESS-RTP41-DEMO,BATCH-DEMO-001,17.445,3.379,0.644,496.551,44.595,30.227,1.306,31.106,0,weight_variation,6
2026-09-12T09:18:41+00:00,PRESS-RTP41-DEMO,BATCH-DEMO-001,17.384,3.384,0.594,488.85,45.437,29.553,1.187,30.839,0,weight_variation,21
2026-09-12T09:18:42+00:00,PRESS-RTP41-DEMO,BATCH-DEMO-001,17.541,3.677,0.63,492.31,45.131,29.612,1.307,30.869,0,weight_variation,11
2026-09-12T09:18:43+00:00,PRESS-RTP41-DEMO,BATCH-DEMO-001,18.106,3.464,0.64,499.259,45.23,29.258,1.202,31.152,0,weight_variation,6
2026-09-12T09:18:44+00:00,PRESS-RTP41-DEMO,BATCH-DEMO-001,17.101,3.408,0.653,492.276,45.144,29.742,1.243,30.971,0,weight_variation,11
2026-09-12T09:18:45+00:00,PRESS-RTP41-DEMO,BATCH-DEMO-001,18.053,3.564,0.663,491.664,44.847,29.367,1.21,31.124,0,weight_variation,13
2026-09-12T09:18:46+00:00,PRESS-RTP41-DEMO,BATCH-DEMO-001,18.021,3.548,0.64,497.164,45.128,29.32,1.311,30.79,0,weight_variation,6
2026-09-12T09:18:47+00:00,PRESS-RTP41-DEMO,BATCH-DEMO-001,17.971,3.666,0.568,491.101,45.216,29.305,1.198,31.129,0,weight_variation,15
2026-09-12T09:18:48+00:00,PRESS-RTP41-DEMO,BATCH-DEMO-001,17.649,3.381,0.648,497.64,45.011,29.481,1.24,30.921,0,weight_variation,6
2026-09-12T09:18:49+00:00,PRESS-RTP41-DEMO,BATCH-DEMO-001,18.131,3.607,0.668,495.751,45.021,29.194,1.224,31.109,0,weight_variation,6
2026-09-12T09:18:50+00:00,PRESS-RTP41-DEMO,BATCH-DEMO-001,18.413,3.6,0.729,500.921,45.015,29.437,1.167,31.092,0,weight_variation,6
2026-09-12T09:18:51+00:00,PRESS-RTP41-DEMO,BATCH-DEMO-001,17.96,3.46,0.607,498.693,45.055,29.843,1.275,30.933,0,weight_variation,6
2026-09-12T09:18:52+00:00,PRESS-RTP41-DEMO,BATCH-DEMO-001,18.626,3.532,0.581,510.149,44.863,29.994,1.174,31.007,0,weight_variation,18
2026-09-12T09:18:53+00:00,PRESS-RTP41-DEMO,BATCH-DEMO-001,17.665,3.461,0.621,506.985,44.937,30.15,1.234,30.943,0,weight_variation,9
2026-09-12T09:18:54+00:00,PRESS-RTP41-DEMO,BATCH-DEMO-001,18.304,3.394,0.635,502.73,45.043,29.972,1.26,30.936,0,weight_variation,6
2026-09-12T09:18:55+00:00,PRESS-RTP41-DEMO,BATCH-DEMO-001,17.973,3.427,0.684,505.649,45.047,30.442,1.305,30.887,0,weight_variation,6
2026-09-12T09:18:56+00:00,PRESS-RTP41-DEMO,BATCH-DEMO-001,18.228,3.511,0.661,510.343,45.262,30.596,1.147,30.929,0,weight_variation,19
2026-09-12T09:18:57+00:00,PRESS-RTP41-DEMO,BATCH-DEMO-001,18.072,3.491,0.585,505.14,45.104,30.487,1.212,31.039,0,weight_variation,6
2026-09-12T09:18:58+00:00,PRESS-RTP41-DEMO,BATCH-DEMO-001,18.499,3.477,0.647,508.719,44.64,30.983,1.262,31.093,0,weight_variation,14
2026-09-12T09:18:59+00:00,PRESS-RTP41-DEMO,BATCH-DEMO-001,18.271,3.565,0.759,511.824,45.121,31.188,1.267,30.829,0,weight_variation,23
2026-09-12T09:19:00+00:00,PRESS-RTP41-DEMO,BATCH-DEMO-001,18.547,3.472,0.723,507.414,45.424,31.356,1.039,30.997,0,weight_variation,10
2026-09-12T09:19:01+00:00,PRESS-RTP41-DEMO,BATCH-DEMO-001,17.827,3.381,0.661,508.486,45.2,31.124,1.18,31.056,0,weight_variation,13
2026-09-12T09:19:02+00:00,PRESS-RTP41-DEMO,BATCH-DEMO-001,18.01,3.533,0.609,506.68,44.716,32.119,1.168,30.881,0,weight_variation,8
2026-09-12T09:19:03+00:00,PRESS-RTP41-DEMO,BATCH-DEMO-001,18.645,3.711,0.614,510.558,44.989,32.33,1.27,30.908,0,weight_variation,20
2026-09-12T09:19:04+00:00,PRESS-RTP41-DEMO,BATCH-DEMO-001,17.698,3.505,0.666,506.628,44.752,32.405,1.265,31.02,0,weight_variation,8
2026-09-12T09:19:05+00:00,PRESS-RTP41-DEMO,BATCH-DEMO-001,18.291,3.387,0.661,507.835,45.212,33.002,1.348,31.106,0,weight_variation,12
2026-09-12T09:19:06+00:00,PRESS-RTP41-DEMO,BATCH-DEMO-001,18.375,3.331,0.65,507.536,44.9,32.905,1.166,31.241,0,weight_variation,11
2026-09-12T09:19:07+00:00,PRESS-RTP41-DEMO,BATCH-DEMO-001,18.793,3.535,0.61,510.42,45.429,32.974,1.207,31.066,0,weight_variation,19
2026-09-12T09:19:08+00:00,PRESS-RTP41-DEMO,BATCH-DEMO-001,18.402,3.297,0.621,507.646,45.608,33.036,1.211,31.323,0,weight_variation,11
2026-09-12T09:19:09+00:00,PRESS-RTP41-DEMO,BATCH-DEMO-001,18.659,3.602,0.587,511.293,44.951,32.995,1.034,31.12,0,weight_variation,22
2026-09-12T09:19:10+00:00,PRESS-RTP41-DEMO,BATCH-DEMO-001,17.854,3.486,0.708,506.105,44.718,33.633,1.233,30.774,0,weight_variation,6
2026-09-12T09:19:11+00:00,PRESS-RTP41-DEMO,BATCH-DEMO-001,17.958,3.224,0.618,504.562,45.085,33.497,1.243,30.976,0,weight_variation,6
2026-09-12T09:19:12+00:00,PRESS-RTP41-DEMO,BATCH-DEMO-001,17.915,3.239,0.685,503.246,44.995,33.852,1.092,31.049,0,weight_variation,6
2026-09-12T09:19:13+00:00,PRESS-RTP41-DEMO,BATCH-DEMO-001,18.082,3.581,0.63,496.828,44.967,34.208,1.062,31.022,0,weight_variation,6
2026-09-12T09:19:14+00:00,PRESS-RTP41-DEMO,BATCH-DEMO-001,17.933,3.777,0.61,501.429,44.918,34.191,1.096,31.041,0,weight_variation,6
2026-09-12T09:19:15+00:00,PRESS-RTP41-DEMO,BATCH-DEMO-001,18.107,3.542,0.639,498.59,45.007,34.476,1.132,30.975,0,weight_variation,6
2026-09-12T09:19:16+00:00,PRESS-RTP41-DEMO,BATCH-DEMO-001,18.657,3.635,0.704,500.913,44.877,34.573,1.322,30.881,0,weight_variation,6
2026-09-12T09:19:17+00:00,PRESS-RTP41-DEMO,BATCH-DEMO-001,17.992,3.567,0.697,498.231,44.969,35.258,1.162,30.835,0,weight_variation,6
2026-09-12T09:19:18+00:00,PRESS-RTP41-DEMO,BATCH-DEMO-001,17.743,3.48,0.645,496.029,45.017,34.554,1.295,31.021,0,weight_variation,6
2026-09-12T09:19:19+00:00,PRESS-RTP41-DEMO,BATCH-DEMO-001,18.431,3.563,0.668,498.842,45.125,34.415,1.012,30.985,0,weight_variation,6
2026-09-12T09:19:20+00:00,PRESS-RTP41-DEMO,BATCH-DEMO-001,18.129,3.468,0.618,495.22,44.993,34.181,1.119,30.99,0,weight_variation,6
2026-09-12T09:19:21+00:00,PRESS-RTP41-DEMO,BATCH-DEMO-001,18.13,3.403,0.573,498.752,45.196,34.056,1.132,30.919,0,weight_variation,6
2026-09-12T09:19:22+00:00,PRESS-RTP41-DEMO,BATCH-DEMO-001,18.022,3.46,0.681,488.472,44.993,33.892,1.122,30.886,0,weight_variation,23
2026-09-12T09:19:23+00:00,PRESS-RTP41-DEMO,BATCH-DEMO-001,17.968,3.381,0.69,492.493,45.048,34.548,1.22,30.915,0,weight_variation,11
2026-09-12T09:19:24+00:00,PRESS-RTP41-DEMO,BATCH-DEMO-001,17.96,3.347,0.686,490.948,45.124,34.166,1.138,31.191,0,weight_variation,15
2026-09-12T09:19:25+00:00,PRESS-RTP41-DEMO,BATCH-DEMO-001,17.954,3.436,0.618,494.753,44.9,33.981,1.211,30.936,0,weight_variation,6
2026-09-12T09:19:26+00:00,PRESS-RTP41-DEMO,BATCH-DEMO-001,17.81,3.253,0.613,485.681,44.804,33.653,1.252,31.058,1,weight_variation,31
2026-09-12T09:19:27+00:00,PRESS-RTP41-DEMO,BATCH-DEMO-001,17.498,3.53,0.638,494.498,44.869,33.666,1.13,30.966,0,weight_variation,6
2026-09-12T09:19:28+00:00,PRESS-RTP41-DEMO,BATCH-DEMO-001,17.824,3.367,0.692,488.692,45.087,33.57,1.163,31.104,0,weight_variation,22
2026-09-12T09:19:29+00:00,PRESS-RTP41-DEMO,BATCH-DEMO-001,17.872,3.354,0.588,499.127,44.967,33.15,1.35,30.791,0,weight_variation,6
2026-09-12T09:19:30+00:00,PRESS-RTP41-DEMO,BATCH-DEMO-001,17.838,3.483,0.641,490.761,45.298,33.284,1.189,30.905,0,weight_variation,16
2026-09-12T09:19:31+00:00,PRESS-RTP41-DEMO,BATCH-DEMO-001,17.31,3.402,0.638,483.736,44.87,32.707,1.117,31.182,1,weight_variation,37
2026-09-12T09:19:32+00:00,PRESS-RTP41-DEMO,BATCH-DEMO-001,17.96,3.58,0.643,490.565,45.028,32.568,1.256,31.065,0,weight_variation,16
2026-09-12T09:19:33+00:00,PRESS-RTP41-DEMO,BATCH-DEMO-001,17.52,3.538,0.673,491.864,44.889,32.93,1.062,31.221,0,weight_variation,12
2026-09-12T09:19:34+00:00,PRESS-RTP41-DEMO,BATCH-DEMO-001,17.878,3.71,0.724,496.324,45.159,32.163,1.089,30.857,0,weight_variation,6
2026-09-12T09:19:35+00:00,PRESS-RTP41-DEMO,BATCH-DEMO-001,18.08,3.586,0.684,496.393,45.284,31.822,1.033,31.121,0,weight_variation,6
2026-09-12T09:19:36+00:00,PRESS-RTP41-DEMO,BATCH-DEMO-001,17.742,3.52,0.598,495.073,44.71,30.984,1.143,31.175,0,weight_variation,6
2026-09-12T09:19:37+00:00,PRESS-RTP41-DEMO,BATCH-DEMO-001,18.055,3.486,0.666,493.528,44.854,31.101,1.09,31.013,0,weight_variation,7
2026-09-12T09:19:38+00:00,PRESS-RTP41-DEMO,BATCH-DEMO-001,17.953,3.493,0.678,494.219,45.054,30.937,1.243,31.05,0,weight_variation,6
2026-09-12T09:19:39+00:00,PRESS-RTP41-DEMO,BATCH-DEMO-001,17.725,3.628,0.597,496.372,45.204,31.024,1.278,31.072,0,weight_variation,6
2026-09-12T09:19:40+00:00,PRESS-RTP41-DEMO,BATCH-DEMO-001,17.389,3.746,0.682,495.502,45.024,30.481,1.192,31.071,0,weight_variation,6
2026-09-12T09:19:41+00:00,PRESS-RTP41-DEMO,BATCH-DEMO-001,18.618,3.46,0.632,503.55,44.768,30.469,1.369,31.011,0,weight_variation,6
2026-09-12T09:19:42+00:00,PRESS-RTP41-DEMO,BATCH-DEMO-001,17.969,3.388,0.641,505.206,45.184,30.384,1.255,31.115,0,weight_variation,6
2026-09-12T09:19:43+00:00,PRESS-RTP41-DEMO,BATCH-DEMO-001,18.073,3.492,0.668,503.116,44.739,29.896,1.231,30.868,0,weight_variation,6
2026-09-12T09:19:44+00:00,PRESS-RTP41-DEMO,BATCH-DEMO-001,17.862,3.474,0.595,507.309,44.694,29.428,1.205,31.039,0,weight_variation,10
2026-09-12T09:19:45+00:00,PRESS-RTP41-DEMO,BATCH-DEMO-001,18.251,3.551,0.657,508.082,45.275,29.748,1.122,31.157,0,weight_variation,12
2026-09-12T09:19:46+00:00,PRESS-RTP41-DEMO,BATCH-DEMO-001,18.461,3.435,0.669,512.005,44.905,29.862,1.093,30.889,1,weight_variation,24
2026-09-12T09:19:47+00:00,PRESS-RTP41-DEMO,BATCH-DEMO-001,18.331,3.458,0.607,505.843,45.41,29.624,1.269,31.07,0,weight_variation,6
2026-09-12T09:19:48+00:00,PRESS-RTP41-DEMO,BATCH-DEMO-001,18.247,3.461,0.695,504.887,44.937,29.683,1.197,31.048,0,weight_variation,6
2026-09-12T09:19:49+00:00,PRESS-RTP41-DEMO,BATCH-DEMO-001,17.563,3.237,0.591,502.314,44.884,29.513,1.239,31.065,0,weight_variation,6
2026-09-12T09:19:50+00:00,PRESS-RTP41-DEMO,BATCH-DEMO-001,18.618,3.486,0.626,503.47,45.054,29.588,1.156,31.184,0,weight_variation,6
2026-09-12T09:19:51+00:00,PRESS-RTP41-DEMO,BATCH-DEMO-001,18.151,3.592,0.648,500.672,45.016,29.746,1.206,30.937,0,weight_variation,6
2026-09-12T09:19:52+00:00,PRESS-RTP41-DEMO,BATCH-DEMO-001,18.415,3.266,0.694,513.219,45.231,29.8,1.198,30.976,1,weight_variation,28
2026-09-12T09:19:53+00:00,PRESS-RTP41-DEMO,BATCH-DEMO-001,18.209,3.464,0.631,511.332,45.002,29.577,0.985,30.874,0,weight_variation,22
2026-09-12T09:19:54+00:00,PRESS-RTP41-DEMO,BATCH-DEMO-001,18.454,3.78,0.583,508.516,45.216,29.439,1.27,30.922,0,weight_variation,14
2026-09-12T09:19:55+00:00,PRESS-RTP41-DEMO,BATCH-DEMO-001,18.188,3.483,0.71,511.075,44.871,29.118,1.327,30.987,0,weight_variation,21
2026-09-12T09:19:56+00:00,PRESS-RTP41-DEMO,BATCH-DEMO-001,18.008,3.486,0.618,510.493,44.496,30.126,1.217,30.904,0,weight_variation,19
2026-09-12T09:19:57+00:00,PRESS-RTP41-DEMO,BATCH-DEMO-001,18.271,3.447,0.609,513.345,45.422,29.832,1.117,30.967,1,weight_variation,28
2026-09-12T09:19:58+00:00,PRESS-RTP41-DEMO,BATCH-DEMO-001,18.208,3.48,0.682,507.72,44.945,30.221,1.171,31.12,0,weight_variation,11
2026-09-12T09:19:59+00:00,PRESS-RTP41-DEMO,BATCH-DEMO-001,18.164,3.499,0.687,506.89,45.387,30.238,1.082,31.029,0,weight_variation,9
2026-09-12T09:20:00+00:00,PRESS-RTP41-DEMO,BATCH-DEMO-001,18.129,3.895,0.667,509.974,45.123,30.744,1.126,31.019,0,weight_variation,18
2026-09-12T09:20:01+00:00,PRESS-RTP41-DEMO,BATCH-DEMO-001,17.742,3.223,0.699,504.457,45.09,30.807,1.265,30.834,0,weight_variation,6
2026-09-12T09:20:02+00:00,PRESS-RTP41-DEMO,BATCH-DEMO-001,17.811,3.642,0.639,498.904,45.167,31.344,1.189,31.048,0,weight_variation,6
2026-09-12T09:20:03+00:00,PRESS-RTP41-DEMO,BATCH-DEMO-001,18.113,3.388,0.639,510.931,44.849,31.516,1.266,30.891,0,weight_variation,21
2026-09-12T09:20:04+00:00,PRESS-RTP41-DEMO,BATCH-DEMO-001,17.885,3.369,0.612,498.347,44.96,31.618,1.013,30.891,0,weight_variation,6
2026-09-12T09:20:05+00:00,PRESS-RTP41-DEMO,BATCH-DEMO-001,18.221,3.424,0.628,499.855,45.239,32.052,1.272,30.908,0,weight_variation,6
2026-09-12T09:20:06+00:00,PRESS-RTP41-DEMO,BATCH-DEMO-001,18.136,3.38,0.646,505.063,45.144,31.607,1.174,31.01,0,weight_variation,6
2026-09-12T09:20:07+00:00,PRESS-RTP41-DEMO,BATCH-DEMO-001,18.22,3.436,0.621,501.699,45.095,32.11,1.208,31.183,0,weight_variation,6
2026-09-12T09:20:08+00:00,PRESS-RTP41-DEMO,BATCH-DEMO-001,17.67,3.325,0.676,495.211,45.203,32.902,1.143,31.003,0,weight_variation,6
2026-09-12T09:20:09+00:00,PRESS-RTP41-DEMO,BATCH-DEMO-001,17.426,3.467,0.683,496.598,44.998,32.439,1.212,31.001,0,weight_variation,6
2026-09-12T09:20:10+00:00,PRESS-RTP41-DEMO,BATCH-DEMO-001,17.845,3.463,0.672,498.333,44.627,33.128,1.175,31.014,0,weight_variation,6
2026-09-12T09:20:11+00:00,PRESS-RTP41-DEMO,BATCH-DEMO-001,18.012,3.721,0.642,492.588,44.789,33.436,1.091,31.105,0,weight_variation,10
2026-09-12T09:20:12+00:00,PRESS-RTP41-DEMO,BATCH-DEMO-001,17.5,3.57,0.679,494.528,44.933,33.352,1.195,30.849,0,weight_variation,6
2026-09-12T09:20:13+00:00,PRESS-RTP41-DEMO,BATCH-DEMO-001,17.83,3.35,0.562,491.836,45.013,33.374,1.278,31.097,0,weight_variation,12
2026-09-12T09:20:14+00:00,PRESS-RTP41-DEMO,BATCH-DEMO-001,17.747,3.513,0.6,492.27,45.169,33.866,1.096,30.799,0,weight_variation,11
2026-09-12T09:20:15+00:00,PRESS-RTP41-DEMO,BATCH-DEMO-001,17.773,3.757,0.593,493.186,45.064,33.89,1.423,30.852,0,weight_variation,8
2026-09-12T09:20:16+00:00,PRESS-RTP41-DEMO,BATCH-DEMO-001,17.413,3.498,0.639,486.902,45.27,34.288,1.124,31.153,1,weight_variation,27
2026-09-12T09:20:17+00:00,PRESS-RTP41-DEMO,BATCH-DEMO-001,18.099,3.522,0.619,488.935,44.831,33.827,1.31,30.929,0,weight_variation,21
2026-09-12T09:20:18+00:00,PRESS-RTP41-DEMO,BATCH-DEMO-001,17.385,3.531,0.569,491.563,45.039,34.058,1.249,31.077,0,weight_variation,13
2026-09-12T09:20:19+00:00,PRESS-RTP41-DEMO,BATCH-DEMO-001,17.906,3.41,0.623,499.129,45.109,34.491,1.23,31.22,0,weight_variation,6
2026-09-12T09:20:20+00:00,PRESS-RTP41-DEMO,BATCH-DEMO-001,17.4,3.53,0.722,494.725,44.984,34.294,1.24,30.956,0,weight_variation,6
2026-09-12T09:20:21+00:00,PRESS-RTP41-DEMO,BATCH-DEMO-001,17.373,3.462,0.657,486.699,44.936,34.554,1.174,31.014,1,weight_variation,28
2026-09-12T09:20:22+00:00,PRESS-RTP41-DEMO,BATCH-DEMO-001,18.211,3.271,0.623,494.724,44.569,35.016,1.152,30.964,0,weight_variation,6
2026-09-12T09:20:23+00:00,PRESS-RTP41-DEMO,BATCH-DEMO-001,18.11,3.482,0.676,492.393,45.312,34.526,1.151,30.853,0,weight_variation,11
2026-09-12T09:20:24+00:00,PRESS-RTP41-DEMO,BATCH-DEMO-001,17.688,3.429,0.681,491.227,44.87,34.612,1.17,30.987,0,weight_variation,14
2026-09-12T09:20:25+00:00,PRESS-RTP41-DEMO,BATCH-DEMO-001,18.256,3.646,0.62,493.592,45.009,34.081,1.161,30.9,0,weight_variation,7
2026-09-12T09:20:26+00:00,PRESS-RTP41-DEMO,BATCH-DEMO-001,17.741,3.476,0.689,495.338,44.945,34.304,1.323,31.099,0,weight_variation,6
2026-09-12T09:20:27+00:00,PRESS-RTP41-DEMO,BATCH-DEMO-001,18.131,3.52,0.704,499.87,45.124,34.641,1.134,30.998,0,weight_variation,6
2026-09-12T09:20:28+00:00,PRESS-RTP41-DEMO,BATCH-DEMO-001,18.415,3.601,0.665,495.935,44.651,33.747,1.286,30.941,0,weight_variation,6
2026-09-12T09:20:29+00:00,PRESS-RTP41-DEMO,BATCH-DEMO-001,17.946,3.481,0.632,495.588,45.081,33.802,1.22,30.951,0,weight_variation,6
2026-09-12T09:20:30+00:00,PRESS-RTP41-DEMO,BATCH-DEMO-001,17.787,3.676,0.682,501.143,44.954,33.061,1.115,30.789,0,weight_variation,6
2026-09-12T09:20:31+00:00,PRESS-RTP41-DEMO,BATCH-DEMO-001,18.058,3.746,0.622,497.985,44.674,34.115,1.25,31.154,0,weight_variation,6
2026-09-12T09:20:32+00:00,PRESS-RTP41-DEMO,BATCH-DEMO-001,17.861,3.468,0.558,497.943,44.992,33.288,1.293,31.032,0,weight_variation,6
2026-09-12T09:20:33+00:00,PRESS-RTP41-DEMO,BATCH-DEMO-001,17.744,3.423,0.724,499.421,44.993,33.397,1.247,31.056,0,weight_variation,6
2026-09-12T09:20:34+00:00,PRESS-RTP41-DEMO,BATCH-DEMO-001,18.259,3.36,0.646,499.516,45.323,32.895,1.172,30.88,0,weight_variation,6
2026-09-12T09:20:35+00:00,PRESS-RTP41-DEMO,BATCH-DEMO-001,18.247,3.263,0.682,507.194,44.979,32.609,1.28,31.081,0,weight_variation,10
2026-09-12T09:20:36+00:00,PRESS-RTP41-DEMO,BATCH-DEMO-001,17.835,3.454,0.649,500.228,45.069,31.957,1.214,30.999,0,weight_variation,6
2026-09-12T09:20:37+00:00,PRESS-RTP41-DEMO,BATCH-DEMO-001,17.723,3.555,0.66,509.046,45.054,31.806,1.295,31.004,0,weight_variation,15
2026-09-12T09:20:38+00:00,PRESS-RTP41-DEMO,BATCH-DEMO-001,17.835,3.415,0.661,503.46,45.0,32.083,1.07,31.006,0,weight_variation,6
2026-09-12T09:20:39+00:00,PRESS-RTP41-DEMO,BATCH-DEMO-001,18.75,3.535,0.712,510.545,44.875,31.426,1.312,30.907,0,weight_variation,20
2026-09-12T09:20:40+00:00,PRESS-RTP41-DEMO,BATCH-DEMO-001,18.268,3.366,0.731,514.98,44.923,30.945,1.19,31.08,1,weight_variation,33
2026-09-12T09:20:41+00:00,PRESS-RTP41-DEMO,BATCH-DEMO-001,18.791,3.524,0.715,508.439,45.187,31.101,1.16,31.184,0,weight_variation,13
2026-09-12T09:20:42+00:00,PRESS-RTP41-DEMO,BATCH-DEMO-001,18.132,3.393,0.685,512.509,45.158,30.861,1.088,31.15,1,weight_variation,26
2026-09-12T09:20:43+00:00,PRESS-RTP41-DEMO,BATCH-DEMO-001,18.445,3.392,0.62,513.193,44.85,30.768,1.215,31.051,1,weight_variation,28
2026-09-12T09:20:44+00:00,PRESS-RTP41-DEMO,BATCH-DEMO-001,18.553,3.533,0.614,513.065,45.27,30.46,1.342,30.831,1,weight_variation,27
2026-09-12T09:20:45+00:00,PRESS-RTP41-DEMO,BATCH-DEMO-001,17.768,3.33,0.614,501.928,45.316,29.979,1.234,30.975,0,weight_variation,6
2026-09-12T09:20:46+00:00,PRESS-RTP41-DEMO,BATCH-DEMO-001,18.303,3.52,0.601,507.091,44.827,29.609,1.283,30.949,0,weight_variation,9
2026-09-12T09:20:47+00:00,PRESS-RTP41-DEMO,BATCH-DEMO-001,17.994,3.429,0.647,506.167,45.225,30.025,1.181,31.214,0,weight_variation,7
2026-09-12T09:20:48+00:00,PRESS-RTP41-DEMO,BATCH-DEMO-001,18.293,3.485,0.65,507.203,44.895,29.995,1.143,30.925,0,weight_variation,10
2026-09-12T09:20:49+00:00,PRESS-RTP41-DEMO,BATCH-DEMO-001,17.881,3.561,0.599,511.713,45.183,29.593,1.257,31.058,0,weight_variation,23
2026-09-12T09:20:50+00:00,PRESS-RTP41-DEMO,BATCH-DEMO-001,17.831,3.55,0.695,504.908,45.078,29.451,1.376,31.102,0,weight_variation,6
2026-09-12T09:20:51+00:00,PRESS-RTP41-DEMO,BATCH-DEMO-001,18.621,3.483,0.663,509.69,45.308,29.457,1.359,31.118,0,weight_variation,17
2026-09-12T09:20:52+00:00,PRESS-RTP41-DEMO,BATCH-DEMO-001,18.463,3.633,0.669,509.151,45.295,29.599,1.267,30.879,0,weight_variation,15
2026-09-12T09:20:53+00:00,PRESS-RTP41-DEMO,BATCH-DEMO-001,18.289,3.676,0.674,506.938,45.154,29.286,1.058,30.885,0,weight_variation,9
2026-09-12T09:20:54+00:00,PRESS-RTP41-DEMO,BATCH-DEMO-001,17.904,3.434,0.688,504.535,44.853,29.506,1.165,31.103,0,weight_variation,6
2026-09-12T09:20:55+00:00,PRESS-RTP41-DEMO,BATCH-DEMO-001,17.853,3.346,0.586,504.528,45.139,29.615,1.13,30.854,0,weight_variation,6
2026-09-12T09:20:56+00:00,PRESS-RTP41-DEMO,BATCH-DEMO-001,17.13,3.559,0.633,494.88,45.444,29.788,1.215,30.986,0,weight_variation,6
2026-09-12T09:20:57+00:00,PRESS-RTP41-DEMO,BATCH-DEMO-001,17.565,3.291,0.645,495.488,44.986,29.622,1.246,31.015,0,weight_variation,6
2026-09-12T09:20:58+00:00,PRESS-RTP41-DEMO,BATCH-DEMO-001,17.817,3.384,0.666,494.309,45.414,30.105,1.215,31.14,0,weight_variation,6
2026-09-12T09:20:59+00:00,PRESS-RTP41-DEMO,BATCH-DEMO-001,17.779,3.33,0.682,497.544,44.8,30.235,1.229,30.872,0,weight_variation,6
2026-09-12T09:21:00+00:00,PRESS-RTP41-DEMO,BATCH-DEMO-001,17.862,3.727,0.642,497.04,45.015,30.549,1.143,31.101,0,weight_variation,6
2026-09-12T09:21:01+00:00,PRESS-RTP41-DEMO,BATCH-DEMO-001,17.707,3.511,0.715,493.822,44.87,30.119,1.276,31.15,0,weight_variation,7
2026-09-12T09:21:02+00:00,PRESS-RTP41-DEMO,BATCH-DEMO-001,17.552,3.42,0.605,491.748,45.048,30.373,1.065,30.951,0,weight_variation,13
2026-09-12T09:21:03+00:00,PRESS-RTP41-DEMO,BATCH-DEMO-001,18.009,3.56,0.674,492.23,45.169,30.922,1.241,31.156,0,weight_variation,11
2026-09-12T09:21:04+00:00,PRESS-RTP41-DEMO,BATCH-DEMO-001,17.537,3.347,0.716,494.453,45.101,30.926,1.191,31.152,0,weight_variation,6
2026-09-12T09:21:05+00:00,PRESS-RTP41-DEMO,BATCH-DEMO-001,17.406,3.522,0.658,484.076,45.128,31.277,1.197,31.18,1,weight_variation,36
2026-09-12T09:21:06+00:00,PRESS-RTP41-DEMO,BATCH-DEMO-001,17.951,3.436,0.608,489.417,44.976,31.26,1.337,30.846,0,weight_variation,20
2026-09-12T09:21:07+00:00,PRESS-RTP41-DEMO,BATCH-DEMO-001,17.609,3.536,0.65,492.792,44.813,31.384,1.226,30.784,0,weight_variation,10
2026-09-12T09:21:08+00:00,PRESS-RTP41-DEMO,BATCH-DEMO-001,17.801,3.633,0.667,495.16,45.045,31.322,1.231,30.981,0,weight_variation,6
2026-09-12T09:21:09+00:00,PRESS-RTP41-DEMO,BATCH-DEMO-001,17.496,3.381,0.692,488.996,45.148,31.794,1.194,31.051,0,weight_variation,21
2026-09-12T09:21:10+00:00,PRESS-RTP41-DEMO,BATCH-DEMO-001,17.643,3.605,0.571,488.7,44.662,32.143,1.137,31.047,0,weight_variation,22
2026-09-12T09:21:11+00:00,PRESS-RTP41-DEMO,BATCH-DEMO-001,17.884,3.637,0.707,488.971,44.401,32.694,1.294,30.852,0,weight_variation,21
2026-09-12T09:21:12+00:00,PRESS-RTP41-DEMO,BATCH-DEMO-001,18.134,3.557,0.674,497.942,44.614,33.053,1.157,31.26,0,weight_variation,6
2026-09-12T09:21:13+00:00,PRESS-RTP41-DEMO,BATCH-DEMO-001,17.826,3.658,0.623,494.358,45.105,33.31,1.086,31.255,0,weight_variation,6
2026-09-12T09:21:14+00:00,PRESS-RTP41-DEMO,BATCH-DEMO-001,18.049,3.463,0.651,488.437,45.023,33.258,1.255,31.274,0,weight_variation,23
2026-09-12T09:21:15+00:00,PRESS-RTP41-DEMO,BATCH-DEMO-001,17.669,3.276,0.64,494.638,45.093,33.383,1.051,30.88,0,weight_variation,6
2026-09-12T09:21:16+00:00,PRESS-RTP41-DEMO,BATCH-DEMO-001,17.808,3.739,0.715,494.158,45.139,33.861,1.325,31.102,0,weight_variation,6
2026-09-12T09:21:17+00:00,PRESS-RTP41-DEMO,BATCH-DEMO-001,17.76,3.404,0.649,500.255,44.825,33.945,1.076,30.892,0,weight_variation,6
2026-09-12T09:21:18+00:00,PRESS-RTP41-DEMO,BATCH-DEMO-001,17.274,3.613,0.66,494.706,45.16,33.725,1.215,30.978,0,weight_variation,6
2026-09-12T09:21:19+00:00,PRESS-RTP41-DEMO,BATCH-DEMO-001,17.874,3.576,0.679,496.017,44.895,34.155,1.246,31.076,0,weight_variation,6
2026-09-12T09:21:20+00:00,PRESS-RTP41-DEMO,BATCH-DEMO-001,17.798,3.578,0.72,493.438,45.207,33.957,1.23,31.001,0,weight_variation,8
2026-09-12T09:21:21+00:00,PRESS-RTP41-DEMO,BATCH-DEMO-001,17.937,3.555,0.687,500.204,45.195,34.065,1.143,30.825,0,weight_variation,6
2026-09-12T09:21:22+00:00,PRESS-RTP41-DEMO,BATCH-DEMO-001,18.135,3.592,0.654,501.363,44.645,34.481,1.141,31.071,0,weight_variation,6
2026-09-12T09:21:23+00:00,PRESS-RTP41-DEMO,BATCH-DEMO-001,18.039,3.688,0.704,500.942,44.835,34.7,1.186,30.969,0,weight_variation,6
2026-09-12T09:21:24+00:00,PRESS-RTP41-DEMO,BATCH-DEMO-001,17.815,3.523,0.697,502.169,44.903,34.086,1.056,31.022,0,weight_variation,6
2026-09-12T09:21:25+00:00,PRESS-RTP41-DEMO,BATCH-DEMO-001,17.963,3.509,0.683,497.743,44.98,34.51,1.172,31.013,0,weight_variation,6
2026-09-12T09:21:26+00:00,PRESS-RTP41-DEMO,BATCH-DEMO-001,18.06,3.609,0.612,507.004,45.135,34.356,1.19,30.892,0,weight_variation,9
2026-09-12T09:21:27+00:00,PRESS-RTP41-DEMO,BATCH-DEMO-001,17.907,3.368,0.678,505.011,45.118,33.974,1.062,30.919,0,weight_variation,6
2026-09-12T09:21:28+00:00,PRESS-RTP41-DEMO,BATCH-DEMO-001,17.935,3.485,0.637,499.179,45.263,34.532,1.316,30.893,0,weight_variation,6
2026-09-12T09:21:29+00:00,PRESS-RTP41-DEMO,BATCH-DEMO-001,18.198,3.387,0.646,513.255,45.111,33.735,1.165,31.028,1,weight_variation,28
2026-09-12T09:21:30+00:00,PRESS-RTP41-DEMO,BATCH-DEMO-001,18.555,3.443,0.664,513.683,45.05,34.067,1.388,31.036,1,weight_variation,29
2026-09-12T09:21:31+00:00,PRESS-RTP41-DEMO,BATCH-DEMO-001,18.409,3.43,0.652,509.585,45.137,33.971,1.14,30.991,0,weight_variation,17
2026-09-12T09:21:32+00:00,PRESS-RTP41-DEMO,BATCH-DEMO-001,18.373,3.329,0.695,511.468,44.989,33.882,1.314,31.086,0,weight_variation,22
2026-09-12T09:21:33+00:00,PRESS-RTP41-DEMO,BATCH-DEMO-001,18.008,3.725,0.657,511.909,44.93,33.554,1.059,31.056,0,weight_variation,24
2026-09-12T09:21:34+00:00,PRESS-RTP41-DEMO,BATCH-DEMO-001,18.068,3.598,0.641,506.507,44.98,33.56,1.19,31.175,0,weight_variation,8
2026-09-12T09:21:35+00:00,PRESS-RTP41-DEMO,BATCH-DEMO-001,18.224,3.761,0.708,507.295,44.914,33.437,1.146,31.001,0,weight_variation,10
2026-09-12T09:21:36+00:00,PRESS-RTP41-DEMO,BATCH-DEMO-001,17.988,3.502,0.615,510.734,45.111,33.065,1.28,30.981,0,weight_variation,20
2026-09-12T09:21:37+00:00,PRESS-RTP41-DEMO,BATCH-DEMO-001,18.559,3.341,0.628,511.655,45.317,32.828,1.195,31.117,0,weight_variation,23
2026-09-12T09:21:38+00:00,PRESS-RTP41-DEMO,BATCH-DEMO-001,18.04,3.506,0.685,510.087,44.684,32.541,1.147,30.965,0,weight_variation,18
2026-09-12T09:21:39+00:00,PRESS-RTP41-DEMO,BATCH-DEMO-001,17.994,3.459,0.684,508.237,45.143,31.993,1.167,31.184,0,weight_variation,13
2026-09-12T09:21:40+00:00,PRESS-RTP41-DEMO,BATCH-DEMO-001,18.309,3.287,0.617,511.745,44.898,31.798,1.175,30.861,0,weight_variation,23
2026-09-12T09:21:41+00:00,PRESS-RTP41-DEMO,BATCH-DEMO-001,17.394,3.549,0.659,503.025,44.816,31.735,1.152,30.999,0,weight_variation,6
2026-09-12T09:21:42+00:00,PRESS-RTP41-DEMO,BATCH-DEMO-001,17.361,3.623,0.691,502.119,45.172,31.878,1.067,31.016,0,weight_variation,6
2026-09-12T09:21:43+00:00,PRESS-RTP41-DEMO,BATCH-DEMO-001,17.926,3.463,0.691,500.346,45.434,31.105,1.113,30.913,0,weight_variation,6
2026-09-12T09:21:44+00:00,PRESS-RTP41-DEMO,BATCH-DEMO-001,17.794,3.446,0.623,495.394,44.761,30.746,1.14,30.989,0,weight_variation,6
2026-09-12T09:21:45+00:00,PRESS-RTP41-DEMO,BATCH-DEMO-001,18.206,3.672,0.622,502.178,44.914,30.317,1.177,31.124,0,weight_variation,6
2026-09-12T09:21:46+00:00,PRESS-RTP41-DEMO,BATCH-DEMO-001,18.139,3.536,0.684,503.098,45.117,30.926,1.13,30.975,0,weight_variation,6
2026-09-12T09:21:47+00:00,PRESS-RTP41-DEMO,BATCH-DEMO-001,18.199,3.562,0.681,503.258,44.948,29.977,1.067,30.966,0,weight_variation,6
2026-09-12T09:21:48+00:00,PRESS-RTP41-DEMO,BATCH-DEMO-001,18.304,3.383,0.631,502.14,44.874,30.301,1.086,30.955,0,weight_variation,6
2026-09-12T09:21:49+00:00,PRESS-RTP41-DEMO,BATCH-DEMO-001,17.929,3.488,0.618,494.161,45.093,30.125,1.098,31.011,0,weight_variation,6
2026-09-12T09:21:50+00:00,PRESS-RTP41-DEMO,BATCH-DEMO-001,18.085,3.341,0.638,501.332,45.205,29.616,1.152,31.012,0,weight_variation,6
2026-09-12T09:21:51+00:00,PRESS-RTP41-DEMO,BATCH-DEMO-001,17.053,3.682,0.689,495.043,45.096,29.918,1.15,31.031,0,weight_variation,6
2026-09-12T09:21:52+00:00,PRESS-RTP41-DEMO,BATCH-DEMO-001,17.448,3.491,0.632,489.936,44.9,29.662,1.128,30.957,0,weight_variation,18
2026-09-12T09:21:53+00:00,PRESS-RTP41-DEMO,BATCH-DEMO-001,17.891,3.445,0.695,487.258,44.921,29.927,1.033,31.214,1,weight_variation,26
2026-09-12T09:21:54+00:00,PRESS-RTP41-DEMO,BATCH-DEMO-001,17.653,3.277,0.607,491.293,45.074,29.164,1.12,30.954,0,weight_variation,14
2026-09-12T09:21:55+00:00,PRESS-RTP41-DEMO,BATCH-DEMO-001,17.81,3.411,0.683,490.328,44.717,29.577,1.3,31.284,0,weight_variation,17
2026-09-12T09:21:56+00:00,PRESS-RTP41-DEMO,BATCH-DEMO-001,17.711,3.551,0.65,493.627,44.772,29.611,1.269,31.004,0,weight_variation,7
2026-09-12T09:21:57+00:00,PRESS-RTP41-DEMO,BATCH-DEMO-001,17.951,3.494,0.74,492.069,44.968,29.479,1.29,31.178,0,weight_variation,12
2026-09-12T09:21:58+00:00,PRESS-RTP41-DEMO,BATCH-DEMO-001,17.667,3.668,0.723,486.978,45.299,29.137,1.313,30.997,1,weight_variation,27
2026-09-12T09:21:59+00:00,PRESS-RTP41-DEMO,BATCH-DEMO-001,17.9,3.641,0.603,495.22,44.948,30.163,1.231,31.112,0,weight_variation,6
2026-09-12T09:22:00+00:00,PRESS-RTP41-DEMO,BATCH-DEMO-001,17.72,3.454,0.582,484.718,45.267,29.859,1.233,31.021,1,weight_variation,34
2026-09-12T09:22:01+00:00,PRESS-RTP41-DEMO,BATCH-DEMO-001,17.502,3.557,0.702,488.833,45.04,29.979,1.143,30.934,0,weight_variation,22
2026-09-12T09:22:02+00:00,PRESS-RTP41-DEMO,BATCH-DEMO-001,17.246,3.35,0.555,492.849,44.687,30.264,1.186,30.962,0,weight_variation,9
2026-09-12T09:22:03+00:00,PRESS-RTP41-DEMO,BATCH-DEMO-001,17.584,3.493,0.633,495.13,45.056,30.245,1.29,31.093,0,weight_variation,6
2026-09-12T09:22:04+00:00,PRESS-RTP41-DEMO,BATCH-DEMO-001,17.843,3.492,0.644,493.248,44.859,30.6,1.166,30.854,0,weight_variation,8
2026-09-12T09:22:05+00:00,PRESS-RTP41-DEMO,BATCH-DEMO-001,17.847,3.663,0.685,492.614,45.246,30.938,1.171,31.02,0,weight_variation,10
2026-09-12T09:22:06+00:00,PRESS-RTP41-DEMO,BATCH-DEMO-001,17.744,3.535,0.645,493.013,45.15,30.424,1.242,30.955,0,weight_variation,9
2026-09-12T09:22:07+00:00,PRESS-RTP41-DEMO,BATCH-DEMO-001,17.891,3.677,0.671,501.606,45.099,30.88,1.252,31.094,0,weight_variation,6
2026-09-12T09:22:08+00:00,PRESS-RTP41-DEMO,BATCH-DEMO-001,17.875,3.59,0.64,490.854,44.738,31.204,1.133,31.14,0,weight_variation,15
2026-09-12T09:22:09+00:00,PRESS-RTP41-DEMO,BATCH-DEMO-001,18.017,3.516,0.64,495.775,44.83,31.256,1.187,30.967,0,weight_variation,6
2026-09-12T09:22:10+00:00,PRESS-RTP41-DEMO,BATCH-DEMO-001,18.233,3.301,0.666,501.845,44.624,31.658,1.21,30.95,0,weight_variation,6
2026-09-12T09:22:11+00:00,PRESS-RTP41-DEMO,BATCH-DEMO-001,17.794,3.47,0.652,500.325,45.194,31.972,1.24,30.901,0,weight_variation,6
2026-09-12T09:22:12+00:00,PRESS-RTP41-DEMO,BATCH-DEMO-001,17.712,3.611,0.711,499.212,44.723,31.802,1.284,31.006,0,weight_variation,6
2026-09-12T09:22:13+00:00,PRESS-RTP41-DEMO,BATCH-DEMO-001,18.299,3.714,0.702,498.005,45.21,32.437,1.215,31.048,0,weight_variation,6
2026-09-12T09:22:14+00:00,PRESS-RTP41-DEMO,BATCH-DEMO-001,17.802,3.441,0.589,502.72,44.997,32.902,1.137,31.154,0,weight_variation,6
2026-09-12T09:22:15+00:00,PRESS-RTP41-DEMO,BATCH-DEMO-001,18.834,3.646,0.603,505.054,44.861,32.518,1.266,31.116,0,weight_variation,6
2026-09-12T09:22:16+00:00,PRESS-RTP41-DEMO,BATCH-DEMO-001,18.406,3.526,0.724,503.025,45.467,32.996,1.268,31.305,0,weight_variation,6
2026-09-12T09:22:17+00:00,PRESS-RTP41-DEMO,BATCH-DEMO-001,18.053,3.348,0.738,508.014,44.968,33.388,1.057,30.93,0,weight_variation,12
2026-09-12T09:22:18+00:00,PRESS-RTP41-DEMO,BATCH-DEMO-001,18.3,3.5,0.675,505.681,45.128,33.636,1.21,31.05,0,weight_variation,6
2026-09-12T09:22:19+00:00,PRESS-RTP41-DEMO,BATCH-DEMO-001,18.407,3.566,0.618,499.261,45.026,33.361,1.222,30.916,0,weight_variation,6
2026-09-12T09:22:20+00:00,PRESS-RTP41-DEMO,BATCH-DEMO-001,17.882,3.303,0.632,505.622,45.086,33.981,1.204,30.936,0,weight_variation,6
2026-09-12T09:22:21+00:00,PRESS-RTP41-DEMO,BATCH-DEMO-001,17.475,3.582,0.591,502.657,45.091,34.319,1.24,30.99,0,weight_variation,6
2026-09-12T09:22:22+00:00,PRESS-RTP41-DEMO,BATCH-DEMO-001,18.332,3.662,0.654,510.555,44.801,34.583,1.097,30.872,0,weight_variation,20
2026-09-12T09:22:23+00:00,PRESS-RTP41-DEMO,BATCH-DEMO-001,18.058,3.55,0.67,510.565,45.208,34.105,1.299,30.912,0,weight_variation,20
2026-09-12T09:22:24+00:00,PRESS-RTP41-DEMO,BATCH-DEMO-001,17.828,3.645,0.749,508.879,44.895,34.456,1.137,30.793,0,weight_variation,15
2026-09-12T09:22:25+00:00,PRESS-RTP41-DEMO,BATCH-DEMO-001,18.273,3.478,0.633,509.921,44.726,34.667,1.205,30.895,0,weight_variation,18
2026-09-12T09:22:26+00:00,PRESS-RTP41-DEMO,BATCH-DEMO-001,17.787,3.539,0.689,503.888,45.023,34.276,1.194,31.17,0,weight_variation,6
2026-09-12T09:22:27+00:00,PRESS-RTP41-DEMO,BATCH-DEMO-001,17.653,3.39,0.662,498.325,45.03,34.268,1.183,31.075,0,weight_variation,6
2026-09-12T09:22:28+00:00,PRESS-RTP41-DEMO,BATCH-DEMO-001,17.947,3.477,0.64,508.685,44.757,34.986,1.155,30.957,0,weight_variation,14
2026-09-12T09:22:29+00:00,PRESS-RTP41-DEMO,BATCH-DEMO-001,17.686,3.464,0.654,504.096,45.1,34.213,1.205,31.14,0,weight_variation,6
2026-09-12T09:22:30+00:00,PRESS-RTP41-DEMO,BATCH-DEMO-001,18.199,3.609,0.629,508.12,44.879,34.349,1.191,31.018,0,weight_variation,12
2026-09-12T09:22:31+00:00,PRESS-RTP41-DEMO,BATCH-DEMO-001,18.644,3.407,0.629,511.573,45.075,34.307,1.234,31.16,0,weight_variation,23
2026-09-12T09:22:32+00:00,PRESS-RTP41-DEMO,BATCH-DEMO-001,18.042,3.406,0.633,509.645,44.944,34.025,1.269,30.797,0,weight_variation,17
2026-09-12T09:22:33+00:00,PRESS-RTP41-DEMO,BATCH-DEMO-001,17.686,3.454,0.654,501.0,45.081,34.421,1.183,31.087,0,weight_variation,6
2026-09-12T09:22:34+00:00,PRESS-RTP41-DEMO,BATCH-DEMO-001,18.055,3.494,0.71,497.699,44.962,33.943,1.259,30.972,0,weight_variation,6
2026-09-12T09:22:35+00:00,PRESS-RTP41-DEMO,BATCH-DEMO-001,17.577,3.566,0.614,502.086,45.087,33.733,1.268,30.765,0,weight_variation,6
2026-09-12T09:22:36+00:00,PRESS-RTP41-DEMO,BATCH-DEMO-001,18.054,3.715,0.618,501.374,45.014,33.294,1.197,30.792,0,weight_variation,6
2026-09-12T09:22:37+00:00,PRESS-RTP41-DEMO,BATCH-DEMO-001,18.4,3.292,0.596,499.508,44.856,33.318,1.209,30.946,0,weight_variation,6
2026-09-12T09:22:38+00:00,PRESS-RTP41-DEMO,BATCH-DEMO-001,17.882,3.661,0.685,496.9,45.007,33.189,1.187,31.039,0,weight_variation,6
2026-09-12T09:22:39+00:00,PRESS-RTP41-DEMO,BATCH-DEMO-001,18.335,3.574,0.603,496.224,44.866,32.472,1.318,31.109,0,weight_variation,6
2026-09-12T09:22:40+00:00,PRESS-RTP41-DEMO,BATCH-DEMO-001,17.894,3.607,0.586,502.674,45.076,33.052,1.171,30.918,0,weight_variation,6
2026-09-12T09:22:41+00:00,PRESS-RTP41-DEMO,BATCH-DEMO-001,17.992,3.666,0.639,495.282,44.931,32.624,1.423,30.932,0,weight_variation,6
2026-09-12T09:22:42+00:00,PRESS-RTP41-DEMO,BATCH-DEMO-001,17.902,3.665,0.705,502.762,45.093,32.387,0.959,31.166,0,weight_variation,6
2026-09-12T09:22:43+00:00,PRESS-RTP41-DEMO,BATCH-DEMO-001,17.93,3.369,0.634,492.769,45.449,32.167,1.281,31.032,0,weight_variation,10
2026-09-12T09:22:44+00:00,PRESS-RTP41-DEMO,BATCH-DEMO-001,17.872,3.866,0.627,487.979,45.187,32.051,1.192,30.879,1,weight_variation,24
2026-09-12T09:22:45+00:00,PRESS-RTP41-DEMO,BATCH-DEMO-001,18.005,3.359,0.677,490.057,45.172,31.85,1.302,31.197,0,weight_variation,18
2026-09-12T09:22:46+00:00,PRESS-RTP41-DEMO,BATCH-DEMO-001,17.751,3.635,0.588,495.784,44.777,31.209,1.24,30.884,0,weight_variation,6
2026-09-12T09:22:47+00:00,PRESS-RTP41-DEMO,BATCH-DEMO-001,17.746,3.465,0.698,493.082,45.193,31.224,1.354,30.87,0,weight_variation,9
2026-09-12T09:22:48+00:00,PRESS-RTP41-DEMO,BATCH-DEMO-001,17.988,3.48,0.614,488.164,45.179,31.011,1.308,30.999,0,weight_variation,24
2026-09-12T09:22:49+00:00,PRESS-RTP41-DEMO,BATCH-DEMO-001,16.897,3.459,0.677,482.736,44.905,30.738,1.242,30.989,1,weight_variation,40
2026-09-12T09:22:50+00:00,PRESS-RTP41-DEMO,BATCH-DEMO-001,17.658,3.375,0.701,494.363,45.101,30.545,1.235,30.947,0,weight_variation,6
2026-09-12T09:22:51+00:00,PRESS-RTP41-DEMO,BATCH-DEMO-001,17.429,3.456,0.68,486.862,44.916,29.981,1.214,30.711,1,weight_variation,27
2026-09-12T09:22:52+00:00,PRESS-RTP41-DEMO,BATCH-DEMO-001,17.821,3.192,0.631,484.142,44.858,29.866,1.241,30.966,1,weight_variation,36
2026-09-12T09:22:53+00:00,PRESS-RTP41-DEMO,BATCH-DEMO-001,17.96,3.531,0.65,491.639,44.64,30.36,1.196,31.113,0,weight_variation,13
2026-09-12T09:22:54+00:00,PRESS-RTP41-DEMO,BATCH-DEMO-001,17.839,3.69,0.7,494.695,44.851,29.497,1.291,31.02,0,weight_variation,6
2026-09-12T09:22:55+00:00,PRESS-RTP41-DEMO,BATCH-DEMO-001,17.546,3.321,0.694,491.055,44.811,29.585,1.106,30.925,0,weight_variation,15
2026-09-12T09:22:56+00:00,PRESS-RTP41-DEMO,BATCH-DEMO-001,17.972,3.547,0.644,494.386,45.002,29.453,1.24,31.108,0,weight_variation,6
2026-09-12T09:22:57+00:00,PRESS-RTP41-DEMO,BATCH-DEMO-001,18.462,3.523,0.624,497.58,45.164,30.005,1.277,30.91,0,weight_variation,6
2026-09-12T09:22:58+00:00,PRESS-RTP41-DEMO,BATCH-DEMO-001,17.955,3.6,0.584,498.771,44.919,29.195,1.088,30.886,0,weight_variation,6
2026-09-12T09:22:59+00:00,PRESS-RTP41-DEMO,BATCH-DEMO-001,18.023,3.521,0.688,493.514,45.126,29.642,1.184,30.909,0,weight_variation,7
2026-09-12T09:23:00+00:00,PRESS-RTP41-DEMO,BATCH-DEMO-001,17.782,3.537,0.648,496.92,45.101,32.165,1.115,31.114,0,normal,6
2026-09-12T09:23:01+00:00,PRESS-RTP41-DEMO,BATCH-DEMO-001,18.19,3.514,0.633,502.504,44.981,32.399,1.192,30.6,0,normal,6
2026-09-12T09:23:02+00:00,PRESS-RTP41-DEMO,BATCH-DEMO-001,17.677,3.593,0.668,501.612,45.218,32.406,1.17,31.107,0,normal,6
2026-09-12T09:23:03+00:00,PRESS-RTP41-DEMO,BATCH-DEMO-001,18.214,3.396,0.674,502.133,45.193,32.476,1.393,31.026,0,normal,6
2026-09-12T09:23:04+00:00,PRESS-RTP41-DEMO,BATCH-DEMO-001,17.868,3.586,0.655,501.594,45.062,31.566,1.156,30.909,0,normal,6
2026-09-12T09:23:05+00:00,PRESS-RTP41-DEMO,BATCH-DEMO-001,17.402,3.567,0.714,497.874,45.198,31.64,1.143,30.987,0,normal,6
2026-09-12T09:23:06+00:00,PRESS-RTP41-DEMO,BATCH-DEMO-001,18.122,3.669,0.635,500.543,44.964,32.082,1.107,30.951,0,normal,6
2026-09-12T09:23:07+00:00,PRESS-RTP41-DEMO,BATCH-DEMO-001,17.969,3.257,0.663,499.875,44.862,31.923,1.195,31.197,0,normal,6
2026-09-12T09:23:08+00:00,PRESS-RTP41-DEMO,BATCH-DEMO-001,17.85,3.338,0.652,503.058,44.945,32.02,1.122,30.904,0,normal,6
2026-09-12T09:23:09+00:00,PRESS-RTP41-DEMO,BATCH-DEMO-001,18.153,3.542,0.657,499.366,45.2,31.826,1.253,31.032,0,normal,6
2026-09-12T09:23:10+00:00,PRESS-RTP41-DEMO,BATCH-DEMO-001,17.683,3.419,0.602,500.552,45.034,31.785,1.165,30.941,0,normal,6
2026-09-12T09:23:11+00:00,PRESS-RTP41-DEMO,BATCH-DEMO-001,18.087,3.533,0.666,502.365,45.05,32.282,1.104,30.933,0,normal,6
2026-09-12T09:23:12+00:00,PRESS-RTP41-DEMO,BATCH-DEMO-001,18.088,3.455,0.702,497.732,45.123,32.426,1.134,30.913,0,normal,6
2026-09-12T09:23:13+00:00,PRESS-RTP41-DEMO,BATCH-DEMO-001,18.469,3.501,0.613,498.615,45.106,32.266,1.004,30.974,0,normal,6
2026-09-12T09:23:14+00:00,PRESS-RTP41-DEMO,BATCH-DEMO-001,17.827,3.73,0.65,501.605,44.841,31.919,0.995,31.121,0,normal,6
2026-09-12T09:23:15+00:00,PRESS-RTP41-DEMO,BATCH-DEMO-001,18.305,3.454,0.604,504.91,44.883,32.027,1.278,31.051,0,normal,6
2026-09-12T09:23:16+00:00,PRESS-RTP41-DEMO,BATCH-DEMO-001,17.785,3.757,0.597,500.996,44.877,31.962,1.224,30.8,0,normal,6
2026-09-12T09:23:17+00:00,PRESS-RTP41-DEMO,BATCH-DEMO-001,18.076,3.638,0.629,502.225,45.135,32.127,1.12,30.901,0,normal,6
2026-09-12T09:23:18+00:00,PRESS-RTP41-DEMO,BATCH-DEMO-001,18.092,3.558,0.657,496.508,45.165,31.725,1.31,31.251,0,normal,6
2026-09-12T09:23:19+00:00,PRESS-RTP41-DEMO,BATCH-DEMO-001,18.405,3.479,0.667,496.624,44.944,32.577,1.045,31.041,0,normal,6
2026-09-12T09:23:20+00:00,PRESS-RTP41-DEMO,BATCH-DEMO-001,17.948,3.563,0.631,501.617,44.993,31.727,1.129,31.054,0,normal,6
2026-09-12T09:23:21+00:00,PRESS-RTP41-DEMO,BATCH-DEMO-001,17.588,3.601,0.563,502.984,44.781,32.36,1.335,30.968,0,normal,6
2026-09-12T09:23:22+00:00,PRESS-RTP41-DEMO,BATCH-DEMO-001,18.434,3.523,0.666,503.07,44.946,32.232,1.138,31.191,0,normal,6
2026-09-12T09:23:23+00:00,PRESS-RTP41-DEMO,BATCH-DEMO-001,17.836,3.637,0.659,501.322,44.606,31.991,1.247,31.056,0,normal,6
2026-09-12T09:23:24+00:00,PRESS-RTP41-DEMO,BATCH-DEMO-001,17.854,3.622,0.642,497.783,45.06,31.986,1.134,30.846,0,normal,6
2026-09-12T09:23:25+00:00,PRESS-RTP41-DEMO,BATCH-DEMO-001,18.272,3.425,0.64,502.683,44.935,32.082,1.159,30.926,0,normal,6
2026-09-12T09:23:26+00:00,PRESS-RTP41-DEMO,BATCH-DEMO-001,17.567,3.699,0.666,500.69,45.0,31.779,1.213,30.878,0,normal,6
2026-09-12T09:23:27+00:00,PRESS-RTP41-DEMO,BATCH-DEMO-001,18.093,3.556,0.642,501.274,45.128,32.098,1.078,30.91,0,normal,6
2026-09-12T09:23:28+00:00,PRESS-RTP41-DEMO,BATCH-DEMO-001,17.977,3.647,0.648,500.406,45.01,31.907,1.228,30.816,0,normal,6
2026-09-12T09:23:29+00:00,PRESS-RTP41-DEMO,BATCH-DEMO-001,17.785,3.716,0.686,498.78,45.095,31.894,1.113,31.026,0,normal,6
2026-09-12T09:23:30+00:00,PRESS-RTP41-DEMO,BATCH-DEMO-001,17.79,3.657,0.641,498.528,44.999,31.946,1.26,31.084,0,normal,6
2026-09-12T09:23:31+00:00,PRESS-RTP41-DEMO,BATCH-DEMO-001,17.743,3.584,0.697,500.729,45.205,31.844,1.285,31.013,0,normal,6
2026-09-12T09:23:32+00:00,PRESS-RTP41-DEMO,BATCH-DEMO-001,18.325,3.528,0.671,496.627,44.739,32.016,1.113,30.854,0,normal,6
2026-09-12T09:23:33+00:00,PRESS-RTP41-DEMO,BATCH-DEMO-001,17.305,3.371,0.659,497.582,45.116,31.539,1.354,31.142,0,normal,6
2026-09-12T09:23:34+00:00,PRESS-RTP41-DEMO,BATCH-DEMO-001,17.321,3.259,0.651,496.586,44.854,32.085,1.043,31.075,0,normal,6
2026-09-12T09:23:35+00:00,PRESS-RTP41-DEMO,BATCH-DEMO-001,17.972,3.326,0.702,501.28,44.869,32.259,1.148,30.792,0,normal,6
2026-09-12T09:23:36+00:00,PRESS-RTP41-DEMO,BATCH-DEMO-001,17.947,3.51,0.646,499.898,45.018,31.957,1.213,31.125,0,normal,6
2026-09-12T09:23:37+00:00,PRESS-RTP41-DEMO,BATCH-DEMO-001,17.989,3.585,0.634,498.418,44.714,32.097,1.213,30.844,0,normal,6
2026-09-12T09:23:38+00:00,PRESS-RTP41-DEMO,BATCH-DEMO-001,17.647,3.696,0.665,499.147,45.02,31.832,1.208,31.025,0,normal,6
2026-09-12T09:23:39+00:00,PRESS-RTP41-DEMO,BATCH-DEMO-001,17.567,3.362,0.659,497.55,45.171,31.937,1.177,31.08,0,normal,6
2026-09-12T09:23:40+00:00,PRESS-RTP41-DEMO,BATCH-DEMO-001,18.061,3.599,0.622,500.728,45.129,31.932,1.173,31.051,0,normal,6
2026-09-12T09:23:41+00:00,PRESS-RTP41-DEMO,BATCH-DEMO-001,18.243,3.423,0.67,498.325,44.69,32.142,1.195,30.883,0,normal,6
2026-09-12T09:23:42+00:00,PRESS-RTP41-DEMO,BATCH-DEMO-001,17.733,3.54,0.661,501.882,45.035,31.899,1.28,31.237,0,normal,6
2026-09-12T09:23:43+00:00,PRESS-RTP41-DEMO,BATCH-DEMO-001,17.977,3.44,0.651,498.988,44.728,32.023,1.2,30.895,0,normal,6
2026-09-12T09:23:44+00:00,PRESS-RTP41-DEMO,BATCH-DEMO-001,18.294,3.825,0.662,498.203,44.997,32.122,1.191,31.004,0,normal,6
2026-09-12T09:23:45+00:00,PRESS-RTP41-DEMO,BATCH-DEMO-001,18.093,3.385,0.673,498.539,45.359,31.841,1.058,31.094,0,normal,6
2026-09-12T09:23:46+00:00,PRESS-RTP41-DEMO,BATCH-DEMO-001,17.646,3.96,0.7,501.454,44.826,32.18,1.261,30.971,0,normal,6
2026-09-12T09:23:47+00:00,PRESS-RTP41-DEMO,BATCH-DEMO-001,17.851,3.415,0.669,501.171,44.904,31.948,1.269,31.153,0,normal,6
2026-09-12T09:23:48+00:00,PRESS-RTP41-DEMO,BATCH-DEMO-001,18.008,3.457,0.676,496.203,44.898,31.796,1.16,31.036,0,normal,6
2026-09-12T09:23:49+00:00,PRESS-RTP41-DEMO,BATCH-DEMO-001,18.308,3.749,0.714,499.288,45.047,31.853,1.228,30.96,0,normal,6
2026-09-12T09:23:50+00:00,PRESS-RTP41-DEMO,BATCH-DEMO-001,18.172,3.62,0.631,502.63,45.132,31.894,1.14,31.189,0,normal,6
2026-09-12T09:23:51+00:00,PRESS-RTP41-DEMO,BATCH-DEMO-001,17.712,3.719,0.729,500.865,45.053,31.96,1.123,31.113,0,normal,6
2026-09-12T09:23:52+00:00,PRESS-RTP41-DEMO,BATCH-DEMO-001,17.838,3.489,0.735,500.4,45.499,32.407,1.269,31.089,0,normal,6
2026-09-12T09:23:53+00:00,PRESS-RTP41-DEMO,BATCH-DEMO-001,18.548,3.475,0.629,499.754,44.773,31.785,1.166,31.125,0,normal,6
2026-09-12T09:23:54+00:00,PRESS-RTP41-DEMO,BATCH-DEMO-001,18.12,3.464,0.629,498.413,44.76,31.74,1.068,31.028,0,normal,6
2026-09-12T09:23:55+00:00,PRESS-RTP41-DEMO,BATCH-DEMO-001,18.111,3.436,0.654,501.035,45.134,31.937,1.231,31.026,0,normal,6
2026-09-12T09:23:56+00:00,PRESS-RTP41-DEMO,BATCH-DEMO-001,17.519,3.642,0.673,500.88,45.117,32.336,1.098,31.285,0,normal,6
2026-09-12T09:23:57+00:00,PRESS-RTP41-DEMO,BATCH-DEMO-001,17.834,3.373,0.577,498.067,45.007,31.867,1.096,31.083,0,normal,6
2026-09-12T09:23:58+00:00,PRESS-RTP41-DEMO,BATCH-DEMO-001,17.426,3.366,0.735,500.928,44.953,32.052,1.216,31.072,0,normal,6
2026-09-12T09:23:59+00:00,PRESS-RTP41-DEMO,BATCH-DEMO-001,18.046,3.525,0.657,498.858,44.885,32.292,1.127,31.011,0,normal,6
2026-09-12T09:24:00+00:00,PRESS-RTP41-DEMO,BATCH-DEMO-001,17.644,3.34,0.611,498.977,45.061,32.34,1.162,30.983,0,normal,6
2026-09-12T09:24:01+00:00,PRESS-RTP41-DEMO,BATCH-DEMO-001,17.912,3.702,0.682,499.165,45.12,31.88,1.232,30.87,0,normal,6
2026-09-12T09:24:02+00:00,PRESS-RTP41-DEMO,BATCH-DEMO-001,17.606,3.446,0.632,498.407,44.928,31.989,1.124,31.129,0,normal,6
2026-09-12T09:24:03+00:00,PRESS-RTP41-DEMO,BATCH-DEMO-001,18.142,3.486,0.656,502.189,45.194,32.203,1.154,31.234,0,normal,6
2026-09-12T09:24:04+00:00,PRESS-RTP41-DEMO,BATCH-DEMO-001,17.895,3.62,0.667,499.918,45.159,31.78,1.048,31.171,0,normal,6
2026-09-12T09:24:05+00:00,PRESS-RTP41-DEMO,BATCH-DEMO-001,18.184,3.499,0.665,498.804,45.323,32.043,1.134,31.129,0,normal,6
2026-09-12T09:24:06+00:00,PRESS-RTP41-DEMO,BATCH-DEMO-001,18.321,3.694,0.579,499.437,44.906,32.137,1.293,30.952,0,normal,6
2026-09-12T09:24:07+00:00,PRESS-RTP41-DEMO,BATCH-DEMO-001,17.909,3.539,0.679,502.448,44.716,31.675,1.2,30.931,0,normal,6
2026-09-12T09:24:08+00:00,PRESS-RTP41-DEMO,BATCH-DEMO-001,18.359,3.442,0.67,498.744,45.472,31.845,1.15,31.247,0,normal,6
2026-09-12T09:24:09+00:00,PRESS-RTP41-DEMO,BATCH-DEMO-001,18.584,3.456,0.629,500.216,45.005,31.997,1.199,31.153,0,normal,6
2026-09-12T09:24:10+00:00,PRESS-RTP41-DEMO,BATCH-DEMO-001,17.761,3.752,0.573,496.699,45.192,32.093,1.292,31.175,0,normal,6
2026-09-12T09:24:11+00:00,PRESS-RTP41-DEMO,BATCH-DEMO-001,18.047,3.283,0.678,499.548,45.065,31.649,1.159,31.05,0,normal,6
2026-09-12T09:24:12+00:00,PRESS-RTP41-DEMO,BATCH-DEMO-001,18.054,3.46,0.681,499.633,45.08,31.92,1.188,30.712,0,normal,6
2026-09-12T09:24:13+00:00,PRESS-RTP41-DEMO,BATCH-DEMO-001,18.175,3.606,0.618,497.014,45.1,32.008,1.186,31.052,0,normal,6
2026-09-12T09:24:14+00:00,PRESS-RTP41-DEMO,BATCH-DEMO-001,17.782,3.402,0.632,498.575,45.233,32.291,1.171,31.013,0,normal,6
2026-09-12T09:24:15+00:00,PRESS-RTP41-DEMO,BATCH-DEMO-001,18.61,3.465,0.633,501.338,45.195,31.981,1.23,30.963,0,normal,6
2026-09-12T09:24:16+00:00,PRESS-RTP41-DEMO,BATCH-DEMO-001,17.637,3.533,0.694,497.848,45.093,31.595,1.206,31.055,0,normal,6
2026-09-12T09:24:17+00:00,PRESS-RTP41-DEMO,BATCH-DEMO-001,18.381,3.498,0.619,498.894,45.202,31.729,1.307,30.736,0,normal,6
2026-09-12T09:24:18+00:00,PRESS-RTP41-DEMO,BATCH-DEMO-001,17.648,3.581,0.671,498.785,44.974,31.802,1.199,31.143,0,normal,6
2026-09-12T09:24:19+00:00,PRESS-RTP41-DEMO,BATCH-DEMO-001,17.534,3.61,0.667,499.912,45.292,32.269,1.204,31.14,0,normal,6
2026-09-12T09:24:20+00:00,PRESS-RTP41-DEMO,BATCH-DEMO-001,17.652,3.404,0.705,502.118,44.934,31.69,1.241,30.901,0,normal,6
2026-09-12T09:24:21+00:00,PRESS-RTP41-DEMO,BATCH-DEMO-001,17.367,3.468,0.61,501.825,44.7,31.761,1.3,30.955,0,normal,6
2026-09-12T09:24:22+00:00,PRESS-RTP41-DEMO,BATCH-DEMO-001,18.352,3.637,0.612,502.294,45.172,31.851,1.096,31.123,0,normal,6
2026-09-12T09:24:23+00:00,PRESS-RTP41-DEMO,BATCH-DEMO-001,17.717,3.673,0.681,497.91,44.53,31.915,1.243,30.844,0,normal,6
2026-09-12T09:24:24+00:00,PRESS-RTP41-DEMO,BATCH-DEMO-001,18.072,3.324,0.701,500.415,45.478,32.091,1.346,31.157,0,normal,6
2026-09-12T09:24:25+00:00,PRESS-RTP41-DEMO,BATCH-DEMO-001,18.145,3.316,0.668,498.759,45.076,31.791,1.26,30.985,0,normal,6
2026-09-12T09:24:26+00:00,PRESS-RTP41-DEMO,BATCH-DEMO-001,17.917,3.512,0.531,501.593,44.971,32.443,1.235,31.199,0,normal,6
2026-09-12T09:24:27+00:00,PRESS-RTP41-DEMO,BATCH-DEMO-001,17.764,3.469,0.62,501.076,45.154,31.558,1.245,30.915,0,normal,6
2026-09-12T09:24:28+00:00,PRESS-RTP41-DEMO,BATCH-DEMO-001,17.658,3.368,0.665,498.769,45.044,31.898,1.18,30.831,0,normal,6
2026-09-12T09:24:29+00:00,PRESS-RTP41-DEMO,BATCH-DEMO-001,17.874,3.63,0.665,501.809,44.971,32.39,1.114,31.175,0,normal,6
2026-09-12T09:24:30+00:00,PRESS-RTP41-DEMO,BATCH-DEMO-001,18.372,3.377,0.684,499.553,45.202,32.213,1.304,30.899,0,normal,6
2026-09-12T09:24:31+00:00,PRESS-RTP41-DEMO,BATCH-DEMO-001,17.563,3.425,0.611,499.52,44.955,31.843,1.291,31.087,0,normal,6
2026-09-12T09:24:32+00:00,PRESS-RTP41-DEMO,BATCH-DEMO-001,18.204,3.415,0.645,503.162,44.803,31.949,1.233,30.973,0,normal,6
2026-09-12T09:24:33+00:00,PRESS-RTP41-DEMO,BATCH-DEMO-001,18.495,3.44,0.675,498.916,44.925,31.956,1.286,31.0,0,normal,6
2026-09-12T09:24:34+00:00,PRESS-RTP41-DEMO,BATCH-DEMO-001,18.341,3.538,0.634,498.61,44.622,32.016,1.26,30.991,0,normal,6
2026-09-12T09:24:35+00:00,PRESS-RTP41-DEMO,BATCH-DEMO-001,18.061,3.671,0.651,500.309,45.002,32.051,1.084,30.852,0,normal,6
2026-09-12T09:24:36+00:00,PRESS-RTP41-DEMO,BATCH-DEMO-001,17.695,3.578,0.612,499.144,45.152,31.731,1.083,30.82,0,normal,6
2026-09-12T09:24:37+00:00,PRESS-RTP41-DEMO,BATCH-DEMO-001,18.46,3.474,0.62,494.542,45.052,31.815,1.082,31.187,0,normal,6
2026-09-12T09:24:38+00:00,PRESS-RTP41-DEMO,BATCH-DEMO-001,18.227,3.459,0.587,503.94,45.263,32.371,1.26,30.992,0,normal,6
2026-09-12T09:24:39+00:00,PRESS-RTP41-DEMO,BATCH-DEMO-001,17.857,3.485,0.72,499.583,44.773,31.987,1.144,31.201,0,normal,6
2026-09-12T09:24:40+00:00,PRESS-RTP41-DEMO,BATCH-DEMO-001,17.645,3.383,0.638,497.181,44.453,31.758,1.098,31.034,0,normal,6
2026-09-12T09:24:41+00:00,PRESS-RTP41-DEMO,BATCH-DEMO-001,18.367,3.555,0.607,500.039,45.117,31.956,1.105,30.944,0,normal,6
2026-09-12T09:24:42+00:00,PRESS-RTP41-DEMO,BATCH-DEMO-001,18.242,3.539,0.665,499.163,44.97,31.916,1.18,30.847,0,normal,6
2026-09-12T09:24:43+00:00,PRESS-RTP41-DEMO,BATCH-DEMO-001,18.427,3.437,0.639,497.737,44.864,31.427,1.255,30.993,0,normal,6
2026-09-12T09:24:44+00:00,PRESS-RTP41-DEMO,BATCH-DEMO-001,17.667,3.544,0.634,498.405,44.63,31.783,1.242,30.978,0,normal,6
2026-09-12T09:24:45+00:00,PRESS-RTP41-DEMO,BATCH-DEMO-001,17.59,3.455,0.648,500.214,44.756,31.749,1.175,31.047,0,normal,6
2026-09-12T09:24:46+00:00,PRESS-RTP41-DEMO,BATCH-DEMO-001,18.382,3.477,0.586,499.398,44.983,31.812,1.092,30.879,0,normal,6
2026-09-12T09:24:47+00:00,PRESS-RTP41-DEMO,BATCH-DEMO-001,18.076,3.569,0.622,498.114,45.063,32.074,1.299,30.948,0,normal,6
2026-09-12T09:24:48+00:00,PRESS-RTP41-DEMO,BATCH-DEMO-001,18.263,3.463,0.598,501.694,45.118,32.175,1.262,31.064,0,normal,6
2026-09-12T09:24:49+00:00,PRESS-RTP41-DEMO,BATCH-DEMO-001,17.847,3.262,0.624,500.003,44.883,32.104,1.313,30.985,0,normal,6
2026-09-12T09:24:50+00:00,PRESS-RTP41-DEMO,BATCH-DEMO-001,17.75,3.669,0.642,499.939,44.555,31.562,1.272,31.042,0,normal,6
2026-09-12T09:24:51+00:00,PRESS-RTP41-DEMO,BATCH-DEMO-001,18.353,3.769,0.646,499.965,44.965,32.039,1.285,30.913,0,normal,6
2026-09-12T09:24:52+00:00,PRESS-RTP41-DEMO,BATCH-DEMO-001,18.443,3.268,0.671,502.58,45.058,32.16,1.109,31.201,0,normal,6
2026-09-12T09:24:53+00:00,PRESS-RTP41-DEMO,BATCH-DEMO-001,18.323,3.415,0.575,498.111,44.889,31.505,1.22,31.061,0,normal,6
2026-09-12T09:24:54+00:00,PRESS-RTP41-DEMO,BATCH-DEMO-001,18.029,3.473,0.698,500.599,45.459,31.845,1.224,30.903,0,normal,6
2026-09-12T09:24:55+00:00,PRESS-RTP41-DEMO,BATCH-DEMO-001,17.933,3.607,0.67,502.191,45.19,31.828,0.981,30.75,0,normal,6
2026-09-12T09:24:56+00:00,PRESS-RTP41-DEMO,BATCH-DEMO-001,18.578,3.364,0.695,498.907,44.833,32.175,1.276,31.102,0,normal,6
2026-09-12T09:24:57+00:00,PRESS-RTP41-DEMO,BATCH-DEMO-001,17.859,3.597,0.655,503.681,45.077,32.236,1.088,31.208,0,normal,6
2026-09-12T09:24:58+00:00,PRESS-RTP41-DEMO,BATCH-DEMO-001,18.45,3.396,0.703,498.314,45.048,31.903,1.083,30.978,0,normal,6
2026-09-12T09:24:59+00:00,PRESS-RTP41-DEMO,BATCH-DEMO-001,17.853,3.633,0.606,498.88,44.802,32.194,1.221,31.1,0,normal,6
2026-09-12T09:25:00+00:00,PRESS-RTP41-DEMO,BATCH-DEMO-001,17.824,3.526,0.69,499.276,44.924,32.041,1.237,31.008,0,normal,6
2026-09-12T09:25:01+00:00,PRESS-RTP41-DEMO,BATCH-DEMO-001,17.644,3.438,0.607,505.858,45.045,31.574,1.169,30.861,0,normal,6
2026-09-12T09:25:02+00:00,PRESS-RTP41-DEMO,BATCH-DEMO-001,18.655,3.575,0.631,502.492,45.203,31.817,1.117,30.848,0,normal,6
2026-09-12T09:25:03+00:00,PRESS-RTP41-DEMO,BATCH-DEMO-001,17.915,3.492,0.642,501.221,45.064,31.982,1.274,30.783,0,normal,6
2026-09-12T09:25:04+00:00,PRESS-RTP41-DEMO,BATCH-DEMO-001,17.975,3.354,0.667,501.733,44.862,31.478,1.359,31.171,0,normal,6
2026-09-12T09:25:05+00:00,PRESS-RTP41-DEMO,BATCH-DEMO-001,18.345,3.381,0.674,500.597,45.077,32.344,1.38,31.027,0,normal,6
2026-09-12T09:25:06+00:00,PRESS-RTP41-DEMO,BATCH-DEMO-001,18.117,3.677,0.653,499.911,45.022,32.457,1.313,30.698,0,normal,6
2026-09-12T09:25:07+00:00,PRESS-RTP41-DEMO,BATCH-DEMO-001,18.522,3.482,0.597,502.751,45.106,32.038,1.203,31.178,0,normal,6
2026-09-12T09:25:08+00:00,PRESS-RTP41-DEMO,BATCH-DEMO-001,18.216,3.415,0.578,498.288,44.905,31.879,1.295,30.865,0,normal,6
2026-09-12T09:25:09+00:00,PRESS-RTP41-DEMO,BATCH-DEMO-001,17.939,3.682,0.614,501.042,44.924,32.529,1.238,30.873,0,normal,6
2026-09-12T09:25:10+00:00,PRESS-RTP41-DEMO,BATCH-DEMO-001,17.682,3.401,0.601,501.884,44.72,32.116,1.219,31.169,0,normal,6
2026-09-12T09:25:11+00:00,PRESS-RTP41-DEMO,BATCH-DEMO-001,18.452,3.671,0.625,500.092,44.776,32.53,1.195,31.181,0,normal,6
2026-09-12T09:25:12+00:00,PRESS-RTP41-DEMO,BATCH-DEMO-001,18.256,3.449,0.618,499.63,44.913,31.949,1.309,31.152,0,normal,6
2026-09-12T09:25:13+00:00,PRESS-RTP41-DEMO,BATCH-DEMO-001,18.512,3.304,0.606,499.208,45.459,32.59,1.162,31.011,0,normal,6
2026-09-12T09:25:14+00:00,PRESS-RTP41-DEMO,BATCH-DEMO-001,18.071,3.725,0.677,503.108,45.052,31.826,1.136,30.915,0,normal,6
2026-09-12T09:25:15+00:00,PRESS-RTP41-DEMO,BATCH-DEMO-001,18.236,3.626,0.74,501.188,45.014,31.839,1.217,31.102,0,normal,6
2026-09-12T09:25:16+00:00,PRESS-RTP41-DEMO,BATCH-DEMO-001,17.381,3.378,0.597,504.117,45.164,31.891,1.235,31.164,0,normal,6
2026-09-12T09:25:17+00:00,PRESS-RTP41-DEMO,BATCH-DEMO-001,17.875,3.544,0.646,500.7,45.053,32.15,1.153,30.892,0,normal,6
2026-09-12T09:25:18+00:00,PRESS-RTP41-DEMO,BATCH-DEMO-001,18.073,3.467,0.651,502.452,44.896,31.951,1.227,30.991,0,normal,6
2026-09-12T09:25:19+00:00,PRESS-RTP41-DEMO,BATCH-DEMO-001,17.885,3.387,0.596,499.407,45.224,32.509,1.169,31.049,0,normal,6
2026-09-12T09:25:20+00:00,PRESS-RTP41-DEMO,BATCH-DEMO-001,18.162,3.553,0.612,501.747,45.133,31.606,1.242,31.058,0,normal,6
2026-09-12T09:25:21+00:00,PRESS-RTP41-DEMO,BATCH-DEMO-001,17.75,3.388,0.702,501.296,45.399,31.687,1.16,30.923,0,normal,6
2026-09-12T09:25:22+00:00,PRESS-RTP41-DEMO,BATCH-DEMO-001,17.772,3.413,0.649,496.969,44.86,31.85,1.288,30.99,0,normal,6
2026-09-12T09:25:23+00:00,PRESS-RTP41-DEMO,BATCH-DEMO-001,18.141,3.466,0.613,499.571,45.175,32.28,1.296,31.279,0,normal,6
2026-09-12T09:25:24+00:00,PRESS-RTP41-DEMO,BATCH-DEMO-001,18.579,3.499,0.644,500.303,45.038,31.869,1.078,31.047,0,normal,6
2026-09-12T09:25:25+00:00,PRESS-RTP41-DEMO,BATCH-DEMO-001,17.806,3.478,0.587,502.207,44.712,32.476,1.127,31.059,0,normal,6
2026-09-12T09:25:26+00:00,PRESS-RTP41-DEMO,BATCH-DEMO-001,17.969,3.371,0.621,501.226,44.907,32.224,1.191,30.92,0,normal,6
2026-09-12T09:25:27+00:00,PRESS-RTP41-DEMO,BATCH-DEMO-001,18.038,3.576,0.678,503.824,44.85,31.708,1.282,30.911,0,normal,6
2026-09-12T09:25:28+00:00,PRESS-RTP41-DEMO,BATCH-DEMO-001,18.025,3.378,0.633,498.91,45.061,32.093,1.161,30.917,0,normal,6
2026-09-12T09:25:29+00:00,PRESS-RTP41-DEMO,BATCH-DEMO-001,18.24,3.32,0.641,499.547,45.052,32.31,1.244,31.098,0,normal,6
2026-09-12T09:25:30+00:00,PRESS-RTP41-DEMO,BATCH-DEMO-001,17.824,3.492,0.592,501.079,44.776,32.243,1.181,31.197,0,normal,6
2026-09-12T09:25:31+00:00,PRESS-RTP41-DEMO,BATCH-DEMO-001,17.85,3.473,0.593,502.018,45.066,32.244,1.042,31.047,0,normal,6
2026-09-12T09:25:32+00:00,PRESS-RTP41-DEMO,BATCH-DEMO-001,18.442,3.703,0.612,504.254,44.752,31.736,1.285,30.873,0,normal,6
2026-09-12T09:25:33+00:00,PRESS-RTP41-DEMO,BATCH-DEMO-001,18.027,3.451,0.73,500.217,45.37,32.159,1.133,31.238,0,normal,6
2026-09-12T09:25:34+00:00,PRESS-RTP41-DEMO,BATCH-DEMO-001,18.047,3.566,0.668,503.73,44.715,32.415,1.07,30.887,0,normal,6
2026-09-12T09:25:35+00:00,PRESS-RTP41-DEMO,BATCH-DEMO-001,17.569,3.529,0.645,500.897,44.602,31.796,1.248,31.101,0,normal,6
2026-09-12T09:25:36+00:00,PRESS-RTP41-DEMO,BATCH-DEMO-001,17.619,3.466,0.678,502.126,44.438,32.136,1.136,30.759,0,normal,6
2026-09-12T09:25:37+00:00,PRESS-RTP41-DEMO,BATCH-DEMO-001,18.409,3.474,0.676,501.728,45.004,31.865,1.143,31.08,0,normal,6
2026-09-12T09:25:38+00:00,PRESS-RTP41-DEMO,BATCH-DEMO-001,18.027,3.521,0.622,496.584,45.241,31.861,1.27,31.231,0,normal,6
2026-09-12T09:25:39+00:00,PRESS-RTP41-DEMO,BATCH-DEMO-001,18.666,3.446,0.574,498.303,45.416,31.96,1.239,31.027,0,normal,6
2026-09-12T09:25:40+00:00,PRESS-RTP41-DEMO,BATCH-DEMO-001,17.913,3.614,0.724,505.078,45.076,31.641,1.268,30.975,0,normal,6
2026-09-12T09:25:41+00:00,PRESS-RTP41-DEMO,BATCH-DEMO-001,17.836,3.216,0.697,501.355,45.011,31.957,1.264,30.921,0,normal,6
2026-09-12T09:25:42+00:00,PRESS-RTP41-DEMO,BATCH-DEMO-001,18.266,3.705,0.662,501.516,44.559,31.929,1.026,31.017,0,normal,6
2026-09-12T09:25:43+00:00,PRESS-RTP41-DEMO,BATCH-DEMO-001,18.196,3.528,0.635,502.047,44.948,32.029,1.2,30.797,0,normal,6
2026-09-12T09:25:44+00:00,PRESS-RTP41-DEMO,BATCH-DEMO-001,17.889,3.513,0.63,499.665,45.277,31.952,1.198,30.976,0,normal,6
2026-09-12T09:25:45+00:00,PRESS-RTP41-DEMO,BATCH-DEMO-001,17.556,3.677,0.642,500.371,44.854,31.659,1.126,31.186,0,normal,6
2026-09-12T09:25:46+00:00,PRESS-RTP41-DEMO,BATCH-DEMO-001,18.297,3.333,0.619,501.008,45.298,31.86,1.112,30.955,0,normal,6
2026-09-12T09:25:47+00:00,PRESS-RTP41-DEMO,BATCH-DEMO-001,17.935,3.764,0.665,499.589,44.912,31.811,1.161,30.997,0,normal,6
2026-09-12T09:25:48+00:00,PRESS-RTP41-DEMO,BATCH-DEMO-001,18.189,3.298,0.662,500.49,44.919,32.103,1.244,30.802,0,normal,6
2026-09-12T09:25:49+00:00,PRESS-RTP41-DEMO,BATCH-DEMO-001,18.026,3.487,0.722,500.306,45.19,31.748,1.262,31.14,0,normal,6
2026-09-12T09:25:50+00:00,PRESS-RTP41-DEMO,BATCH-DEMO-001,18.215,3.404,0.699,497.491,45.08,32.079,1.185,30.923,0,normal,6
2026-09-12T09:25:51+00:00,PRESS-RTP41-DEMO,BATCH-DEMO-001,17.997,3.451,0.732,502.68,45.354,32.011,1.203,31.038,0,normal,6
2026-09-12T09:25:52+00:00,PRESS-RTP41-DEMO,BATCH-DEMO-001,18.216,3.55,0.605,499.583,45.193,32.703,1.16,30.953,0,normal,6
2026-09-12T09:25:53+00:00,PRESS-RTP41-DEMO,BATCH-DEMO-001,17.9,3.675,0.659,499.467,45.009,32.026,1.224,31.071,0,normal,6
2026-09-12T09:25:54+00:00,PRESS-RTP41-DEMO,BATCH-DEMO-001,18.216,3.618,0.711,499.471,44.977,31.905,1.227,31.098,0,normal,6
2026-09-12T09:25:55+00:00,PRESS-RTP41-DEMO,BATCH-DEMO-001,18.166,3.496,0.615,497.987,44.809,31.823,1.181,31.123,0,normal,6
2026-09-12T09:25:56+00:00,PRESS-RTP41-DEMO,BATCH-DEMO-001,18.206,3.325,0.593,499.443,45.149,31.962,1.201,30.956,0,normal,6
2026-09-12T09:25:57+00:00,PRESS-RTP41-DEMO,BATCH-DEMO-001,18.237,3.542,0.644,497.234,45.034,31.907,1.211,30.81,0,normal,6
2026-09-12T09:25:58+00:00,PRESS-RTP41-DEMO,BATCH-DEMO-001,18.461,3.515,0.695,501.402,45.164,31.881,1.149,30.836,0,normal,6
2026-09-12T09:25:59+00:00,PRESS-RTP41-DEMO,BATCH-DEMO-001,18.2,3.538,0.673,498.149,44.989,31.714,1.064,31.0,0,normal,6
2026-09-12T09:26:00+00:00,PRESS-RTP41-DEMO,BATCH-DEMO-001,17.593,3.914,0.67,502.476,45.18,32.062,1.113,31.029,0,normal,6
2026-09-12T09:26:01+00:00,PRESS-RTP41-DEMO,BATCH-DEMO-001,18.481,3.393,0.694,499.613,45.177,31.838,1.284,31.156,0,normal,6
2026-09-12T09:26:02+00:00,PRESS-RTP41-DEMO,BATCH-DEMO-001,17.945,3.513,0.672,501.341,45.282,31.977,1.189,31.012,0,normal,6
2026-09-12T09:26:03+00:00,PRESS-RTP41-DEMO,BATCH-DEMO-001,18.106,3.329,0.675,502.372,45.036,32.102,1.165,31.043,0,normal,6
2026-09-12T09:26:04+00:00,PRESS-RTP41-DEMO,BATCH-DEMO-001,17.969,3.521,0.623,501.066,45.243,31.912,1.213,31.137,0,normal,6
2026-09-12T09:26:05+00:00,PRESS-RTP41-DEMO,BATCH-DEMO-001,17.951,3.374,0.672,499.616,45.069,31.983,1.229,30.989,0,normal,6
2026-09-12T09:26:06+00:00,PRESS-RTP41-DEMO,BATCH-DEMO-001,17.858,3.622,0.643,501.42,45.338,31.843,1.189,31.01,0,normal,6
2026-09-12T09:26:07+00:00,PRESS-RTP41-DEMO,BATCH-DEMO-001,17.941,3.566,0.609,497.781,44.908,32.055,1.245,31.071,0,normal,6
2026-09-12T09:26:08+00:00,PRESS-RTP41-DEMO,BATCH-DEMO-001,17.92,3.285,0.675,498.552,45.071,31.983,1.121,31.041,0,normal,6
2026-09-12T09:26:09+00:00,PRESS-RTP41-DEMO,BATCH-DEMO-001,18.063,3.603,0.658,504.032,44.83,32.514,1.339,30.964,0,normal,6
2026-09-12T09:26:10+00:00,PRESS-RTP41-DEMO,BATCH-DEMO-001,17.654,3.447,0.637,501.148,45.123,32.158,1.057,30.763,0,normal,6
2026-09-12T09:26:11+00:00,PRESS-RTP41-DEMO,BATCH-DEMO-001,18.05,3.659,0.656,503.689,44.775,32.02,1.295,31.017,0,normal,6
2026-09-12T09:26:12+00:00,PRESS-RTP41-DEMO,BATCH-DEMO-001,18.385,3.613,0.638,499.423,44.729,32.019,1.356,30.809,0,normal,6
2026-09-12T09:26:13+00:00,PRESS-RTP41-DEMO,BATCH-DEMO-001,17.969,3.63,0.662,496.512,44.982,32.137,1.216,30.966,0,normal,6
2026-09-12T09:26:14+00:00,PRESS-RTP41-DEMO,BATCH-DEMO-001,18.009,3.67,0.615,503.302,44.888,32.015,1.19,31.104,0,normal,6
2026-09-12T09:26:15+00:00,PRESS-RTP41-DEMO,BATCH-DEMO-001,18.38,3.485,0.577,499.157,44.694,31.501,1.167,30.965,0,normal,6
2026-09-12T09:26:16+00:00,PRESS-RTP41-DEMO,BATCH-DEMO-001,17.953,3.305,0.674,503.37,44.928,32.433,1.069,31.103,0,normal,6
2026-09-12T09:26:17+00:00,PRESS-RTP41-DEMO,BATCH-DEMO-001,18.217,3.506,0.656,500.356,44.804,31.655,1.279,31.064,0,normal,6
2026-09-12T09:26:18+00:00,PRESS-RTP41-DEMO,BATCH-DEMO-001,18.134,3.464,0.614,498.19,44.72,31.766,1.25,31.06,0,normal,6
2026-09-12T09:26:19+00:00,PRESS-RTP41-DEMO,BATCH-DEMO-001,17.929,3.685,0.627,500.345,45.346,32.452,1.315,31.17,0,normal,6
2026-09-12T09:26:20+00:00,PRESS-RTP41-DEMO,BATCH-DEMO-001,17.746,3.463,0.625,502.929,44.732,31.891,1.151,30.904,0,normal,6
2026-09-12T09:26:21+00:00,PRESS-RTP41-DEMO,BATCH-DEMO-001,17.753,3.702,0.682,500.351,44.762,31.87,1.22,30.973,0,normal,6
2026-09-12T09:26:22+00:00,PRESS-RTP41-DEMO,BATCH-DEMO-001,17.97,3.438,0.664,500.293,45.141,32.248,1.254,30.968,0,normal,6
2026-09-12T09:26:23+00:00,PRESS-RTP41-DEMO,BATCH-DEMO-001,18.022,3.179,0.628,501.755,45.001,31.709,1.106,30.959,0,normal,6
2026-09-12T09:26:24+00:00,PRESS-RTP41-DEMO,BATCH-DEMO-001,17.823,3.406,0.692,503.077,45.086,31.749,1.332,31.175,0,normal,6
2026-09-12T09:26:25+00:00,PRESS-RTP41-DEMO,BATCH-DEMO-001,17.986,3.589,0.619,497.984,45.364,32.156,1.204,31.035,0,normal,6
2026-09-12T09:26:26+00:00,PRESS-RTP41-DEMO,BATCH-DEMO-001,18.039,3.586,0.696,503.31,44.823,31.999,1.204,30.821,0,normal,6
2026-09-12T09:26:27+00:00,PRESS-RTP41-DEMO,BATCH-DEMO-001,18.473,3.525,0.591,500.145,44.918,31.701,1.303,31.04,0,normal,6
2026-09-12T09:26:28+00:00,PRESS-RTP41-DEMO,BATCH-DEMO-001,18.095,3.653,0.712,500.14,44.833,31.883,1.239,30.957,0,normal,6
2026-09-12T09:26:29+00:00,PRESS-RTP41-DEMO,BATCH-DEMO-001,18.08,3.645,0.707,498.322,44.95,32.313,1.153,30.995,0,normal,6
2026-09-12T09:26:30+00:00,PRESS-RTP41-DEMO,BATCH-DEMO-001,18.115,3.657,0.632,501.535,44.993,32.126,1.196,31.028,0,normal,6
2026-09-12T09:26:31+00:00,PRESS-RTP41-DEMO,BATCH-DEMO-001,17.676,3.395,0.609,499.849,45.023,32.067,1.244,30.814,0,normal,6
2026-09-12T09:26:32+00:00,PRESS-RTP41-DEMO,BATCH-DEMO-001,18.132,3.443,0.59,498.584,45.149,31.675,1.312,30.855,0,normal,6
2026-09-12T09:26:33+00:00,PRESS-RTP41-DEMO,BATCH-DEMO-001,17.94,3.531,0.614,498.158,45.114,31.873,1.131,30.993,0,normal,6
2026-09-12T09:26:34+00:00,PRESS-RTP41-DEMO,BATCH-DEMO-001,18.037,3.574,0.626,502.034,44.94,31.608,1.123,31.031,0,normal,6
2026-09-12T09:26:35+00:00,PRESS-RTP41-DEMO,BATCH-DEMO-001,18.015,3.23,0.597,500.335,45.083,31.644,1.23,30.982,0,normal,6
2026-09-12T09:26:36+00:00,PRESS-RTP41-DEMO,BATCH-DEMO-001,18.005,3.502,0.663,500.125,45.16,32.014,1.287,31.0,0,normal,6
2026-09-12T09:26:37+00:00,PRESS-RTP41-DEMO,BATCH-DEMO-001,17.905,3.197,0.681,501.099,44.676,31.473,1.196,30.884,0,normal,6
2026-09-12T09:26:38+00:00,PRESS-RTP41-DEMO,BATCH-DEMO-001,17.924,3.672,0.647,500.51,45.081,32.095,1.021,31.074,0,normal,6
2026-09-12T09:26:39+00:00,PRESS-RTP41-DEMO,BATCH-DEMO-001,18.618,3.472,0.691,501.953,45.339,31.869,1.335,30.81,0,normal,6
2026-09-12T09:26:40+00:00,PRESS-RTP41-DEMO,BATCH-DEMO-001,18.062,3.552,0.643,497.823,45.233,31.748,1.198,31.025,0,normal,6
2026-09-12T09:26:41+00:00,PRESS-RTP41-DEMO,BATCH-DEMO-001,17.907,3.483,0.64,498.699,44.844,32.146,1.283,31.03,0,normal,6
2026-09-12T09:26:42+00:00,PRESS-RTP41-DEMO,BATCH-DEMO-001,17.83,3.516,0.735,500.355,44.72,31.473,1.29,30.868,0,normal,6
2026-09-12T09:26:43+00:00,PRESS-RTP41-DEMO,BATCH-DEMO-001,17.963,3.421,0.644,502.966,45.126,31.963,1.146,30.797,0,normal,6
2026-09-12T09:26:44+00:00,PRESS-RTP41-DEMO,BATCH-DEMO-001,18.084,3.499,0.577,498.474,44.71,31.859,1.233,30.816,0,normal,6
2026-09-12T09:26:45+00:00,PRESS-RTP41-DEMO,BATCH-DEMO-001,17.989,3.402,0.683,501.009,45.108,31.717,1.079,31.185,0,normal,6
2026-09-12T09:26:46+00:00,PRESS-RTP41-DEMO,BATCH-DEMO-001,17.948,3.352,0.625,502.579,44.78,32.182,1.041,31.248,0,normal,6
2026-09-12T09:26:47+00:00,PRESS-RTP41-DEMO,BATCH-DEMO-001,18.017,3.433,0.611,496.289,44.908,31.771,1.233,30.988,0,normal,6
2026-09-12T09:26:48+00:00,PRESS-RTP41-DEMO,BATCH-DEMO-001,17.997,3.565,0.701,498.688,44.763,32.095,1.129,30.772,0,normal,6
2026-09-12T09:26:49+00:00,PRESS-RTP41-DEMO,BATCH-DEMO-001,17.653,3.724,0.672,499.879,44.846,32.297,1.195,30.766,0,normal,6
2026-09-12T09:26:50+00:00,PRESS-RTP41-DEMO,BATCH-DEMO-001,17.311,3.353,0.67,496.399,44.704,32.282,1.379,30.751,0,normal,6
2026-09-12T09:26:51+00:00,PRESS-RTP41-DEMO,BATCH-DEMO-001,17.674,3.46,0.623,499.3,44.546,31.814,1.192,30.818,0,normal,6
2026-09-12T09:26:52+00:00,PRESS-RTP41-DEMO,BATCH-DEMO-001,18.076,3.365,0.615,503.386,44.671,32.42,1.054,30.968,0,normal,6
2026-09-12T09:26:53+00:00,PRESS-RTP41-DEMO,BATCH-DEMO-001,18.05,3.61,0.594,501.824,45.224,32.222,1.055,31.065,0,normal,6
2026-09-12T09:26:54+00:00,PRESS-RTP41-DEMO,BATCH-DEMO-001,18.143,3.453,0.721,500.013,44.905,31.997,1.219,31.037,0,normal,6
2026-09-12T09:26:55+00:00,PRESS-RTP41-DEMO,BATCH-DEMO-001,18.198,3.472,0.588,502.078,44.913,31.971,1.207,30.976,0,normal,6
2026-09-12T09:26:56+00:00,PRESS-RTP41-DEMO,BATCH-DEMO-001,18.14,3.512,0.677,503.182,45.138,32.083,1.28,30.962,0,normal,6
2026-09-12T09:26:57+00:00,PRESS-RTP41-DEMO,BATCH-DEMO-001,17.822,3.595,0.639,498.4,44.896,32.111,1.104,31.07,0,normal,6
2026-09-12T09:26:58+00:00,PRESS-RTP41-DEMO,BATCH-DEMO-001,17.617,3.522,0.695,500.605,45.172,32.043,1.322,31.036,0,normal,6
2026-09-12T09:26:59+00:00,PRESS-RTP41-DEMO,BATCH-DEMO-001,18.177,3.41,0.632,499.78,44.895,31.678,1.074,31.258,0,normal,6
2026-09-12T09:27:00+00:00,PRESS-RTP41-DEMO,BATCH-DEMO-001,17.934,3.502,1.045,500.556,45.188,31.842,1.168,30.986,0,sticking_picking_proxy,10
2026-09-12T09:27:01+00:00,PRESS-RTP41-DEMO,BATCH-DEMO-001,18.048,3.312,1.042,498.967,44.999,31.814,1.221,30.997,0,sticking_picking_proxy,10
2026-09-12T09:27:02+00:00,PRESS-RTP41-DEMO,BATCH-DEMO-001,18.056,3.693,1.023,498.894,44.976,32.019,1.31,31.173,0,sticking_picking_proxy,10
2026-09-12T09:27:03+00:00,PRESS-RTP41-DEMO,BATCH-DEMO-001,18.465,3.224,0.965,500.808,44.699,32.089,1.061,31.176,0,sticking_picking_proxy,8
2026-09-12T09:27:04+00:00,PRESS-RTP41-DEMO,BATCH-DEMO-001,18.38,3.469,0.959,498.413,44.569,32.03,1.187,31.069,0,sticking_picking_proxy,8
2026-09-12T09:27:05+00:00,PRESS-RTP41-DEMO,BATCH-DEMO-001,18.442,3.604,1.033,500.738,45.07,31.858,1.191,31.001,0,sticking_picking_proxy,10
2026-09-12T09:27:06+00:00,PRESS-RTP41-DEMO,BATCH-DEMO-001,18.641,3.285,1.075,498.073,45.122,32.043,1.135,31.154,0,sticking_picking_proxy,11
2026-09-12T09:27:07+00:00,PRESS-RTP41-DEMO,BATCH-DEMO-001,18.705,3.429,0.963,501.059,45.079,31.939,1.284,31.151,0,sticking_picking_proxy,8
2026-09-12T09:27:08+00:00,PRESS-RTP41-DEMO,BATCH-DEMO-001,18.94,3.449,0.989,500.725,44.987,31.952,1.078,30.971,0,sticking_picking_proxy,9
2026-09-12T09:27:09+00:00,PRESS-RTP41-DEMO,BATCH-DEMO-001,18.496,3.457,0.995,500.266,44.804,31.908,1.257,31.037,0,sticking_picking_proxy,9
2026-09-12T09:27:10+00:00,PRESS-RTP41-DEMO,BATCH-DEMO-001,18.795,3.464,0.957,502.607,45.34,31.717,1.234,31.049,0,sticking_picking_proxy,8
2026-09-12T09:27:11+00:00,PRESS-RTP41-DEMO,BATCH-DEMO-001,18.111,3.424,0.906,502.236,44.891,32.14,1.329,31.086,0,sticking_picking_proxy,6
2026-09-12T09:27:12+00:00,PRESS-RTP41-DEMO,BATCH-DEMO-001,18.519,3.614,1.009,499.468,45.064,32.107,1.196,30.983,0,sticking_picking_proxy,9
2026-09-12T09:27:13+00:00,PRESS-RTP41-DEMO,BATCH-DEMO-001,18.768,3.578,1.084,501.927,44.977,31.983,1.232,30.956,0,sticking_picking_proxy,12
2026-09-12T09:27:14+00:00,PRESS-RTP41-DEMO,BATCH-DEMO-001,18.689,3.386,1.05,498.773,44.775,32.045,1.264,31.069,0,sticking_picking_proxy,11
2026-09-12T09:27:15+00:00,PRESS-RTP41-DEMO,BATCH-DEMO-001,17.851,3.389,1.052,498.94,45.167,32.214,1.219,30.966,0,sticking_picking_proxy,11
2026-09-12T09:27:16+00:00,PRESS-RTP41-DEMO,BATCH-DEMO-001,17.14,3.47,1.02,499.392,45.008,31.522,1.163,31.065,0,sticking_picking_proxy,10
2026-09-12T09:27:17+00:00,PRESS-RTP41-DEMO,BATCH-DEMO-001,17.839,3.542,0.977,501.679,45.009,31.942,1.113,30.756,0,sticking_picking_proxy,8
2026-09-12T09:27:18+00:00,PRESS-RTP41-DEMO,BATCH-DEMO-001,17.439,3.604,1.099,497.534,45.192,32.248,1.242,30.757,0,sticking_picking_proxy,12
2026-09-12T09:27:19+00:00,PRESS-RTP41-DEMO,BATCH-DEMO-001,17.347,3.34,1.087,502.258,44.919,32.419,1.182,31.012,0,sticking_picking_proxy,12
2026-09-12T09:27:20+00:00,PRESS-RTP41-DEMO,BATCH-DEMO-001,17.654,3.52,1.077,499.294,44.879,31.814,1.13,31.083,0,sticking_picking_proxy,11
2026-09-12T09:27:21+00:00,PRESS-RTP41-DEMO,BATCH-DEMO-001,17.695,3.249,1.047,502.337,44.92,32.19,1.291,30.954,0,sticking_picking_proxy,10
2026-09-12T09:27:22+00:00,PRESS-RTP41-DEMO,BATCH-DEMO-001,17.001,3.659,1.043,497.144,45.242,31.842,1.145,30.867,0,sticking_picking_proxy,10
2026-09-12T09:27:23+00:00,PRESS-RTP41-DEMO,BATCH-DEMO-001,17.284,3.51,1.032,500.119,44.719,31.962,1.199,31.095,0,sticking_picking_proxy,10
2026-09-12T09:27:24+00:00,PRESS-RTP41-DEMO,BATCH-DEMO-001,17.372,3.598,1.037,499.853,45.362,31.696,1.132,30.955,0,sticking_picking_proxy,10
2026-09-12T09:27:25+00:00,PRESS-RTP41-DEMO,BATCH-DEMO-001,17.243,3.71,1.034,499.772,44.982,32.262,1.126,30.827,0,sticking_picking_proxy,10
2026-09-12T09:27:26+00:00,PRESS-RTP41-DEMO,BATCH-DEMO-001,17.588,3.458,1.082,498.341,44.927,31.781,1.132,30.972,0,sticking_picking_proxy,11
2026-09-12T09:27:27+00:00,PRESS-RTP41-DEMO,BATCH-DEMO-001,17.646,3.349,1.111,502.847,45.203,31.75,1.239,31.204,0,sticking_picking_proxy,12
2026-09-12T09:27:28+00:00,PRESS-RTP41-DEMO,BATCH-DEMO-001,17.707,3.433,1.056,498.125,45.006,32.288,1.187,31.154,0,sticking_picking_proxy,11
2026-09-12T09:27:29+00:00,PRESS-RTP41-DEMO,BATCH-DEMO-001,17.568,3.484,1.063,499.057,45.358,31.904,1.206,30.999,0,sticking_picking_proxy,11
2026-09-12T09:27:30+00:00,PRESS-RTP41-DEMO,BATCH-DEMO-001,18.077,3.76,1.13,499.035,45.264,31.981,1.182,31.153,0,sticking_picking_proxy,13
2026-09-12T09:27:31+00:00,PRESS-RTP41-DEMO,BATCH-DEMO-001,17.979,3.537,0.991,502.482,44.812,31.84,1.169,31.039,0,sticking_picking_proxy,9
2026-09-12T09:27:32+00:00,PRESS-RTP41-DEMO,BATCH-DEMO-001,18.181,3.603,1.1,499.365,45.092,31.835,1.14,30.972,0,sticking_picking_proxy,12
2026-09-12T09:27:33+00:00,PRESS-RTP41-DEMO,BATCH-DEMO-001,18.322,3.233,1.089,498.751,45.201,31.796,1.272,31.007,0,sticking_picking_proxy,12
2026-09-12T09:27:34+00:00,PRESS-RTP41-DEMO,BATCH-DEMO-001,18.136,3.432,1.076,500.618,44.809,31.78,1.189,31.151,0,sticking_picking_proxy,11
2026-09-12T09:27:35+00:00,PRESS-RTP41-DEMO,BATCH-DEMO-001,18.481,3.442,1.072,499.422,45.068,32.444,1.225,30.928,0,sticking_picking_proxy,11
2026-09-12T09:27:36+00:00,PRESS-RTP41-DEMO,BATCH-DEMO-001,17.958,3.301,1.163,501.781,45.157,31.974,1.164,31.005,0,sticking_picking_proxy,14
2026-09-12T09:27:37+00:00,PRESS-RTP41-DEMO,BATCH-DEMO-001,18.651,3.43,1.088,500.303,45.065,32.156,1.246,31.055,0,sticking_picking_proxy,12
2026-09-12T09:27:38+00:00,PRESS-RTP41-DEMO,BATCH-DEMO-001,18.448,3.647,1.082,498.84,45.021,32.112,1.31,31.093,0,sticking_picking_proxy,11
2026-09-12T09:27:39+00:00,PRESS-RTP41-DEMO,BATCH-DEMO-001,18.17,3.57,1.076,501.834,44.818,32.213,1.178,31.246,0,sticking_picking_proxy,11
2026-09-12T09:27:40+00:00,PRESS-RTP41-DEMO,BATCH-DEMO-001,18.1,3.511,1.085,499.736,44.723,32.002,1.258,30.861,0,sticking_picking_proxy,12
2026-09-12T09:27:41+00:00,PRESS-RTP41-DEMO,BATCH-DEMO-001,18.26,3.634,1.073,498.164,44.747,32.306,1.218,31.1,0,sticking_picking_proxy,11
2026-09-12T09:27:42+00:00,PRESS-RTP41-DEMO,BATCH-DEMO-001,18.338,3.551,1.119,501.402,44.818,31.834,1.385,31.043,0,sticking_picking_proxy,13
2026-09-12T09:27:43+00:00,PRESS-RTP41-DEMO,BATCH-DEMO-001,18.457,3.685,1.06,501.061,44.859,32.148,1.132,31.095,0,sticking_picking_proxy,11
2026-09-12T09:27:44+00:00,PRESS-RTP41-DEMO,BATCH-DEMO-001,18.252,3.241,1.158,500.818,45.026,32.237,1.291,30.998,0,sticking_picking_proxy,14
2026-09-12T09:27:45+00:00,PRESS-RTP41-DEMO,BATCH-DEMO-001,18.516,3.705,1.102,497.863,45.143,31.551,1.276,30.985,0,sticking_picking_proxy,12
2026-09-12T09:27:46+00:00,PRESS-RTP41-DEMO,BATCH-DEMO-001,18.142,3.448,1.153,499.556,44.978,31.925,1.363,31.133,0,sticking_picking_proxy,14
2026-09-12T09:27:47+00:00,PRESS-RTP41-DEMO,BATCH-DEMO-001,17.792,3.529,1.161,498.745,45.125,31.909,1.163,31.135,0,sticking_picking_proxy,14
2026-09-12T09:27:48+00:00,PRESS-RTP41-DEMO,BATCH-DEMO-001,17.909,3.552,1.199,500.939,45.106,31.394,1.246,30.973,0,sticking_picking_proxy,15
2026-09-12T09:27:49+00:00,PRESS-RTP41-DEMO,BATCH-DEMO-001,17.142,3.415,1.17,499.099,45.047,31.846,1.193,30.956,0,sticking_picking_proxy,14
2026-09-12T09:27:50+00:00,PRESS-RTP41-DEMO,BATCH-DEMO-001,18.088,3.632,1.159,500.928,44.671,32.099,1.192,30.932,0,sticking_picking_proxy,14
2026-09-12T09:27:51+00:00,PRESS-RTP41-DEMO,BATCH-DEMO-001,17.771,3.463,1.232,500.216,45.025,31.702,1.294,31.018,0,sticking_picking_proxy,16
2026-09-12T09:27:52+00:00,PRESS-RTP41-DEMO,BATCH-DEMO-001,17.645,3.523,1.178,500.348,45.268,32.367,1.253,30.865,0,sticking_picking_proxy,14
2026-09-12T09:27:53+00:00,PRESS-RTP41-DEMO,BATCH-DEMO-001,17.408,3.589,1.168,500.86,45.003,32.357,1.201,30.955,0,sticking_picking_proxy,14
2026-09-12T09:27:54+00:00,PRESS-RTP41-DEMO,BATCH-DEMO-001,17.405,3.503,1.093,500.874,44.912,31.775,1.121,30.969,0,sticking_picking_proxy,12
2026-09-12T09:27:55+00:00,PRESS-RTP41-DEMO,BATCH-DEMO-001,16.692,3.452,1.2,499.348,44.749,31.755,1.199,30.8,0,sticking_picking_proxy,15
2026-09-12T09:27:56+00:00,PRESS-RTP41-DEMO,BATCH-DEMO-001,17.129,3.482,1.121,499.953,45.046,31.84,1.138,30.933,0,sticking_picking_proxy,13
2026-09-12T09:27:57+00:00,PRESS-RTP41-DEMO,BATCH-DEMO-001,17.334,3.656,1.138,501.016,44.878,32.155,1.205,31.02,0,sticking_picking_proxy,13
2026-09-12T09:27:58+00:00,PRESS-RTP41-DEMO,BATCH-DEMO-001,17.139,3.567,1.222,503.197,45.084,31.598,1.16,30.918,0,sticking_picking_proxy,16
2026-09-12T09:27:59+00:00,PRESS-RTP41-DEMO,BATCH-DEMO-001,17.586,3.522,1.183,502.128,44.777,32.023,1.038,31.054,0,sticking_picking_proxy,14
2026-09-12T09:28:00+00:00,PRESS-RTP41-DEMO,BATCH-DEMO-001,17.395,3.528,1.272,501.541,45.361,31.659,1.193,31.038,1,sticking_picking_proxy,17
2026-09-12T09:28:01+00:00,PRESS-RTP41-DEMO,BATCH-DEMO-001,17.515,3.526,1.159,498.249,44.847,31.865,1.109,30.989,0,sticking_picking_proxy,14
2026-09-12T09:28:02+00:00,PRESS-RTP41-DEMO,BATCH-DEMO-001,18.417,3.403,1.149,500.24,45.157,32.529,1.325,31.323,0,sticking_picking_proxy,13
2026-09-12T09:28:03+00:00,PRESS-RTP41-DEMO,BATCH-DEMO-001,18.289,3.65,1.188,500.444,45.047,32.298,1.28,31.018,0,sticking_picking_proxy,15
2026-09-12T09:28:04+00:00,PRESS-RTP41-DEMO,BATCH-DEMO-001,18.232,3.373,1.168,498.865,45.229,32.095,1.261,31.09,0,sticking_picking_proxy,14
2026-09-12T09:28:05+00:00,PRESS-RTP41-DEMO,BATCH-DEMO-001,17.778,3.516,1.263,500.783,44.965,31.68,1.392,31.129,1,sticking_picking_proxy,17
2026-09-12T09:28:06+00:00,PRESS-RTP41-DEMO,BATCH-DEMO-001,18.604,3.452,1.175,498.177,44.973,31.806,1.311,31.208,0,sticking_picking_proxy,14
2026-09-12T09:28:07+00:00,PRESS-RTP41-DEMO,BATCH-DEMO-001,18.674,3.565,1.192,500.36,44.838,32.586,1.235,31.146,0,sticking_picking_proxy,15
2026-09-12T09:28:08+00:00,PRESS-RTP41-DEMO,BATCH-DEMO-001,18.061,3.611,1.233,502.052,44.986,32.556,1.23,31.0,0,sticking_picking_proxy,16
2026-09-12T09:28:09+00:00,PRESS-RTP41-DEMO,BATCH-DEMO-001,18.705,3.427,1.192,500.08,44.447,32.139,1.283,30.936,0,sticking_picking_proxy,15
2026-09-12T09:28:10+00:00,PRESS-RTP41-DEMO,BATCH-DEMO-001,18.867,3.564,1.255,498.363,45.387,31.937,1.259,30.975,1,sticking_picking_proxy,17
2026-09-12T09:28:11+00:00,PRESS-RTP41-DEMO,BATCH-DEMO-001,18.051,3.409,1.227,498.353,44.875,31.737,1.125,30.802,0,sticking_picking_proxy,16
2026-09-12T09:28:12+00:00,PRESS-RTP41-DEMO,BATCH-DEMO-001,18.221,3.403,1.24,496.743,45.011,32.459,1.142,31.039,0,sticking_picking_proxy,16
2026-09-12T09:28:13+00:00,PRESS-RTP41-DEMO,BATCH-DEMO-001,18.757,3.463,1.34,498.951,45.254,32.106,1.22,30.912,1,sticking_picking_proxy,19
2026-09-12T09:28:14+00:00,PRESS-RTP41-DEMO,BATCH-DEMO-001,18.633,3.364,1.238,498.835,45.215,31.924,1.221,31.045,0,sticking_picking_proxy,16
2026-09-12T09:28:15+00:00,PRESS-RTP41-DEMO,BATCH-DEMO-001,18.134,3.47,1.223,497.917,44.96,32.09,1.248,31.117,0,sticking_picking_proxy,16
2026-09-12T09:28:16+00:00,PRESS-RTP41-DEMO,BATCH-DEMO-001,18.385,3.481,1.195,503.862,44.662,32.181,1.251,31.112,0,sticking_picking_proxy,15
2026-09-12T09:28:17+00:00,PRESS-RTP41-DEMO,BATCH-DEMO-001,18.829,3.554,1.253,500.992,45.169,31.8,1.303,30.959,1,sticking_picking_proxy,17
2026-09-12T09:28:18+00:00,PRESS-RTP41-DEMO,BATCH-DEMO-001,17.613,3.631,1.222,502.675,45.06,32.127,1.164,31.103,0,sticking_picking_proxy,16
2026-09-12T09:28:19+00:00,PRESS-RTP41-DEMO,BATCH-DEMO-001,18.045,3.525,1.238,499.75,44.774,31.927,1.377,31.174,0,sticking_picking_proxy,16
2026-09-12T09:28:20+00:00,PRESS-RTP41-DEMO,BATCH-DEMO-001,17.972,3.338,1.243,499.993,45.047,32.12,1.276,30.988,0,sticking_picking_proxy,16
2026-09-12T09:28:21+00:00,PRESS-RTP41-DEMO,BATCH-DEMO-001,17.51,3.293,1.21,502.036,45.409,32.133,1.189,31.03,0,sticking_picking_proxy,15
2026-09-12T09:28:22+00:00,PRESS-RTP41-DEMO,BATCH-DEMO-001,16.893,3.322,1.19,497.556,45.043,32.143,1.004,31.241,0,sticking_picking_proxy,15
2026-09-12T09:28:23+00:00,PRESS-RTP41-DEMO,BATCH-DEMO-001,17.826,3.601,1.212,498.379,45.08,31.822,1.3,31.065,0,sticking_picking_proxy,15
2026-09-12T09:28:24+00:00,PRESS-RTP41-DEMO,BATCH-DEMO-001,17.442,3.672,1.246,499.145,44.76,31.763,1.353,31.047,0,sticking_picking_proxy,16
2026-09-12T09:28:25+00:00,PRESS-RTP41-DEMO,BATCH-DEMO-001,17.204,3.341,1.269,498.248,44.833,31.988,1.178,30.883,1,sticking_picking_proxy,17
2026-09-12T09:28:26+00:00,PRESS-RTP41-DEMO,BATCH-DEMO-001,17.474,3.418,1.292,499.834,44.931,32.164,1.228,31.056,1,sticking_picking_proxy,18
2026-09-12T09:28:27+00:00,PRESS-RTP41-DEMO,BATCH-DEMO-001,17.732,3.576,1.275,500.643,44.892,32.045,1.323,31.092,1,sticking_picking_proxy,17
2026-09-12T09:28:28+00:00,PRESS-RTP41-DEMO,BATCH-DEMO-001,17.29,3.354,1.256,497.903,45.206,32.25,1.295,30.946,1,sticking_picking_proxy,17
2026-09-12T09:28:29+00:00,PRESS-RTP41-DEMO,BATCH-DEMO-001,16.918,3.352,1.278,502.193,45.114,32.031,1.211,31.041,1,sticking_picking_proxy,17
2026-09-12T09:28:30+00:00,PRESS-RTP41-DEMO,BATCH-DEMO-001,18.087,3.546,1.27,501.285,44.707,32.005,1.099,31.113,1,sticking_picking_proxy,17
2026-09-12T09:28:31+00:00,PRESS-RTP41-DEMO,BATCH-DEMO-001,17.57,3.557,1.225,504.62,44.846,32.102,1.289,30.921,0,sticking_picking_proxy,16
2026-09-12T09:28:32+00:00,PRESS-RTP41-DEMO,BATCH-DEMO-001,17.729,3.486,1.297,495.14,44.801,32.146,1.245,30.995,1,sticking_picking_proxy,18
2026-09-12T09:28:33+00:00,PRESS-RTP41-DEMO,BATCH-DEMO-001,18.007,3.441,1.199,496.951,45.267,31.78,1.081,31.102,0,sticking_picking_proxy,15
2026-09-12T09:28:34+00:00,PRESS-RTP41-DEMO,BATCH-DEMO-001,17.671,3.361,1.294,498.163,45.23,32.005,1.242,30.874,1,sticking_picking_proxy,18
2026-09-12T09:28:35+00:00,PRESS-RTP41-DEMO,BATCH-DEMO-001,18.151,3.605,1.25,497.257,44.754,31.99,1.396,30.756,0,sticking_picking_proxy,16
2026-09-12T09:28:36+00:00,PRESS-RTP41-DEMO,BATCH-DEMO-001,17.913,3.393,1.198,501.945,45.068,31.738,1.181,30.852,0,sticking_picking_proxy,15
2026-09-12T09:28:37+00:00,PRESS-RTP41-DEMO,BATCH-DEMO-001,17.858,3.451,1.326,500.497,44.765,32.193,1.224,30.869,1,sticking_picking_proxy,19
2026-09-12T09:28:38+00:00,PRESS-RTP41-DEMO,BATCH-DEMO-001,18.874,3.309,1.341,498.592,45.021,32.216,1.126,30.929,1,sticking_picking_proxy,19
2026-09-12T09:28:39+00:00,PRESS-RTP41-DEMO,BATCH-DEMO-001,18.362,3.666,1.325,500.348,45.126,31.892,1.191,31.147,1,sticking_picking_proxy,19
2026-09-12T09:28:40+00:00,PRESS-RTP41-DEMO,BATCH-DEMO-001,19.216,3.575,1.262,500.631,44.543,32.269,1.221,30.909,1,sticking_picking_proxy,17
2026-09-12T09:28:41+00:00,PRESS-RTP41-DEMO,BATCH-DEMO-001,18.724,3.361,1.262,501.179,45.34,31.869,1.156,30.921,1,sticking_picking_proxy,17
2026-09-12T09:28:42+00:00,PRESS-RTP41-DEMO,BATCH-DEMO-001,18.527,3.477,1.334,499.903,44.913,31.825,1.244,31.058,1,sticking_picking_proxy,19
2026-09-12T09:28:43+00:00,PRESS-RTP41-DEMO,BATCH-DEMO-001,18.949,3.49,1.285,502.21,45.093,32.362,1.301,31.083,1,sticking_picking_proxy,18
2026-09-12T09:28:44+00:00,PRESS-RTP41-DEMO,BATCH-DEMO-001,18.611,3.492,1.358,502.424,44.985,32.365,1.161,30.89,1,sticking_picking_proxy,20
2026-09-12T09:28:45+00:00,PRESS-RTP41-DEMO,BATCH-DEMO-001,18.659,3.455,1.324,500.777,45.157,31.911,1.103,30.96,1,sticking_picking_proxy,19
2026-09-12T09:28:46+00:00,PRESS-RTP41-DEMO,BATCH-DEMO-001,19.152,3.643,1.373,497.2,45.148,32.004,1.225,30.79,1,sticking_picking_proxy,20
2026-09-12T09:28:47+00:00,PRESS-RTP41-DEMO,BATCH-DEMO-001,19.016,3.394,1.354,501.432,45.246,32.294,1.217,30.868,1,sticking_picking_proxy,20
2026-09-12T09:28:48+00:00,PRESS-RTP41-DEMO,BATCH-DEMO-001,18.528,3.624,1.321,500.821,45.045,31.774,1.161,31.05,1,sticking_picking_proxy,19
2026-09-12T09:28:49+00:00,PRESS-RTP41-DEMO,BATCH-DEMO-001,18.537,3.435,1.374,498.522,45.335,31.919,1.248,30.996,1,sticking_picking_proxy,20
2026-09-12T09:28:50+00:00,PRESS-RTP41-DEMO,BATCH-DEMO-001,17.809,3.622,1.32,498.78,45.336,31.977,1.157,31.088,1,sticking_picking_proxy,19
2026-09-12T09:28:51+00:00,PRESS-RTP41-DEMO,BATCH-DEMO-001,17.514,3.629,1.371,501.452,45.052,31.84,1.242,31.159,1,sticking_picking_proxy,20
2026-09-12T09:28:52+00:00,PRESS-RTP41-DEMO,BATCH-DEMO-001,17.83,3.303,1.451,502.572,45.043,32.362,1.28,30.927,1,sticking_picking_proxy,23
2026-09-12T09:28:53+00:00,PRESS-RTP41-DEMO,BATCH-DEMO-001,17.693,3.382,1.322,498.96,45.212,32.072,1.275,31.003,1,sticking_picking_proxy,19
2026-09-12T09:28:54+00:00,PRESS-RTP41-DEMO,BATCH-DEMO-001,18.217,3.478,1.317,498.333,45.276,31.437,1.222,30.961,1,sticking_picking_proxy,19
2026-09-12T09:28:55+00:00,PRESS-RTP41-DEMO,BATCH-DEMO-001,17.7,3.366,1.327,499.625,45.154,32.22,1.329,30.995,1,sticking_picking_proxy,19
2026-09-12T09:28:56+00:00,PRESS-RTP41-DEMO,BATCH-DEMO-001,17.227,3.641,1.422,500.77,44.929,32.197,1.229,30.91,1,sticking_picking_proxy,22
2026-09-12T09:28:57+00:00,PRESS-RTP41-DEMO,BATCH-DEMO-001,17.467,3.469,1.319,504.904,45.101,32.146,1.166,31.047,1,sticking_picking_proxy,19
2026-09-12T09:28:58+00:00,PRESS-RTP41-DEMO,BATCH-DEMO-001,17.246,3.604,1.398,501.109,45.153,32.098,1.195,31.024,1,sticking_picking_proxy,21
2026-09-12T09:28:59+00:00,PRESS-RTP41-DEMO,BATCH-DEMO-001,17.665,3.487,1.338,496.079,45.247,31.858,1.245,30.909,1,sticking_picking_proxy,19
2026-09-12T09:29:00+00:00,PRESS-RTP41-DEMO,BATCH-DEMO-001,17.638,3.553,1.318,503.621,45.057,32.157,1.218,30.917,1,sticking_picking_proxy,19
2026-09-12T09:29:01+00:00,PRESS-RTP41-DEMO,BATCH-DEMO-001,17.429,3.727,1.316,499.225,45.232,31.647,1.1,30.952,1,sticking_picking_proxy,18
2026-09-12T09:29:02+00:00,PRESS-RTP41-DEMO,BATCH-DEMO-001,17.513,3.406,1.334,499.457,45.264,31.745,1.373,31.068,1,sticking_picking_proxy,19
2026-09-12T09:29:03+00:00,PRESS-RTP41-DEMO,BATCH-DEMO-001,17.336,3.585,1.367,500.649,45.443,32.255,1.168,30.97,1,sticking_picking_proxy,20
2026-09-12T09:29:04+00:00,PRESS-RTP41-DEMO,BATCH-DEMO-001,17.492,3.519,1.34,501.914,44.976,32.333,1.068,30.92,1,sticking_picking_proxy,19
2026-09-12T09:29:05+00:00,PRESS-RTP41-DEMO,BATCH-DEMO-001,18.069,3.536,1.344,497.915,45.189,31.738,1.256,31.009,1,sticking_picking_proxy,19
2026-09-12T09:29:06+00:00,PRESS-RTP41-DEMO,BATCH-DEMO-001,17.996,3.429,1.455,498.941,44.396,31.954,1.297,31.005,1,sticking_picking_proxy,23
2026-09-12T09:29:07+00:00,PRESS-RTP41-DEMO,BATCH-DEMO-001,18.086,3.711,1.385,498.728,44.933,31.974,1.229,31.173,1,sticking_picking_proxy,21
2026-09-12T09:29:08+00:00,PRESS-RTP41-DEMO,BATCH-DEMO-001,18.392,3.638,1.361,501.69,44.63,31.703,1.186,31.088,1,sticking_picking_proxy,20
2026-09-12T09:29:09+00:00,PRESS-RTP41-DEMO,BATCH-DEMO-001,18.461,3.451,1.336,501.389,44.448,32.01,1.157,31.044,1,sticking_picking_proxy,19
2026-09-12T09:29:10+00:00,PRESS-RTP41-DEMO,BATCH-DEMO-001,18.455,3.563,1.413,502.622,45.217,32.255,1.215,31.025,1,sticking_picking_proxy,21
2026-09-12T09:29:11+00:00,PRESS-RTP41-DEMO,BATCH-DEMO-001,18.988,3.498,1.386,496.985,45.094,32.13,1.301,30.96,1,sticking_picking_proxy,21
2026-09-12T09:29:12+00:00,PRESS-RTP41-DEMO,BATCH-DEMO-001,18.315,3.344,1.399,499.708,45.106,32.106,1.279,31.152,1,sticking_picking_proxy,21
2026-09-12T09:29:13+00:00,PRESS-RTP41-DEMO,BATCH-DEMO-001,18.722,3.264,1.38,501.833,44.837,31.682,1.15,31.028,1,sticking_picking_proxy,20
2026-09-12T09:29:14+00:00,PRESS-RTP41-DEMO,BATCH-DEMO-001,18.471,3.439,1.353,503.22,45.185,31.713,1.005,31.019,1,sticking_picking_proxy,20
2026-09-12T09:29:15+00:00,PRESS-RTP41-DEMO,BATCH-DEMO-001,18.377,3.535,1.384,500.478,45.074,31.536,1.199,30.854,1,sticking_picking_proxy,21
2026-09-12T09:29:16+00:00,PRESS-RTP41-DEMO,BATCH-DEMO-001,18.566,3.556,1.4,501.588,45.151,32.384,1.066,31.034,1,sticking_picking_proxy,21
2026-09-12T09:29:17+00:00,PRESS-RTP41-DEMO,BATCH-DEMO-001,18.743,3.553,1.402,501.347,45.121,32.476,1.31,30.739,1,sticking_picking_proxy,21
2026-09-12T09:29:18+00:00,PRESS-RTP41-DEMO,BATCH-DEMO-001,18.335,3.636,1.394,500.406,45.056,31.647,1.024,31.234,1,sticking_picking_proxy,21
2026-09-12T09:29:19+00:00,PRESS-RTP41-DEMO,BATCH-DEMO-001,17.894,3.445,1.436,501.246,44.894,32.139,1.329,31.139,1,sticking_picking_proxy,22
2026-09-12T09:29:20+00:00,PRESS-RTP41-DEMO,BATCH-DEMO-001,17.923,3.489,1.408,500.41,45.092,31.968,1.249,30.946,1,sticking_picking_proxy,21
2026-09-12T09:29:21+00:00,PRESS-RTP41-DEMO,BATCH-DEMO-001,18.07,3.802,1.495,498.355,44.594,31.744,1.299,30.92,1,sticking_picking_proxy,24
2026-09-12T09:29:22+00:00,PRESS-RTP41-DEMO,BATCH-DEMO-001,17.948,3.499,1.46,499.542,44.906,31.705,1.196,30.997,1,sticking_picking_proxy,23
2026-09-12T09:29:23+00:00,PRESS-RTP41-DEMO,BATCH-DEMO-001,17.855,3.554,1.405,503.189,44.997,32.452,1.103,30.913,1,sticking_picking_proxy,21
2026-09-12T09:29:24+00:00,PRESS-RTP41-DEMO,BATCH-DEMO-001,17.355,3.233,1.398,499.251,44.796,32.24,1.255,30.932,1,sticking_picking_proxy,21
2026-09-12T09:29:25+00:00,PRESS-RTP41-DEMO,BATCH-DEMO-001,17.767,3.412,1.438,497.538,44.788,32.011,1.087,30.93,1,sticking_picking_proxy,22
2026-09-12T09:29:26+00:00,PRESS-RTP41-DEMO,BATCH-DEMO-001,17.995,3.654,1.447,503.986,45.058,32.248,1.231,30.999,1,sticking_picking_proxy,22
2026-09-12T09:29:27+00:00,PRESS-RTP41-DEMO,BATCH-DEMO-001,17.137,3.203,1.421,500.39,44.989,31.825,1.251,31.053,1,sticking_picking_proxy,22
2026-09-12T09:29:28+00:00,PRESS-RTP41-DEMO,BATCH-DEMO-001,17.668,3.439,1.501,499.843,45.326,31.663,1.351,31.151,1,sticking_picking_proxy,24
2026-09-12T09:29:29+00:00,PRESS-RTP41-DEMO,BATCH-DEMO-001,17.306,3.466,1.447,502.701,44.989,31.41,1.205,31.136,1,sticking_picking_proxy,22
2026-09-12T09:29:30+00:00,PRESS-RTP41-DEMO,BATCH-DEMO-001,17.379,3.572,1.453,496.773,45.207,31.87,1.342,30.99,1,sticking_picking_proxy,23
2026-09-12T09:29:31+00:00,PRESS-RTP41-DEMO,BATCH-DEMO-001,17.535,3.464,1.424,499.966,44.998,31.998,1.138,30.735,1,sticking_picking_proxy,22
2026-09-12T09:29:32+00:00,PRESS-RTP41-DEMO,BATCH-DEMO-001,17.497,3.347,1.49,502.814,45.259,31.961,1.174,30.932,1,sticking_picking_proxy,24
2026-09-12T09:29:33+00:00,PRESS-RTP41-DEMO,BATCH-DEMO-001,17.653,3.421,1.483,500.352,45.062,31.853,1.192,31.041,1,sticking_picking_proxy,23
2026-09-12T09:29:34+00:00,PRESS-RTP41-DEMO,BATCH-DEMO-001,17.284,3.552,1.525,500.632,44.969,31.764,1.206,30.797,1,sticking_picking_proxy,25
2026-09-12T09:29:35+00:00,PRESS-RTP41-DEMO,BATCH-DEMO-001,17.909,3.39,1.436,496.497,45.105,32.205,1.21,31.028,1,sticking_picking_proxy,22
2026-09-12T09:29:36+00:00,PRESS-RTP41-DEMO,BATCH-DEMO-001,18.116,3.706,1.453,500.404,45.043,32.081,1.126,31.065,1,sticking_picking_proxy,23
2026-09-12T09:29:37+00:00,PRESS-RTP41-DEMO,BATCH-DEMO-001,17.938,3.431,1.457,496.919,45.183,31.795,1.287,30.906,1,sticking_picking_proxy,23
2026-09-12T09:29:38+00:00,PRESS-RTP41-DEMO,BATCH-DEMO-001,18.471,3.462,1.453,501.925,45.128,31.705,1.17,30.929,1,sticking_picking_proxy,23
2026-09-12T09:29:39+00:00,PRESS-RTP41-DEMO,BATCH-DEMO-001,18.061,3.523,1.499,498.144,44.89,32.313,1.328,30.904,1,sticking_picking_proxy,24
2026-09-12T09:29:40+00:00,PRESS-RTP41-DEMO,BATCH-DEMO-001,18.426,3.432,1.461,503.302,44.915,32.024,1.075,30.895,1,sticking_picking_proxy,23
2026-09-12T09:29:41+00:00,PRESS-RTP41-DEMO,BATCH-DEMO-001,18.489,3.529,1.479,497.538,45.16,31.75,1.109,31.107,1,sticking_picking_proxy,23
2026-09-12T09:29:42+00:00,PRESS-RTP41-DEMO,BATCH-DEMO-001,18.379,3.285,1.51,500.41,45.255,31.685,1.202,31.039,1,sticking_picking_proxy,24
2026-09-12T09:29:43+00:00,PRESS-RTP41-DEMO,BATCH-DEMO-001,18.776,3.383,1.533,501.118,45.211,32.153,1.252,31.052,1,sticking_picking_proxy,25
2026-09-12T09:29:44+00:00,PRESS-RTP41-DEMO,BATCH-DEMO-001,18.089,3.432,1.537,500.634,45.058,31.883,1.231,30.82,1,sticking_picking_proxy,25
2026-09-12T09:29:45+00:00,PRESS-RTP41-DEMO,BATCH-DEMO-001,18.734,3.536,1.456,500.742,44.945,31.924,1.206,30.867,1,sticking_picking_proxy,23
2026-09-12T09:29:46+00:00,PRESS-RTP41-DEMO,BATCH-DEMO-001,18.219,3.158,1.493,500.442,45.047,32.004,1.191,30.977,1,sticking_picking_proxy,24
2026-09-12T09:29:47+00:00,PRESS-RTP41-DEMO,BATCH-DEMO-001,18.575,3.472,1.471,503.024,45.095,31.69,1.245,31.039,1,sticking_picking_proxy,23
2026-09-12T09:29:48+00:00,PRESS-RTP41-DEMO,BATCH-DEMO-001,18.613,3.484,1.514,497.566,44.757,32.318,1.199,30.836,1,sticking_picking_proxy,24
2026-09-12T09:29:49+00:00,PRESS-RTP41-DEMO,BATCH-DEMO-001,18.252,3.148,1.484,502.757,45.066,31.716,1.184,31.097,1,sticking_picking_proxy,24
2026-09-12T09:29:50+00:00,PRESS-RTP41-DEMO,BATCH-DEMO-001,18.507,3.627,1.546,502.38,44.841,31.949,1.065,30.971,1,sticking_picking_proxy,25
2026-09-12T09:29:51+00:00,PRESS-RTP41-DEMO,BATCH-DEMO-001,18.515,3.682,1.499,502.705,45.188,32.064,1.283,31.032,1,sticking_picking_proxy,24
2026-09-12T09:29:52+00:00,PRESS-RTP41-DEMO,BATCH-DEMO-001,18.468,3.527,1.547,500.027,45.005,32.23,1.159,31.095,1,sticking_picking_proxy,25
2026-09-12T09:29:53+00:00,PRESS-RTP41-DEMO,BATCH-DEMO-001,17.632,3.485,1.476,501.444,45.01,32.142,1.193,31.086,1,sticking_picking_proxy,23
2026-09-12T09:29:54+00:00,PRESS-RTP41-DEMO,BATCH-DEMO-001,17.677,3.659,1.472,502.767,45.042,31.763,1.322,31.049,1,sticking_picking_proxy,23
2026-09-12T09:29:55+00:00,PRESS-RTP41-DEMO,BATCH-DEMO-001,17.678,3.472,1.536,501.984,45.158,31.749,1.096,30.857,1,sticking_picking_proxy,25
2026-09-12T09:29:56+00:00,PRESS-RTP41-DEMO,BATCH-DEMO-001,18.03,3.518,1.466,496.432,45.114,31.927,1.258,31.037,1,sticking_picking_proxy,23
2026-09-12T09:29:57+00:00,PRESS-RTP41-DEMO,BATCH-DEMO-001,17.689,3.518,1.472,502.389,45.181,32.224,1.192,30.998,1,sticking_picking_proxy,23
2026-09-12T09:29:58+00:00,PRESS-RTP41-DEMO,BATCH-DEMO-001,17.329,3.434,1.55,499.022,45.223,31.907,1.287,30.939,1,sticking_picking_proxy,25
2026-09-12T09:29:59+00:00,PRESS-RTP41-DEMO,BATCH-DEMO-001,17.089,3.641,1.523,499.871,44.987,32.144,1.313,31.074,1,sticking_picking_proxy,25
2026-09-12T09:30:00+00:00,PRESS-RTP41-DEMO,BATCH-DEMO-001,17.233,3.432,1.565,502.288,44.843,31.646,1.161,31.039,1,sticking_picking_proxy,26
2026-09-12T09:30:01+00:00,PRESS-RTP41-DEMO,BATCH-DEMO-001,17.415,3.625,1.535,498.124,44.962,31.697,1.215,31.101,1,sticking_picking_proxy,25
2026-09-12T09:30:02+00:00,PRESS-RTP41-DEMO,BATCH-DEMO-001,17.443,3.451,1.598,497.347,44.853,32.686,1.142,31.072,1,sticking_picking_proxy,27
2026-09-12T09:30:03+00:00,PRESS-RTP41-DEMO,BATCH-DEMO-001,17.466,3.298,1.557,499.562,44.882,32.103,1.167,30.902,1,sticking_picking_proxy,26
2026-09-12T09:30:04+00:00,PRESS-RTP41-DEMO,BATCH-DEMO-001,17.435,3.409,1.637,498.884,45.083,32.015,1.141,31.086,1,sticking_picking_proxy,28
2026-09-12T09:30:05+00:00,PRESS-RTP41-DEMO,BATCH-DEMO-001,17.571,3.598,1.49,498.318,44.553,31.982,1.218,30.807,1,sticking_picking_proxy,24
2026-09-12T09:30:06+00:00,PRESS-RTP41-DEMO,BATCH-DEMO-001,17.471,3.613,1.533,499.992,45.178,31.975,1.288,30.977,1,sticking_picking_proxy,25
2026-09-12T09:30:07+00:00,PRESS-RTP41-DEMO,BATCH-DEMO-001,17.872,3.463,1.557,499.488,44.973,31.921,1.236,30.929,1,sticking_picking_proxy,26
2026-09-12T09:30:08+00:00,PRESS-RTP41-DEMO,BATCH-DEMO-001,18.107,3.459,1.568,498.135,45.073,31.83,1.15,31.173,1,sticking_picking_proxy,26
2026-09-12T09:30:09+00:00,PRESS-RTP41-DEMO,BATCH-DEMO-001,17.904,3.552,1.579,500.721,45.224,32.189,1.074,30.969,1,sticking_picking_proxy,26
2026-09-12T09:30:10+00:00,PRESS-RTP41-DEMO,BATCH-DEMO-001,18.26,3.354,1.549,499.175,44.765,31.805,1.218,31.079,1,sticking_picking_proxy,25
2026-09-12T09:30:11+00:00,PRESS-RTP41-DEMO,BATCH-DEMO-001,18.084,3.56,1.586,504.09,45.196,31.683,1.372,30.927,1,sticking_picking_proxy,27
2026-09-12T09:30:12+00:00,PRESS-RTP41-DEMO,BATCH-DEMO-001,18.134,3.408,1.578,498.221,44.829,32.178,1.118,30.999,1,sticking_picking_proxy,26
2026-09-12T09:30:13+00:00,PRESS-RTP41-DEMO,BATCH-DEMO-001,17.941,3.422,1.584,499.816,45.148,32.425,1.22,30.999,1,sticking_picking_proxy,27
2026-09-12T09:30:14+00:00,PRESS-RTP41-DEMO,BATCH-DEMO-001,18.916,3.63,1.598,500.677,44.628,31.674,1.203,31.117,1,sticking_picking_proxy,27
2026-09-12T09:30:15+00:00,PRESS-RTP41-DEMO,BATCH-DEMO-001,18.149,3.532,1.582,501.627,45.1,31.983,1.187,30.877,1,sticking_picking_proxy,26
2026-09-12T09:30:16+00:00,PRESS-RTP41-DEMO,BATCH-DEMO-001,18.989,3.503,1.597,501.866,45.028,31.871,1.265,31.037,1,sticking_picking_proxy,27
2026-09-12T09:30:17+00:00,PRESS-RTP41-DEMO,BATCH-DEMO-001,18.724,3.527,1.523,499.442,44.943,32.303,1.212,31.119,1,sticking_picking_proxy,25
2026-09-12T09:30:18+00:00,PRESS-RTP41-DEMO,BATCH-DEMO-001,18.039,3.532,1.536,498.26,44.898,32.084,1.168,30.718,1,sticking_picking_proxy,25
2026-09-12T09:30:19+00:00,PRESS-RTP41-DEMO,BATCH-DEMO-001,18.257,3.412,1.636,500.976,44.894,32.224,1.356,31.153,1,sticking_picking_proxy,28
2026-09-12T09:30:20+00:00,PRESS-RTP41-DEMO,BATCH-DEMO-001,18.261,3.277,1.587,502.33,44.723,32.228,1.254,30.851,1,sticking_picking_proxy,27
2026-09-12T09:30:21+00:00,PRESS-RTP41-DEMO,BATCH-DEMO-001,18.403,3.393,1.563,500.096,44.675,32.175,1.318,31.053,1,sticking_picking_proxy,26
2026-09-12T09:30:22+00:00,PRESS-RTP41-DEMO,BATCH-DEMO-001,18.365,3.542,1.607,499.626,45.126,32.043,1.297,30.991,1,sticking_picking_proxy,27
2026-09-12T09:30:23+00:00,PRESS-RTP41-DEMO,BATCH-DEMO-001,18.224,3.614,1.622,499.429,45.032,31.957,1.25,31.109,1,sticking_picking_proxy,28
2026-09-12T09:30:24+00:00,PRESS-RTP41-DEMO,BATCH-DEMO-001,17.826,3.679,1.632,500.73,45.084,32.523,1.109,31.174,1,sticking_picking_proxy,28
2026-09-12T09:30:25+00:00,PRESS-RTP41-DEMO,BATCH-DEMO-001,17.727,3.496,1.574,498.992,45.121,31.785,1.04,30.903,1,sticking_picking_proxy,26
2026-09-12T09:30:26+00:00,PRESS-RTP41-DEMO,BATCH-DEMO-001,17.206,3.262,1.634,498.555,45.097,31.972,1.166,31.144,1,sticking_picking_proxy,28
2026-09-12T09:30:27+00:00,PRESS-RTP41-DEMO,BATCH-DEMO-001,17.902,3.165,1.628,498.201,45.031,32.497,1.312,30.898,1,sticking_picking_proxy,28
2026-09-12T09:30:28+00:00,PRESS-RTP41-DEMO,BATCH-DEMO-001,17.305,3.478,1.638,502.797,44.923,31.915,1.262,31.069,1,sticking_picking_proxy,28
2026-09-12T09:30:29+00:00,PRESS-RTP41-DEMO,BATCH-DEMO-001,17.489,3.479,1.648,497.861,45.264,31.986,1.261,31.039,1,sticking_picking_proxy,28
2026-09-12T09:30:30+00:00,PRESS-RTP41-DEMO,BATCH-DEMO-001,16.865,3.374,1.62,497.857,44.988,32.453,1.112,31.093,1,sticking_picking_proxy,28
2026-09-12T09:30:31+00:00,PRESS-RTP41-DEMO,BATCH-DEMO-001,16.813,3.373,1.584,501.337,45.144,31.529,1.117,30.812,1,sticking_picking_proxy,27
2026-09-12T09:30:32+00:00,PRESS-RTP41-DEMO,BATCH-DEMO-001,17.103,3.342,1.634,496.999,45.027,31.511,1.282,31.078,1,sticking_picking_proxy,28
2026-09-12T09:30:33+00:00,PRESS-RTP41-DEMO,BATCH-DEMO-001,17.71,3.666,1.589,498.64,44.898,31.941,1.139,30.96,1,sticking_picking_proxy,27
2026-09-12T09:30:34+00:00,PRESS-RTP41-DEMO,BATCH-DEMO-001,17.526,3.252,1.578,498.501,45.308,31.515,1.23,30.964,1,sticking_picking_proxy,26
2026-09-12T09:30:35+00:00,PRESS-RTP41-DEMO,BATCH-DEMO-001,17.771,3.316,1.657,503.433,45.035,31.739,1.013,30.881,1,sticking_picking_proxy,29
2026-09-12T09:30:36+00:00,PRESS-RTP41-DEMO,BATCH-DEMO-001,17.945,3.556,1.699,500.367,45.161,32.296,1.12,31.033,1,sticking_picking_proxy,30
2026-09-12T09:30:37+00:00,PRESS-RTP41-DEMO,BATCH-DEMO-001,17.982,3.392,1.664,501.239,44.401,31.694,1.215,31.162,1,sticking_picking_proxy,29
2026-09-12T09:30:38+00:00,PRESS-RTP41-DEMO,BATCH-DEMO-001,17.587,3.657,1.703,498.414,45.195,31.82,1.143,30.871,1,sticking_picking_proxy,30
2026-09-12T09:30:39+00:00,PRESS-RTP41-DEMO,BATCH-DEMO-001,18.406,3.524,1.656,500.153,44.885,32.212,1.083,30.71,1,sticking_picking_proxy,29
2026-09-12T09:30:40+00:00,PRESS-RTP41-DEMO,BATCH-DEMO-001,18.306,3.411,1.651,500.198,45.118,31.588,1.087,31.113,1,sticking_picking_proxy,29
2026-09-12T09:30:41+00:00,PRESS-RTP41-DEMO,BATCH-DEMO-001,17.978,3.481,1.654,499.249,44.752,31.898,1.137,31.14,1,sticking_picking_proxy,29
2026-09-12T09:30:42+00:00,PRESS-RTP41-DEMO,BATCH-DEMO-001,18.417,3.461,1.599,498.623,45.307,32.273,1.301,30.862,1,sticking_picking_proxy,27
2026-09-12T09:30:43+00:00,PRESS-RTP41-DEMO,BATCH-DEMO-001,18.433,3.403,1.622,503.879,45.28,32.33,1.214,30.881,1,sticking_picking_proxy,28
2026-09-12T09:30:44+00:00,PRESS-RTP41-DEMO,BATCH-DEMO-001,18.659,3.629,1.683,496.147,44.941,32.53,1.292,30.82,1,sticking_picking_proxy,29
2026-09-12T09:30:45+00:00,PRESS-RTP41-DEMO,BATCH-DEMO-001,18.751,3.672,1.734,500.018,44.73,31.97,1.266,30.934,1,sticking_picking_proxy,31
2026-09-12T09:30:46+00:00,PRESS-RTP41-DEMO,BATCH-DEMO-001,18.703,3.499,1.717,499.748,45.024,32.098,1.238,31.155,1,sticking_picking_proxy,31
2026-09-12T09:30:47+00:00,PRESS-RTP41-DEMO,BATCH-DEMO-001,18.825,3.3,1.776,500.769,44.952,32.06,1.181,30.961,1,sticking_picking_proxy,32
2026-09-12T09:30:48+00:00,PRESS-RTP41-DEMO,BATCH-DEMO-001,18.525,3.466,1.683,499.334,44.895,32.085,1.164,30.942,1,sticking_picking_proxy,29
2026-09-12T09:30:49+00:00,PRESS-RTP41-DEMO,BATCH-DEMO-001,18.319,3.436,1.668,500.59,44.982,31.825,1.197,31.022,1,sticking_picking_proxy,29
2026-09-12T09:30:50+00:00,PRESS-RTP41-DEMO,BATCH-DEMO-001,18.238,3.504,1.685,501.167,44.951,31.734,1.252,31.094,1,sticking_picking_proxy,30
2026-09-12T09:30:51+00:00,PRESS-RTP41-DEMO,BATCH-DEMO-001,18.751,3.364,1.663,498.954,44.917,31.962,1.289,30.861,1,sticking_picking_proxy,29
2026-09-12T09:30:52+00:00,PRESS-RTP41-DEMO,BATCH-DEMO-001,18.689,3.259,1.796,497.366,44.574,31.768,1.327,31.085,1,sticking_picking_proxy,33
2026-09-12T09:30:53+00:00,PRESS-RTP41-DEMO,BATCH-DEMO-001,18.951,3.54,1.685,498.61,45.131,31.969,1.167,31.015,1,sticking_picking_proxy,30
2026-09-12T09:30:54+00:00,PRESS-RTP41-DEMO,BATCH-DEMO-001,18.627,3.706,1.644,503.599,45.131,32.532,1.127,31.078,1,sticking_picking_proxy,28
2026-09-12T09:30:55+00:00,PRESS-RTP41-DEMO,BATCH-DEMO-001,18.355,3.441,1.742,506.398,45.252,31.794,1.242,31.034,1,sticking_picking_proxy,32
2026-09-12T09:30:56+00:00,PRESS-RTP41-DEMO,BATCH-DEMO-001,17.811,3.558,1.642,501.76,45.173,31.972,1.102,31.03,1,sticking_picking_proxy,28
2026-09-12T09:30:57+00:00,PRESS-RTP41-DEMO,BATCH-DEMO-001,18.105,3.483,1.727,502.028,45.195,31.802,1.162,31.151,1,sticking_picking_proxy,31
2026-09-12T09:30:58+00:00,PRESS-RTP41-DEMO,BATCH-DEMO-001,17.699,3.428,1.703,499.703,45.11,31.843,1.342,31.059,1,sticking_picking_proxy,30
2026-09-12T09:30:59+00:00,PRESS-RTP41-DEMO,BATCH-DEMO-001,17.416,3.541,1.758,500.715,44.844,31.57,1.121,31.088,1,sticking_picking_proxy,32
2026-09-12T09:31:00+00:00,PRESS-RTP41-DEMO,BATCH-DEMO-001,18.085,3.386,1.717,497.65,44.557,31.953,1.335,31.103,1,sticking_picking_proxy,31
2026-09-12T09:31:01+00:00,PRESS-RTP41-DEMO,BATCH-DEMO-001,17.103,3.311,1.765,498.356,45.043,31.897,1.234,31.136,1,sticking_picking_proxy,32
2026-09-12T09:31:02+00:00,PRESS-RTP41-DEMO,BATCH-DEMO-001,17.595,3.488,1.664,499.069,44.676,32.022,1.154,30.946,1,sticking_picking_proxy,29
2026-09-12T09:31:03+00:00,PRESS-RTP41-DEMO,BATCH-DEMO-001,16.934,3.601,1.764,498.236,45.277,31.66,1.253,31.163,1,sticking_picking_proxy,32
2026-09-12T09:31:04+00:00,PRESS-RTP41-DEMO,BATCH-DEMO-001,17.375,3.527,1.741,503.302,45.042,31.987,1.224,30.844,1,sticking_picking_proxy,31
2026-09-12T09:31:05+00:00,PRESS-RTP41-DEMO,BATCH-DEMO-001,17.371,3.375,1.681,494.153,44.703,32.112,1.045,31.163,1,sticking_picking_proxy,29
2026-09-12T09:31:06+00:00,PRESS-RTP41-DEMO,BATCH-DEMO-001,17.5,3.622,1.742,498.894,45.05,31.77,1.3,31.002,1,sticking_picking_proxy,31
2026-09-12T09:31:07+00:00,PRESS-RTP41-DEMO,BATCH-DEMO-001,18.006,3.616,1.765,502.552,44.945,32.13,1.32,30.991,1,sticking_picking_proxy,32
2026-09-12T09:31:08+00:00,PRESS-RTP41-DEMO,BATCH-DEMO-001,17.603,3.483,1.683,505.163,45.281,31.853,1.162,31.039,1,sticking_picking_proxy,29
2026-09-12T09:31:09+00:00,PRESS-RTP41-DEMO,BATCH-DEMO-001,18.095,3.577,1.761,499.701,44.839,31.904,1.129,31.079,1,sticking_picking_proxy,32
2026-09-12T09:31:10+00:00,PRESS-RTP41-DEMO,BATCH-DEMO-001,17.777,3.481,1.692,498.144,44.975,32.263,1.149,30.937,1,sticking_picking_proxy,30
2026-09-12T09:31:11+00:00,PRESS-RTP41-DEMO,BATCH-DEMO-001,17.912,3.494,1.799,503.54,45.174,32.053,1.307,31.035,1,sticking_picking_proxy,33
2026-09-12T09:31:12+00:00,PRESS-RTP41-DEMO,BATCH-DEMO-001,18.028,3.325,1.651,498.574,44.75,31.778,1.134,30.995,1,sticking_picking_proxy,29
2026-09-12T09:31:13+00:00,PRESS-RTP41-DEMO,BATCH-DEMO-001,18.594,3.681,1.725,502.778,44.719,31.973,1.161,30.922,1,sticking_picking_proxy,31
2026-09-12T09:31:14+00:00,PRESS-RTP41-DEMO,BATCH-DEMO-001,17.97,3.545,1.692,500.954,45.263,31.799,1.13,31.041,1,sticking_picking_proxy,30
2026-09-12T09:31:15+00:00,PRESS-RTP41-DEMO,BATCH-DEMO-001,18.659,3.73,1.733,501.153,45.114,32.404,1.19,30.977,1,sticking_picking_proxy,31
2026-09-12T09:31:16+00:00,PRESS-RTP41-DEMO,BATCH-DEMO-001,18.315,3.436,1.787,494.946,45.259,32.137,1.292,30.977,1,sticking_picking_proxy,33
2026-09-12T09:31:17+00:00,PRESS-RTP41-DEMO,BATCH-DEMO-001,18.274,3.476,1.804,502.261,45.205,31.849,1.191,30.932,1,sticking_picking_proxy,33
2026-09-12T09:31:18+00:00,PRESS-RTP41-DEMO,BATCH-DEMO-001,18.707,3.409,1.733,498.917,44.999,31.558,1.081,30.964,1,sticking_picking_proxy,31
2026-09-12T09:31:19+00:00,PRESS-RTP41-DEMO,BATCH-DEMO-001,19.002,3.501,1.748,496.769,44.791,32.283,1.288,30.881,1,sticking_picking_proxy,31
2026-09-12T09:31:20+00:00,PRESS-RTP41-DEMO,BATCH-DEMO-001,18.909,3.351,1.73,502.054,44.891,32.24,1.316,31.043,1,sticking_picking_proxy,31
2026-09-12T09:31:21+00:00,PRESS-RTP41-DEMO,BATCH-DEMO-001,18.857,3.724,1.813,502.961,45.095,31.842,1.24,31.133,1,sticking_picking_proxy,33
2026-09-12T09:31:22+00:00,PRESS-RTP41-DEMO,BATCH-DEMO-001,18.235,3.529,1.834,502.889,44.902,31.897,1.204,31.295,1,sticking_picking_proxy,34
2026-09-12T09:31:23+00:00,PRESS-RTP41-DEMO,BATCH-DEMO-001,18.247,3.32,1.829,497.102,45.069,31.845,1.294,30.945,1,sticking_picking_proxy,34
2026-09-12T09:31:24+00:00,PRESS-RTP41-DEMO,BATCH-DEMO-001,18.64,3.409,1.824,501.23,44.98,32.379,1.244,30.961,1,sticking_picking_proxy,34
2026-09-12T09:31:25+00:00,PRESS-RTP41-DEMO,BATCH-DEMO-001,18.27,3.308,1.818,499.482,45.187,31.916,1.248,30.986,1,sticking_picking_proxy,34
2026-09-12T09:31:26+00:00,PRESS-RTP41-DEMO,BATCH-DEMO-001,18.31,3.472,1.785,498.276,44.763,31.761,1.327,31.143,1,sticking_picking_proxy,33
2026-09-12T09:31:27+00:00,PRESS-RTP41-DEMO,BATCH-DEMO-001,18.127,3.479,1.792,498.138,45.284,32.058,1.001,30.964,1,sticking_picking_proxy,33
2026-09-12T09:31:28+00:00,PRESS-RTP41-DEMO,BATCH-DEMO-001,18.225,3.452,1.839,500.172,44.699,32.029,1.226,30.924,1,sticking_picking_proxy,34
2026-09-12T09:31:29+00:00,PRESS-RTP41-DEMO,BATCH-DEMO-001,17.906,3.659,1.851,502.054,44.738,31.975,1.235,30.974,1,sticking_picking_proxy,35
2026-09-12T09:31:30+00:00,PRESS-RTP41-DEMO,BATCH-DEMO-001,17.345,3.516,1.856,500.705,44.926,31.683,1.197,31.033,1,sticking_picking_proxy,35
2026-09-12T09:31:31+00:00,PRESS-RTP41-DEMO,BATCH-DEMO-001,17.674,3.43,1.8,501.659,44.83,32.064,1.182,31.05,1,sticking_picking_proxy,33
2026-09-12T09:31:32+00:00,PRESS-RTP41-DEMO,BATCH-DEMO-001,17.462,3.386,1.872,497.579,44.618,32.073,1.142,30.986,1,sticking_picking_proxy,35
2026-09-12T09:31:33+00:00,PRESS-RTP41-DEMO,BATCH-DEMO-001,16.953,3.605,1.916,501.439,44.962,32.482,1.163,30.837,1,sticking_picking_proxy,36
2026-09-12T09:31:34+00:00,PRESS-RTP41-DEMO,BATCH-DEMO-001,17.941,3.686,1.825,499.484,44.866,32.219,1.055,30.806,1,sticking_picking_proxy,34
2026-09-12T09:31:35+00:00,PRESS-RTP41-DEMO,BATCH-DEMO-001,17.67,3.611,1.811,500.119,44.988,31.868,1.137,31.013,1,sticking_picking_proxy,33
2026-09-12T09:31:36+00:00,PRESS-RTP41-DEMO,BATCH-DEMO-001,17.785,3.669,1.75,499.34,44.931,32.121,1.247,31.082,1,sticking_picking_proxy,32
2026-09-12T09:31:37+00:00,PRESS-RTP41-DEMO,BATCH-DEMO-001,17.638,3.296,1.819,500.303,44.845,32.384,1.058,30.991,1,sticking_picking_proxy,34
2026-09-12T09:31:38+00:00,PRESS-RTP41-DEMO,BATCH-DEMO-001,17.225,3.54,1.827,501.155,44.819,32.01,1.131,31.168,1,sticking_picking_proxy,34
2026-09-12T09:31:39+00:00,PRESS-RTP41-DEMO,BATCH-DEMO-001,17.422,3.369,1.809,502.254,45.348,31.901,1.148,31.173,1,sticking_picking_proxy,33
2026-09-12T09:31:40+00:00,PRESS-RTP41-DEMO,BATCH-DEMO-001,17.555,3.451,1.909,503.647,45.443,31.651,1.232,30.883,1,sticking_picking_proxy,36
2026-09-12T09:31:41+00:00,PRESS-RTP41-DEMO,BATCH-DEMO-001,17.72,3.556,1.892,496.667,45.347,32.12,1.16,31.062,1,sticking_picking_proxy,36
2026-09-12T09:31:42+00:00,PRESS-RTP41-DEMO,BATCH-DEMO-001,17.789,3.43,1.866,499.726,45.297,31.639,1.267,30.81,1,sticking_picking_proxy,35
2026-09-12T09:31:43+00:00,PRESS-RTP41-DEMO,BATCH-DEMO-001,18.103,3.467,1.885,500.064,45.132,32.036,1.132,30.887,1,sticking_picking_proxy,36
2026-09-12T09:31:44+00:00,PRESS-RTP41-DEMO,BATCH-DEMO-001,18.202,3.55,1.826,503.687,44.806,31.962,0.977,30.798,1,sticking_picking_proxy,34
2026-09-12T09:31:45+00:00,PRESS-RTP41-DEMO,BATCH-DEMO-001,17.933,3.508,1.927,495.072,45.038,32.269,1.144,30.902,1,sticking_picking_proxy,37
2026-09-12T09:31:46+00:00,PRESS-RTP41-DEMO,BATCH-DEMO-001,18.746,3.446,1.861,500.183,44.839,32.224,1.197,30.927,1,sticking_picking_proxy,35
2026-09-12T09:31:47+00:00,PRESS-RTP41-DEMO,BATCH-DEMO-001,18.321,3.56,1.908,499.373,45.042,31.855,1.058,30.941,1,sticking_picking_proxy,36
2026-09-12T09:31:48+00:00,PRESS-RTP41-DEMO,BATCH-DEMO-001,18.506,3.422,1.889,500.515,45.239,32.376,1.268,31.005,1,sticking_picking_proxy,36
2026-09-12T09:31:49+00:00,PRESS-RTP41-DEMO,BATCH-DEMO-001,18.797,3.564,1.884,500.044,45.005,32.195,1.268,31.161,1,sticking_picking_proxy,36
2026-09-12T09:31:50+00:00,PRESS-RTP41-DEMO,BATCH-DEMO-001,18.535,3.506,1.893,501.945,44.915,31.988,1.065,31.058,1,sticking_picking_proxy,36
2026-09-12T09:31:51+00:00,PRESS-RTP41-DEMO,BATCH-DEMO-001,18.857,3.419,1.844,502.992,44.816,32.266,1.122,31.012,1,sticking_picking_proxy,34
2026-09-12T09:31:52+00:00,PRESS-RTP41-DEMO,BATCH-DEMO-001,19.011,3.282,1.851,502.471,44.655,31.97,1.158,30.884,1,sticking_picking_proxy,35
2026-09-12T09:31:53+00:00,PRESS-RTP41-DEMO,BATCH-DEMO-001,18.819,3.41,1.874,498.02,44.879,31.952,1.162,31.023,1,sticking_picking_proxy,35
2026-09-12T09:31:54+00:00,PRESS-RTP41-DEMO,BATCH-DEMO-001,18.367,3.508,1.872,498.771,45.075,31.607,1.304,30.921,1,sticking_picking_proxy,35
2026-09-12T09:31:55+00:00,PRESS-RTP41-DEMO,BATCH-DEMO-001,19.068,3.437,1.917,499.205,45.123,32.29,1.099,30.932,1,sticking_picking_proxy,37
2026-09-12T09:31:56+00:00,PRESS-RTP41-DEMO,BATCH-DEMO-001,18.25,3.253,1.95,499.1,45.089,31.652,1.102,30.912,1,sticking_picking_proxy,38
2026-09-12T09:31:57+00:00,PRESS-RTP41-DEMO,BATCH-DEMO-001,18.202,3.651,1.893,501.203,44.822,31.68,1.204,31.157,1,sticking_picking_proxy,36
2026-09-12T09:31:58+00:00,PRESS-RTP41-DEMO,BATCH-DEMO-001,18.203,3.45,1.862,499.409,44.798,32.143,1.12,30.845,1,sticking_picking_proxy,35
2026-09-12T09:31:59+00:00,PRESS-RTP41-DEMO,BATCH-DEMO-001,18.08,3.443,1.909,498.455,45.243,31.884,1.196,31.092,1,sticking_picking_proxy,36
2026-09-12T09:32:00+00:00,PRESS-RTP41-DEMO,BATCH-DEMO-001,18.18,3.308,0.601,497.933,45.092,32.246,1.272,30.788,0,normal,6
2026-09-12T09:32:01+00:00,PRESS-RTP41-DEMO,BATCH-DEMO-001,17.833,3.529,0.657,500.677,45.141,32.064,1.273,30.921,0,normal,6
2026-09-12T09:32:02+00:00,PRESS-RTP41-DEMO,BATCH-DEMO-001,17.676,3.476,0.685,501.508,45.141,31.864,1.11,30.926,0,normal,6
2026-09-12T09:32:03+00:00,PRESS-RTP41-DEMO,BATCH-DEMO-001,18.18,3.454,0.693,502.949,45.002,31.886,1.222,30.884,0,normal,6
2026-09-12T09:32:04+00:00,PRESS-RTP41-DEMO,BATCH-DEMO-001,18.141,3.268,0.626,499.634,45.117,31.869,1.097,30.945,0,normal,6
2026-09-12T09:32:05+00:00,PRESS-RTP41-DEMO,BATCH-DEMO-001,18.541,3.408,0.603,499.723,44.832,31.903,1.232,31.191,0,normal,6
2026-09-12T09:32:06+00:00,PRESS-RTP41-DEMO,BATCH-DEMO-001,17.925,3.389,0.625,499.885,44.87,31.81,1.342,31.085,0,normal,6
2026-09-12T09:32:07+00:00,PRESS-RTP41-DEMO,BATCH-DEMO-001,18.004,3.084,0.653,498.666,44.97,32.209,1.302,30.919,0,normal,6
2026-09-12T09:32:08+00:00,PRESS-RTP41-DEMO,BATCH-DEMO-001,18.218,3.283,0.633,499.569,45.347,32.192,1.229,31.07,0,normal,6
2026-09-12T09:32:09+00:00,PRESS-RTP41-DEMO,BATCH-DEMO-001,17.917,3.246,0.656,499.682,45.155,32.264,1.224,30.809,0,normal,6
2026-09-12T09:32:10+00:00,PRESS-RTP41-DEMO,BATCH-DEMO-001,17.779,3.442,0.684,500.255,44.711,32.05,1.195,30.922,0,normal,6
2026-09-12T09:32:11+00:00,PRESS-RTP41-DEMO,BATCH-DEMO-001,17.859,3.449,0.691,500.064,44.865,32.032,1.171,30.971,0,normal,6
2026-09-12T09:32:12+00:00,PRESS-RTP41-DEMO,BATCH-DEMO-001,18.154,3.486,0.672,500.343,45.079,32.139,1.29,31.124,0,normal,6
2026-09-12T09:32:13+00:00,PRESS-RTP41-DEMO,BATCH-DEMO-001,17.905,3.373,0.593,500.613,45.258,32.113,1.199,30.948,0,normal,6
2026-09-12T09:32:14+00:00,PRESS-RTP41-DEMO,BATCH-DEMO-001,18.216,3.579,0.667,500.918,45.232,32.275,1.079,31.063,0,normal,6
2026-09-12T09:32:15+00:00,PRESS-RTP41-DEMO,BATCH-DEMO-001,17.664,3.268,0.656,495.367,45.09,32.331,1.197,30.967,0,normal,6
2026-09-12T09:32:16+00:00,PRESS-RTP41-DEMO,BATCH-DEMO-001,17.732,3.444,0.624,502.115,44.882,31.767,1.305,30.847,0,normal,6
2026-09-12T09:32:17+00:00,PRESS-RTP41-DEMO,BATCH-DEMO-001,18.022,3.445,0.653,498.378,45.132,32.121,1.23,30.824,0,normal,6
2026-09-12T09:32:18+00:00,PRESS-RTP41-DEMO,BATCH-DEMO-001,17.891,3.453,0.647,500.226,44.711,31.39,1.239,31.08,0,normal,6
2026-09-12T09:32:19+00:00,PRESS-RTP41-DEMO,BATCH-DEMO-001,18.37,3.666,0.598,498.313,44.649,32.487,1.173,30.774,0,normal,6
2026-09-12T09:32:20+00:00,PRESS-RTP41-DEMO,BATCH-DEMO-001,18.422,3.58,0.609,497.005,45.065,32.362,1.166,30.964,0,normal,6
2026-09-12T09:32:21+00:00,PRESS-RTP41-DEMO,BATCH-DEMO-001,17.888,3.368,0.668,500.097,45.099,31.976,1.187,31.124,0,normal,6
2026-09-12T09:32:22+00:00,PRESS-RTP41-DEMO,BATCH-DEMO-001,17.842,3.583,0.627,501.273,45.123,31.921,1.388,31.048,0,normal,6
2026-09-12T09:32:23+00:00,PRESS-RTP41-DEMO,BATCH-DEMO-001,18.371,3.365,0.77,500.975,45.19,31.889,1.169,31.054,0,normal,6
2026-09-12T09:32:24+00:00,PRESS-RTP41-DEMO,BATCH-DEMO-001,18.039,3.639,0.7,501.0,45.295,32.15,1.283,30.971,0,normal,6
2026-09-12T09:32:25+00:00,PRESS-RTP41-DEMO,BATCH-DEMO-001,18.039,3.481,0.653,501.03,44.943,32.355,1.26,30.936,0,normal,6
2026-09-12T09:32:26+00:00,PRESS-RTP41-DEMO,BATCH-DEMO-001,17.961,3.739,0.679,497.318,44.911,31.862,1.184,30.905,0,normal,6
2026-09-12T09:32:27+00:00,PRESS-RTP41-DEMO,BATCH-DEMO-001,18.0,3.562,0.585,497.088,44.806,32.164,1.298,30.912,0,normal,6
2026-09-12T09:32:28+00:00,PRESS-RTP41-DEMO,BATCH-DEMO-001,17.599,3.687,0.645,500.684,44.718,32.132,1.277,30.999,0,normal,6
2026-09-12T09:32:29+00:00,PRESS-RTP41-DEMO,BATCH-DEMO-001,17.846,3.533,0.651,502.285,45.299,32.295,1.199,31.128,0,normal,6
2026-09-12T09:32:30+00:00,PRESS-RTP41-DEMO,BATCH-DEMO-001,18.274,3.598,0.659,496.453,44.944,31.994,1.374,31.044,0,normal,6
2026-09-12T09:32:31+00:00,PRESS-RTP41-DEMO,BATCH-DEMO-001,18.094,3.353,0.683,501.189,45.007,31.892,1.251,31.123,0,normal,6
2026-09-12T09:32:32+00:00,PRESS-RTP41-DEMO,BATCH-DEMO-001,17.675,3.46,0.673,497.247,44.893,32.046,1.325,31.036,0,normal,6
2026-09-12T09:32:33+00:00,PRESS-RTP41-DEMO,BATCH-DEMO-001,18.431,3.47,0.624,500.3,45.212,32.072,1.202,31.134,0,normal,6
2026-09-12T09:32:34+00:00,PRESS-RTP41-DEMO,BATCH-DEMO-001,18.015,3.548,0.727,501.196,44.842,32.236,1.189,31.1,0,normal,6
2026-09-12T09:32:35+00:00,PRESS-RTP41-DEMO,BATCH-DEMO-001,18.055,3.429,0.647,499.57,44.884,31.937,1.104,30.971,0,normal,6
2026-09-12T09:32:36+00:00,PRESS-RTP41-DEMO,BATCH-DEMO-001,17.819,3.6,0.622,500.656,45.1,32.023,1.253,31.003,0,normal,6
2026-09-12T09:32:37+00:00,PRESS-RTP41-DEMO,BATCH-DEMO-001,17.73,3.286,0.662,501.932,45.198,31.496,1.143,31.034,0,normal,6
2026-09-12T09:32:38+00:00,PRESS-RTP41-DEMO,BATCH-DEMO-001,17.741,3.546,0.657,499.273,44.79,31.845,1.26,30.837,0,normal,6
2026-09-12T09:32:39+00:00,PRESS-RTP41-DEMO,BATCH-DEMO-001,17.929,3.505,0.69,499.743,44.846,32.097,1.148,31.14,0,normal,6
2026-09-12T09:32:40+00:00,PRESS-RTP41-DEMO,BATCH-DEMO-001,18.016,3.286,0.701,500.833,44.948,31.888,1.2,31.024,0,normal,6
2026-09-12T09:32:41+00:00,PRESS-RTP41-DEMO,BATCH-DEMO-001,17.791,3.368,0.558,498.703,45.288,32.164,1.207,30.763,0,normal,6
2026-09-12T09:32:42+00:00,PRESS-RTP41-DEMO,BATCH-DEMO-001,17.849,3.43,0.68,500.029,45.074,31.999,1.205,30.966,0,normal,6
2026-09-12T09:32:43+00:00,PRESS-RTP41-DEMO,BATCH-DEMO-001,17.746,3.409,0.662,498.429,45.179,31.593,1.272,30.948,0,normal,6
2026-09-12T09:32:44+00:00,PRESS-RTP41-DEMO,BATCH-DEMO-001,17.334,3.276,0.613,497.786,45.085,32.317,1.142,30.798,0,normal,6
2026-09-12T09:32:45+00:00,PRESS-RTP41-DEMO,BATCH-DEMO-001,17.736,3.603,0.639,501.984,44.932,32.077,1.214,31.096,0,normal,6
2026-09-12T09:32:46+00:00,PRESS-RTP41-DEMO,BATCH-DEMO-001,18.305,3.542,0.647,501.45,45.081,32.196,1.253,31.179,0,normal,6
2026-09-12T09:32:47+00:00,PRESS-RTP41-DEMO,BATCH-DEMO-001,18.408,3.463,0.606,498.512,45.561,31.567,1.187,31.007,0,normal,6
2026-09-12T09:32:48+00:00,PRESS-RTP41-DEMO,BATCH-DEMO-001,17.852,3.244,0.672,501.829,45.293,31.972,1.289,31.022,0,normal,6
2026-09-12T09:32:49+00:00,PRESS-RTP41-DEMO,BATCH-DEMO-001,17.484,3.478,0.626,499.691,45.057,32.045,1.264,31.149,0,normal,6
2026-09-12T09:32:50+00:00,PRESS-RTP41-DEMO,BATCH-DEMO-001,18.497,3.537,0.638,499.357,45.426,31.753,1.334,30.926,0,normal,6
2026-09-12T09:32:51+00:00,PRESS-RTP41-DEMO,BATCH-DEMO-001,18.039,3.681,0.65,497.396,44.657,31.706,1.216,30.871,0,normal,6
2026-09-12T09:32:52+00:00,PRESS-RTP41-DEMO,BATCH-DEMO-001,18.083,3.547,0.751,499.23,44.97,31.692,1.055,30.779,0,normal,6
2026-09-12T09:32:53+00:00,PRESS-RTP41-DEMO,BATCH-DEMO-001,18.3,3.437,0.681,496.419,45.451,31.894,1.254,30.937,0,normal,6
2026-09-12T09:32:54+00:00,PRESS-RTP41-DEMO,BATCH-DEMO-001,18.305,3.654,0.571,501.241,44.852,32.236,1.293,30.931,0,normal,6
2026-09-12T09:32:55+00:00,PRESS-RTP41-DEMO,BATCH-DEMO-001,17.69,3.552,0.644,500.116,45.171,32.404,1.199,31.037,0,normal,6
2026-09-12T09:32:56+00:00,PRESS-RTP41-DEMO,BATCH-DEMO-001,17.687,3.522,0.714,502.136,45.107,31.795,1.293,31.082,0,normal,6
2026-09-12T09:32:57+00:00,PRESS-RTP41-DEMO,BATCH-DEMO-001,18.34,3.594,0.67,500.591,45.232,31.763,1.081,30.886,0,normal,6
2026-09-12T09:32:58+00:00,PRESS-RTP41-DEMO,BATCH-DEMO-001,17.762,3.426,0.669,499.351,44.97,31.753,1.312,30.938,0,normal,6
2026-09-12T09:32:59+00:00,PRESS-RTP41-DEMO,BATCH-DEMO-001,18.239,3.355,0.661,500.184,44.807,32.313,1.192,31.212,0,normal,6
2026-09-12T09:33:00+00:00,PRESS-RTP41-DEMO,BATCH-DEMO-001,18.073,3.378,0.643,500.475,45.232,31.789,1.229,31.088,0,normal,6
2026-09-12T09:33:01+00:00,PRESS-RTP41-DEMO,BATCH-DEMO-001,18.337,3.386,0.616,499.356,44.932,32.083,1.296,30.934,0,normal,6
2026-09-12T09:33:02+00:00,PRESS-RTP41-DEMO,BATCH-DEMO-001,18.26,3.364,0.634,499.018,44.735,31.6,1.311,30.917,0,normal,6
2026-09-12T09:33:03+00:00,PRESS-RTP41-DEMO,BATCH-DEMO-001,17.921,3.661,0.627,501.009,44.974,32.342,1.287,31.021,0,normal,6
2026-09-12T09:33:04+00:00,PRESS-RTP41-DEMO,BATCH-DEMO-001,17.961,3.541,0.701,500.187,45.089,32.083,1.274,30.987,0,normal,6
2026-09-12T09:33:05+00:00,PRESS-RTP41-DEMO,BATCH-DEMO-001,18.033,3.276,0.608,501.385,45.167,32.209,1.074,30.905,0,normal,6
2026-09-12T09:33:06+00:00,PRESS-RTP41-DEMO,BATCH-DEMO-001,18.061,3.646,0.604,499.518,44.689,31.662,1.24,31.071,0,normal,6
2026-09-12T09:33:07+00:00,PRESS-RTP41-DEMO,BATCH-DEMO-001,17.152,3.547,0.651,497.829,44.813,31.88,1.179,30.97,0,normal,6
2026-09-12T09:33:08+00:00,PRESS-RTP41-DEMO,BATCH-DEMO-001,17.94,3.579,0.676,497.668,45.013,31.599,1.116,31.157,0,normal,6
2026-09-12T09:33:09+00:00,PRESS-RTP41-DEMO,BATCH-DEMO-001,17.583,3.371,0.731,499.964,44.979,31.883,1.229,31.186,0,normal,6
2026-09-12T09:33:10+00:00,PRESS-RTP41-DEMO,BATCH-DEMO-001,18.202,3.432,0.662,499.929,44.993,32.319,1.26,31.06,0,normal,6
2026-09-12T09:33:11+00:00,PRESS-RTP41-DEMO,BATCH-DEMO-001,18.028,3.478,0.694,503.755,44.97,32.209,1.225,31.049,0,normal,6
2026-09-12T09:33:12+00:00,PRESS-RTP41-DEMO,BATCH-DEMO-001,18.201,3.56,0.676,500.258,44.988,32.058,1.126,30.95,0,normal,6
2026-09-12T09:33:13+00:00,PRESS-RTP41-DEMO,BATCH-DEMO-001,18.433,3.578,0.562,500.435,44.995,31.57,1.243,31.066,0,normal,6
2026-09-12T09:33:14+00:00,PRESS-RTP41-DEMO,BATCH-DEMO-001,17.545,3.452,0.616,498.161,45.311,31.891,1.259,30.901,0,normal,6
2026-09-12T09:33:15+00:00,PRESS-RTP41-DEMO,BATCH-DEMO-001,17.88,3.483,0.678,500.763,44.349,31.913,1.236,30.777,0,normal,6
2026-09-12T09:33:16+00:00,PRESS-RTP41-DEMO,BATCH-DEMO-001,17.549,3.313,0.582,496.536,44.735,31.902,1.06,30.948,0,normal,6
2026-09-12T09:33:17+00:00,PRESS-RTP41-DEMO,BATCH-DEMO-001,18.005,3.826,0.606,501.69,44.57,32.211,1.149,31.071,0,normal,6
2026-09-12T09:33:18+00:00,PRESS-RTP41-DEMO,BATCH-DEMO-001,18.095,3.467,0.633,501.313,44.886,32.338,1.285,31.106,0,normal,6
2026-09-12T09:33:19+00:00,PRESS-RTP41-DEMO,BATCH-DEMO-001,17.927,3.322,0.707,501.098,44.812,32.033,1.174,30.889,0,normal,6
2026-09-12T09:33:20+00:00,PRESS-RTP41-DEMO,BATCH-DEMO-001,17.911,3.395,0.665,500.346,44.971,31.919,1.249,30.871,0,normal,6
2026-09-12T09:33:21+00:00,PRESS-RTP41-DEMO,BATCH-DEMO-001,18.068,3.284,0.659,501.675,44.734,32.209,1.268,31.103,0,normal,6
2026-09-12T09:33:22+00:00,PRESS-RTP41-DEMO,BATCH-DEMO-001,17.983,3.616,0.693,500.792,45.256,32.102,1.161,30.917,0,normal,6
2026-09-12T09:33:23+00:00,PRESS-RTP41-DEMO,BATCH-DEMO-001,18.226,3.611,0.628,499.392,44.948,32.234,1.087,31.17,0,normal,6
2026-09-12T09:33:24+00:00,PRESS-RTP41-DEMO,BATCH-DEMO-001,18.102,3.308,0.61,499.254,44.936,32.001,1.215,30.909,0,normal,6
2026-09-12T09:33:25+00:00,PRESS-RTP41-DEMO,BATCH-DEMO-001,18.493,3.519,0.634,501.948,44.779,32.317,1.11,31.214,0,normal,6
2026-09-12T09:33:26+00:00,PRESS-RTP41-DEMO,BATCH-DEMO-001,17.559,3.409,0.637,501.636,45.064,32.429,1.207,30.973,0,normal,6
2026-09-12T09:33:27+00:00,PRESS-RTP41-DEMO,BATCH-DEMO-001,18.376,3.673,0.601,502.619,45.249,31.693,1.231,30.939,0,normal,6
2026-09-12T09:33:28+00:00,PRESS-RTP41-DEMO,BATCH-DEMO-001,17.621,3.591,0.688,500.671,44.862,32.296,1.204,31.04,0,normal,6
2026-09-12T09:33:29+00:00,PRESS-RTP41-DEMO,BATCH-DEMO-001,17.857,3.331,0.664,501.087,45.076,32.186,1.339,30.951,0,normal,6
2026-09-12T09:33:30+00:00,PRESS-RTP41-DEMO,BATCH-DEMO-001,17.48,3.608,0.634,497.872,44.724,32.247,1.14,30.922,0,normal,6
2026-09-12T09:33:31+00:00,PRESS-RTP41-DEMO,BATCH-DEMO-001,18.139,3.545,0.645,499.112,44.627,32.481,1.0,30.994,0,normal,6
2026-09-12T09:33:32+00:00,PRESS-RTP41-DEMO,BATCH-DEMO-001,17.67,3.47,0.639,500.454,45.037,31.305,1.29,31.013,0,normal,6
2026-09-12T09:33:33+00:00,PRESS-RTP41-DEMO,BATCH-DEMO-001,17.72,3.488,0.62,493.999,45.283,32.367,1.25,31.143,0,normal,6
2026-09-12T09:33:34+00:00,PRESS-RTP41-DEMO,BATCH-DEMO-001,18.283,3.453,0.651,499.677,45.07,31.743,1.282,30.996,0,normal,6
2026-09-12T09:33:35+00:00,PRESS-RTP41-DEMO,BATCH-DEMO-001,17.986,3.572,0.656,499.264,44.945,31.443,1.293,31.049,0,normal,6
2026-09-12T09:33:36+00:00,PRESS-RTP41-DEMO,BATCH-DEMO-001,18.063,3.701,0.621,500.192,44.849,32.275,1.099,31.132,0,normal,6
2026-09-12T09:33:37+00:00,PRESS-RTP41-DEMO,BATCH-DEMO-001,18.34,3.545,0.706,499.533,44.894,32.144,1.131,30.991,0,normal,6
2026-09-12T09:33:38+00:00,PRESS-RTP41-DEMO,BATCH-DEMO-001,18.255,3.607,0.65,497.633,45.137,31.836,1.203,30.706,0,normal,6
2026-09-12T09:33:39+00:00,PRESS-RTP41-DEMO,BATCH-DEMO-001,18.402,3.553,0.619,500.735,44.804,32.269,1.176,31.057,0,normal,6
2026-09-12T09:33:40+00:00,PRESS-RTP41-DEMO,BATCH-DEMO-001,18.189,3.733,0.724,503.098,45.179,32.326,1.07,31.067,0,normal,6
2026-09-12T09:33:41+00:00,PRESS-RTP41-DEMO,BATCH-DEMO-001,17.657,3.371,0.71,499.567,44.733,31.684,1.274,31.066,0,normal,6
2026-09-12T09:33:42+00:00,PRESS-RTP41-DEMO,BATCH-DEMO-001,18.07,3.298,0.651,501.665,44.792,31.68,1.18,31.002,0,normal,6
2026-09-12T09:33:43+00:00,PRESS-RTP41-DEMO,BATCH-DEMO-001,18.24,3.387,0.632,500.838,45.204,32.125,1.174,30.829,0,normal,6
2026-09-12T09:33:44+00:00,PRESS-RTP41-DEMO,BATCH-DEMO-001,18.503,3.587,0.619,498.77,45.001,32.073,1.146,31.15,0,normal,6
2026-09-12T09:33:45+00:00,PRESS-RTP41-DEMO,BATCH-DEMO-001,18.375,3.534,0.658,498.608,44.954,31.71,1.269,31.133,0,normal,6
2026-09-12T09:33:46+00:00,PRESS-RTP41-DEMO,BATCH-DEMO-001,18.07,3.731,0.655,499.79,45.25,31.611,1.231,30.808,0,normal,6
2026-09-12T09:33:47+00:00,PRESS-RTP41-DEMO,BATCH-DEMO-001,17.558,3.482,0.614,501.375,44.901,32.528,1.24,30.908,0,normal,6
2026-09-12T09:33:48+00:00,PRESS-RTP41-DEMO,BATCH-DEMO-001,18.101,3.581,0.736,497.508,44.985,32.263,1.225,30.927,0,normal,6
2026-09-12T09:33:49+00:00,PRESS-RTP41-DEMO,BATCH-DEMO-001,17.741,3.475,0.7,501.094,45.063,32.382,1.187,30.993,0,normal,6
2026-09-12T09:33:50+00:00,PRESS-RTP41-DEMO,BATCH-DEMO-001,17.817,3.314,0.669,497.172,45.015,32.336,1.253,31.106,0,normal,6
2026-09-12T09:33:51+00:00,PRESS-RTP41-DEMO,BATCH-DEMO-001,17.588,3.497,0.696,497.682,45.086,31.695,1.105,31.072,0,normal,6
2026-09-12T09:33:52+00:00,PRESS-RTP41-DEMO,BATCH-DEMO-001,17.838,3.494,0.696,497.999,45.586,32.295,1.159,31.145,0,normal,6
2026-09-12T09:33:53+00:00,PRESS-RTP41-DEMO,BATCH-DEMO-001,18.215,3.602,0.643,502.16,45.126,32.185,1.234,31.012,0,normal,6
2026-09-12T09:33:54+00:00,PRESS-RTP41-DEMO,BATCH-DEMO-001,17.95,3.339,0.649,498.04,44.997,32.197,1.325,30.872,0,normal,6
2026-09-12T09:33:55+00:00,PRESS-RTP41-DEMO,BATCH-DEMO-001,17.777,3.371,0.665,501.251,44.915,31.952,1.43,30.947,0,normal,6
2026-09-12T09:33:56+00:00,PRESS-RTP41-DEMO,BATCH-DEMO-001,17.823,3.381,0.593,502.315,45.243,31.888,1.296,30.985,0,normal,6
2026-09-12T09:33:57+00:00,PRESS-RTP41-DEMO,BATCH-DEMO-001,17.911,3.496,0.57,497.86,45.05,32.11,1.206,30.981,0,normal,6
2026-09-12T09:33:58+00:00,PRESS-RTP41-DEMO,BATCH-DEMO-001,18.074,3.75,0.711,500.313,44.839,32.175,1.332,31.174,0,normal,6
2026-09-12T09:33:59+00:00,PRESS-RTP41-DEMO,BATCH-DEMO-001,17.605,3.492,0.626,497.749,45.074,31.729,1.191,31.012,0,normal,6
2026-09-12T09:34:00+00:00,PRESS-RTP41-DEMO,BATCH-DEMO-001,18.203,3.55,0.6,502.562,44.892,32.542,1.209,31.152,0,normal,6
2026-09-12T09:34:01+00:00,PRESS-RTP41-DEMO,BATCH-DEMO-001,18.365,3.425,0.639,499.346,44.938,31.995,1.117,31.014,0,normal,6
2026-09-12T09:34:02+00:00,PRESS-RTP41-DEMO,BATCH-DEMO-001,18.004,3.264,0.633,498.977,44.854,32.467,1.072,30.88,0,normal,6
2026-09-12T09:34:03+00:00,PRESS-RTP41-DEMO,BATCH-DEMO-001,18.019,3.469,0.672,503.266,45.378,32.05,1.158,31.043,0,normal,6
2026-09-12T09:34:04+00:00,PRESS-RTP41-DEMO,BATCH-DEMO-001,17.647,3.661,0.743,498.283,44.818,31.859,1.214,31.011,0,normal,6
2026-09-12T09:34:05+00:00,PRESS-RTP41-DEMO,BATCH-DEMO-001,17.888,3.381,0.709,499.488,44.922,32.052,1.315,31.014,0,normal,6
2026-09-12T09:34:06+00:00,PRESS-RTP41-DEMO,BATCH-DEMO-001,18.204,3.449,0.665,500.45,45.341,31.336,1.21,31.096,0,normal,6
2026-09-12T09:34:07+00:00,PRESS-RTP41-DEMO,BATCH-DEMO-001,18.124,3.36,0.695,501.63,45.236,31.843,1.213,30.866,0,normal,6
2026-09-12T09:34:08+00:00,PRESS-RTP41-DEMO,BATCH-DEMO-001,17.952,3.497,0.66,496.655,44.772,32.134,1.188,31.064,0,normal,6
2026-09-12T09:34:09+00:00,PRESS-RTP41-DEMO,BATCH-DEMO-001,17.646,3.467,0.633,499.184,44.726,31.727,1.102,30.974,0,normal,6
2026-09-12T09:34:10+00:00,PRESS-RTP41-DEMO,BATCH-DEMO-001,17.683,3.448,0.637,499.246,44.702,31.931,1.112,30.838,0,normal,6
2026-09-12T09:34:11+00:00,PRESS-RTP41-DEMO,BATCH-DEMO-001,18.063,3.513,0.664,497.999,44.749,32.365,1.045,30.892,0,normal,6
2026-09-12T09:34:12+00:00,PRESS-RTP41-DEMO,BATCH-DEMO-001,18.372,3.524,0.717,503.42,45.277,32.382,1.207,30.887,0,normal,6
2026-09-12T09:34:13+00:00,PRESS-RTP41-DEMO,BATCH-DEMO-001,18.231,3.362,0.583,498.239,45.013,32.04,1.301,30.979,0,normal,6
2026-09-12T09:34:14+00:00,PRESS-RTP41-DEMO,BATCH-DEMO-001,18.671,3.511,0.681,498.847,45.05,32.075,1.13,31.026,0,normal,6
2026-09-12T09:34:15+00:00,PRESS-RTP41-DEMO,BATCH-DEMO-001,17.723,3.777,0.607,500.542,44.919,31.641,1.243,31.077,0,normal,6
2026-09-12T09:34:16+00:00,PRESS-RTP41-DEMO,BATCH-DEMO-001,17.607,3.374,0.699,501.705,45.129,31.727,1.179,31.161,0,normal,6
2026-09-12T09:34:17+00:00,PRESS-RTP41-DEMO,BATCH-DEMO-001,17.444,3.344,0.627,500.49,45.303,32.463,1.146,31.138,0,normal,6
2026-09-12T09:34:18+00:00,PRESS-RTP41-DEMO,BATCH-DEMO-001,17.515,3.569,0.715,497.005,44.971,32.404,1.196,31.063,0,normal,6
2026-09-12T09:34:19+00:00,PRESS-RTP41-DEMO,BATCH-DEMO-001,18.115,3.401,0.637,502.222,45.089,31.811,1.208,30.939,0,normal,6
2026-09-12T09:34:20+00:00,PRESS-RTP41-DEMO,BATCH-DEMO-001,18.087,3.445,0.671,498.415,45.153,31.656,1.329,31.022,0,normal,6
2026-09-12T09:34:21+00:00,PRESS-RTP41-DEMO,BATCH-DEMO-001,18.261,3.547,0.726,498.066,44.586,32.329,1.147,31.021,0,normal,6
2026-09-12T09:34:22+00:00,PRESS-RTP41-DEMO,BATCH-DEMO-001,18.357,3.676,0.625,500.234,45.133,32.274,1.14,31.169,0,normal,6
2026-09-12T09:34:23+00:00,PRESS-RTP41-DEMO,BATCH-DEMO-001,18.007,3.488,0.691,501.285,45.347,31.845,1.25,31.167,0,normal,6
2026-09-12T09:34:24+00:00,PRESS-RTP41-DEMO,BATCH-DEMO-001,17.957,3.413,0.677,501.576,44.642,32.373,1.327,30.902,0,normal,6
2026-09-12T09:34:25+00:00,PRESS-RTP41-DEMO,BATCH-DEMO-001,17.776,3.598,0.685,500.673,44.714,31.852,1.233,30.983,0,normal,6
2026-09-12T09:34:26+00:00,PRESS-RTP41-DEMO,BATCH-DEMO-001,17.322,3.353,0.591,497.535,45.073,31.921,1.214,30.953,0,normal,6
2026-09-12T09:34:27+00:00,PRESS-RTP41-DEMO,BATCH-DEMO-001,18.045,3.545,0.698,497.742,45.052,32.456,1.207,30.962,0,normal,6
2026-09-12T09:34:28+00:00,PRESS-RTP41-DEMO,BATCH-DEMO-001,17.831,3.466,0.665,500.157,44.843,32.092,1.4,31.028,0,normal,6
2026-09-12T09:34:29+00:00,PRESS-RTP41-DEMO,BATCH-DEMO-001,17.982,3.686,0.667,499.936,44.649,31.988,1.134,30.96,0,normal,6
2026-09-12T09:34:30+00:00,PRESS-RTP41-DEMO,BATCH-DEMO-001,17.864,3.711,0.683,502.004,44.737,32.066,1.056,30.894,0,normal,6
2026-09-12T09:34:31+00:00,PRESS-RTP41-DEMO,BATCH-DEMO-001,17.873,3.533,0.646,505.004,45.021,31.743,1.178,30.698,0,normal,6
2026-09-12T09:34:32+00:00,PRESS-RTP41-DEMO,BATCH-DEMO-001,18.09,3.361,0.679,501.758,45.123,31.57,1.35,31.128,0,normal,6
2026-09-12T09:34:33+00:00,PRESS-RTP41-DEMO,BATCH-DEMO-001,17.983,3.455,0.649,500.609,44.847,32.258,1.157,30.946,0,normal,6
2026-09-12T09:34:34+00:00,PRESS-RTP41-DEMO,BATCH-DEMO-001,18.128,3.623,0.619,505.089,45.068,31.605,1.11,31.056,0,normal,6
2026-09-12T09:34:35+00:00,PRESS-RTP41-DEMO,BATCH-DEMO-001,18.153,3.439,0.666,499.171,44.8,31.952,1.186,31.149,0,normal,6
2026-09-12T09:34:36+00:00,PRESS-RTP41-DEMO,BATCH-DEMO-001,18.288,3.531,0.667,502.365,45.67,31.946,1.343,30.824,0,normal,6
2026-09-12T09:34:37+00:00,PRESS-RTP41-DEMO,BATCH-DEMO-001,17.648,3.497,0.684,499.647,45.063,32.558,1.233,30.838,0,normal,6
2026-09-12T09:34:38+00:00,PRESS-RTP41-DEMO,BATCH-DEMO-001,18.168,3.401,0.658,500.475,44.891,32.235,1.14,31.033,0,normal,6
2026-09-12T09:34:39+00:00,PRESS-RTP41-DEMO,BATCH-DEMO-001,18.252,3.535,0.623,498.725,44.868,32.189,1.214,31.073,0,normal,6
2026-09-12T09:34:40+00:00,PRESS-RTP41-DEMO,BATCH-DEMO-001,18.17,3.356,0.615,499.543,45.009,31.882,1.076,31.008,0,normal,6
2026-09-12T09:34:41+00:00,PRESS-RTP41-DEMO,BATCH-DEMO-001,17.95,3.324,0.582,497.531,45.068,32.061,1.312,31.123,0,normal,6
2026-09-12T09:34:42+00:00,PRESS-RTP41-DEMO,BATCH-DEMO-001,18.117,3.481,0.658,499.966,44.921,32.184,1.313,30.936,0,normal,6
2026-09-12T09:34:43+00:00,PRESS-RTP41-DEMO,BATCH-DEMO-001,18.411,3.562,0.654,500.382,44.96,31.764,1.215,31.22,0,normal,6
2026-09-12T09:34:44+00:00,PRESS-RTP41-DEMO,BATCH-DEMO-001,18.395,3.423,0.672,500.623,45.083,32.0,1.257,31.097,0,normal,6
2026-09-12T09:34:45+00:00,PRESS-RTP41-DEMO,BATCH-DEMO-001,17.806,3.696,0.576,498.369,45.109,32.054,1.073,31.109,0,normal,6
2026-09-12T09:34:46+00:00,PRESS-RTP41-DEMO,BATCH-DEMO-001,18.099,3.476,0.671,500.893,44.976,31.844,1.351,30.784,0,normal,6
2026-09-12T09:34:47+00:00,PRESS-RTP41-DEMO,BATCH-DEMO-001,17.76,3.349,0.647,502.829,44.962,31.957,1.159,31.294,0,normal,6
2026-09-12T09:34:48+00:00,PRESS-RTP41-DEMO,BATCH-DEMO-001,17.524,3.51,0.628,496.3,44.754,32.072,1.314,30.921,0,normal,6
2026-09-12T09:34:49+00:00,PRESS-RTP41-DEMO,BATCH-DEMO-001,17.774,3.439,0.679,500.254,45.0,31.908,1.28,31.007,0,normal,6
2026-09-12T09:34:50+00:00,PRESS-RTP41-DEMO,BATCH-DEMO-001,18.377,3.456,0.718,499.351,45.305,32.029,1.195,30.996,0,normal,6
2026-09-12T09:34:51+00:00,PRESS-RTP41-DEMO,BATCH-DEMO-001,17.618,3.731,0.681,498.535,44.69,31.984,1.202,30.956,0,normal,6
2026-09-12T09:34:52+00:00,PRESS-RTP41-DEMO,BATCH-DEMO-001,17.621,3.455,0.734,497.323,45.181,31.986,1.074,30.832,0,normal,6
2026-09-12T09:34:53+00:00,PRESS-RTP41-DEMO,BATCH-DEMO-001,18.256,3.472,0.652,498.508,44.818,32.23,1.246,31.09,0,normal,6
2026-09-12T09:34:54+00:00,PRESS-RTP41-DEMO,BATCH-DEMO-001,18.088,3.518,0.701,499.414,44.746,31.832,1.132,31.076,0,normal,6
2026-09-12T09:34:55+00:00,PRESS-RTP41-DEMO,BATCH-DEMO-001,18.448,3.385,0.697,500.908,44.953,31.721,1.319,31.051,0,normal,6
2026-09-12T09:34:56+00:00,PRESS-RTP41-DEMO,BATCH-DEMO-001,18.017,3.637,0.644,503.003,44.896,31.388,1.146,30.867,0,normal,6
2026-09-12T09:34:57+00:00,PRESS-RTP41-DEMO,BATCH-DEMO-001,17.91,3.654,0.688,499.555,45.002,32.018,1.122,31.007,0,normal,6
2026-09-12T09:34:58+00:00,PRESS-RTP41-DEMO,BATCH-DEMO-001,18.095,3.443,0.637,501.237,44.748,31.652,1.25,31.037,0,normal,6
2026-09-12T09:34:59+00:00,PRESS-RTP41-DEMO,BATCH-DEMO-001,17.844,3.563,0.671,499.244,45.195,32.191,1.211,31.039,0,normal,6
2026-09-12T09:35:00+00:00,PRESS-RTP41-DEMO,BATCH-DEMO-001,18.263,3.768,0.643,498.912,45.042,31.792,1.219,30.964,0,normal,6
2026-09-12T09:35:01+00:00,PRESS-RTP41-DEMO,BATCH-DEMO-001,17.994,3.47,0.732,501.052,44.735,32.177,1.195,31.01,0,normal,6
2026-09-12T09:35:02+00:00,PRESS-RTP41-DEMO,BATCH-DEMO-001,18.031,3.351,0.691,498.764,45.005,32.143,1.228,30.97,0,normal,6
2026-09-12T09:35:03+00:00,PRESS-RTP41-DEMO,BATCH-DEMO-001,17.846,3.553,0.71,503.458,44.941,32.369,1.375,30.929,0,normal,6
2026-09-12T09:35:04+00:00,PRESS-RTP41-DEMO,BATCH-DEMO-001,17.548,3.554,0.701,499.936,45.218,31.969,1.299,30.814,0,normal,6
2026-09-12T09:35:05+00:00,PRESS-RTP41-DEMO,BATCH-DEMO-001,18.32,3.584,0.615,498.835,45.031,32.067,1.257,30.974,0,normal,6
2026-09-12T09:35:06+00:00,PRESS-RTP41-DEMO,BATCH-DEMO-001,17.724,3.282,0.674,496.025,45.121,32.187,1.168,30.994,0,normal,6
2026-09-12T09:35:07+00:00,PRESS-RTP41-DEMO,BATCH-DEMO-001,17.696,3.532,0.703,500.416,45.217,32.002,1.262,31.06,0,normal,6
2026-09-12T09:35:08+00:00,PRESS-RTP41-DEMO,BATCH-DEMO-001,18.232,3.662,0.626,499.604,44.543,32.262,1.316,31.125,0,normal,6
2026-09-12T09:35:09+00:00,PRESS-RTP41-DEMO,BATCH-DEMO-001,17.974,3.427,0.597,503.512,45.054,31.704,1.308,30.897,0,normal,6
2026-09-12T09:35:10+00:00,PRESS-RTP41-DEMO,BATCH-DEMO-001,17.859,3.357,0.587,501.393,44.862,31.997,1.13,31.11,0,normal,6
2026-09-12T09:35:11+00:00,PRESS-RTP41-DEMO,BATCH-DEMO-001,18.325,3.578,0.624,503.071,44.917,31.738,1.19,30.949,0,normal,6
2026-09-12T09:35:12+00:00,PRESS-RTP41-DEMO,BATCH-DEMO-001,17.921,3.488,0.769,501.944,44.922,32.155,1.058,30.952,0,normal,6
2026-09-12T09:35:13+00:00,PRESS-RTP41-DEMO,BATCH-DEMO-001,17.845,3.449,0.613,499.43,45.223,31.895,1.051,30.873,0,normal,6
2026-09-12T09:35:14+00:00,PRESS-RTP41-DEMO,BATCH-DEMO-001,18.075,3.409,0.684,499.586,45.085,32.037,1.152,30.994,0,normal,6
2026-09-12T09:35:15+00:00,PRESS-RTP41-DEMO,BATCH-DEMO-001,18.004,3.429,0.698,500.842,44.814,31.795,1.092,30.838,0,normal,6
2026-09-12T09:35:16+00:00,PRESS-RTP41-DEMO,BATCH-DEMO-001,18.055,3.675,0.667,501.263,44.96,32.285,1.19,31.081,0,normal,6
2026-09-12T09:35:17+00:00,PRESS-RTP41-DEMO,BATCH-DEMO-001,18.315,3.647,0.631,499.85,44.564,32.293,1.131,31.126,0,normal,6
2026-09-12T09:35:18+00:00,PRESS-RTP41-DEMO,BATCH-DEMO-001,18.013,3.516,0.689,502.006,45.054,32.006,1.207,31.037,0,normal,6
2026-09-12T09:35:19+00:00,PRESS-RTP41-DEMO,BATCH-DEMO-001,18.399,3.429,0.654,501.041,44.952,31.713,1.225,30.949,0,normal,6
2026-09-12T09:35:20+00:00,PRESS-RTP41-DEMO,BATCH-DEMO-001,18.149,3.437,0.648,499.43,45.018,31.87,1.26,31.06,0,normal,6
2026-09-12T09:35:21+00:00,PRESS-RTP41-DEMO,BATCH-DEMO-001,18.205,3.527,0.67,502.862,45.083,31.795,1.215,30.916,0,normal,6
2026-09-12T09:35:22+00:00,PRESS-RTP41-DEMO,BATCH-DEMO-001,18.146,3.383,0.597,503.4,45.205,32.176,1.221,31.034,0,normal,6
2026-09-12T09:35:23+00:00,PRESS-RTP41-DEMO,BATCH-DEMO-001,18.165,3.51,0.616,498.8,45.226,31.746,1.196,30.865,0,normal,6
2026-09-12T09:35:24+00:00,PRESS-RTP41-DEMO,BATCH-DEMO-001,17.724,3.614,0.665,499.096,44.999,31.692,1.303,31.143,0,normal,6
2026-09-12T09:35:25+00:00,PRESS-RTP41-DEMO,BATCH-DEMO-001,17.954,3.73,0.646,496.294,45.181,32.101,1.254,31.132,0,normal,6
2026-09-12T09:35:26+00:00,PRESS-RTP41-DEMO,BATCH-DEMO-001,18.06,3.423,0.684,501.566,44.809,31.998,1.128,30.96,0,normal,6
2026-09-12T09:35:27+00:00,PRESS-RTP41-DEMO,BATCH-DEMO-001,18.291,3.307,0.687,498.779,45.008,31.474,1.108,31.125,0,normal,6
2026-09-12T09:35:28+00:00,PRESS-RTP41-DEMO,BATCH-DEMO-001,18.106,3.479,0.61,499.847,44.89,32.162,1.169,31.198,0,normal,6
2026-09-12T09:35:29+00:00,PRESS-RTP41-DEMO,BATCH-DEMO-001,17.988,3.675,0.61,500.77,45.301,31.952,1.159,30.953,0,normal,6
2026-09-12T09:35:30+00:00,PRESS-RTP41-DEMO,BATCH-DEMO-001,18.046,3.623,0.708,500.155,44.843,32.192,1.233,31.053,0,normal,6
2026-09-12T09:35:31+00:00,PRESS-RTP41-DEMO,BATCH-DEMO-001,18.384,3.686,0.675,501.126,45.084,32.139,1.163,31.035,0,normal,6
2026-09-12T09:35:32+00:00,PRESS-RTP41-DEMO,BATCH-DEMO-001,18.122,3.403,0.615,497.454,44.988,32.142,1.133,30.789,0,normal,6
2026-09-12T09:35:33+00:00,PRESS-RTP41-DEMO,BATCH-DEMO-001,17.543,3.274,0.604,499.509,45.488,31.947,1.103,30.867,0,normal,6
2026-09-12T09:35:34+00:00,PRESS-RTP41-DEMO,BATCH-DEMO-001,18.143,3.471,0.652,501.723,45.036,31.905,1.102,30.892,0,normal,6
2026-09-12T09:35:35+00:00,PRESS-RTP41-DEMO,BATCH-DEMO-001,17.984,3.58,0.634,501.255,45.346,32.484,1.394,30.98,0,normal,6
2026-09-12T09:35:36+00:00,PRESS-RTP41-DEMO,BATCH-DEMO-001,18.178,3.488,0.641,500.515,44.86,31.965,1.196,31.08,0,normal,6
2026-09-12T09:35:37+00:00,PRESS-RTP41-DEMO,BATCH-DEMO-001,18.203,3.3,0.651,500.808,45.197,31.581,1.12,30.978,0,normal,6
2026-09-12T09:35:38+00:00,PRESS-RTP41-DEMO,BATCH-DEMO-001,17.687,3.636,0.619,501.637,44.938,31.449,1.142,30.963,0,normal,6
2026-09-12T09:35:39+00:00,PRESS-RTP41-DEMO,BATCH-DEMO-001,17.85,3.615,0.577,497.797,45.046,31.811,1.224,30.744,0,normal,6
2026-09-12T09:35:40+00:00,PRESS-RTP41-DEMO,BATCH-DEMO-001,17.554,3.281,0.631,501.139,44.844,32.205,1.25,30.906,0,normal,6
2026-09-12T09:35:41+00:00,PRESS-RTP41-DEMO,BATCH-DEMO-001,18.342,3.432,0.548,499.91,45.126,32.067,1.194,31.048,0,normal,6
2026-09-12T09:35:42+00:00,PRESS-RTP41-DEMO,BATCH-DEMO-001,17.851,3.596,0.565,499.033,44.591,31.749,1.365,30.897,0,normal,6
2026-09-12T09:35:43+00:00,PRESS-RTP41-DEMO,BATCH-DEMO-001,17.958,3.548,0.613,502.835,44.854,31.875,1.297,30.942,0,normal,6
2026-09-12T09:35:44+00:00,PRESS-RTP41-DEMO,BATCH-DEMO-001,17.569,3.639,0.683,503.564,45.014,32.274,1.243,30.992,0,normal,6
2026-09-12T09:35:45+00:00,PRESS-RTP41-DEMO,BATCH-DEMO-001,17.699,3.641,0.681,499.875,44.651,32.385,1.138,31.408,0,normal,6
2026-09-12T09:35:46+00:00,PRESS-RTP41-DEMO,BATCH-DEMO-001,18.389,3.45,0.624,499.244,45.38,31.642,1.228,30.907,0,normal,6
2026-09-12T09:35:47+00:00,PRESS-RTP41-DEMO,BATCH-DEMO-001,17.902,3.594,0.647,499.335,44.871,31.928,1.207,30.915,0,normal,6
2026-09-12T09:35:48+00:00,PRESS-RTP41-DEMO,BATCH-DEMO-001,18.41,3.456,0.699,500.28,44.96,31.883,1.338,30.918,0,normal,6
2026-09-12T09:35:49+00:00,PRESS-RTP41-DEMO,BATCH-DEMO-001,18.136,3.468,0.678,501.315,44.916,31.967,1.259,30.96,0,normal,6
2026-09-12T09:35:50+00:00,PRESS-RTP41-DEMO,BATCH-DEMO-001,18.147,3.595,0.682,499.691,45.169,31.838,1.319,30.88,0,normal,6
2026-09-12T09:35:51+00:00,PRESS-RTP41-DEMO,BATCH-DEMO-001,17.967,3.731,0.615,497.556,45.224,32.088,1.17,30.944,0,normal,6
2026-09-12T09:35:52+00:00,PRESS-RTP41-DEMO,BATCH-DEMO-001,17.692,3.323,0.698,500.389,45.118,31.512,1.224,30.923,0,normal,6
2026-09-12T09:35:53+00:00,PRESS-RTP41-DEMO,BATCH-DEMO-001,17.711,3.545,0.614,499.056,44.942,32.144,1.162,31.012,0,normal,6
2026-09-12T09:35:54+00:00,PRESS-RTP41-DEMO,BATCH-DEMO-001,18.342,3.408,0.715,500.981,44.887,31.563,1.272,30.743,0,normal,6
2026-09-12T09:35:55+00:00,PRESS-RTP41-DEMO,BATCH-DEMO-001,18.592,3.606,0.611,502.141,44.967,31.936,1.245,31.011,0,normal,6
2026-09-12T09:35:56+00:00,PRESS-RTP41-DEMO,BATCH-DEMO-001,18.109,3.441,0.674,501.239,44.875,32.334,1.238,30.98,0,normal,6
2026-09-12T09:35:57+00:00,PRESS-RTP41-DEMO,BATCH-DEMO-001,18.234,3.517,0.71,499.38,45.32,32.392,1.208,30.853,0,normal,6
2026-09-12T09:35:58+00:00,PRESS-RTP41-DEMO,BATCH-DEMO-001,17.917,3.463,0.737,499.82,45.042,32.157,1.147,30.922,0,normal,6
2026-09-12T09:35:59+00:00,PRESS-RTP41-DEMO,BATCH-DEMO-001,18.274,3.671,0.679,502.856,44.896,31.905,1.177,30.766,0,normal,6
2026-09-12T09:36:00+00:00,PRESS-RTP41-DEMO,BATCH-DEMO-001,18.055,3.392,0.63,494.888,44.747,32.423,1.57,30.93,0,vibration_bearing,6
2026-09-12T09:36:01+00:00,PRESS-RTP41-DEMO,BATCH-DEMO-001,18.016,3.573,0.606,497.355,44.71,32.137,1.642,31.146,0,vibration_bearing,6
2026-09-12T09:36:02+00:00,PRESS-RTP41-DEMO,BATCH-DEMO-001,17.988,3.496,0.62,501.713,44.853,31.503,1.68,30.838,0,vibration_bearing,6
2026-09-12T09:36:03+00:00,PRESS-RTP41-DEMO,BATCH-DEMO-001,18.031,3.585,0.607,501.056,45.222,31.951,1.639,31.051,0,vibration_bearing,6
2026-09-12T09:36:04+00:00,PRESS-RTP41-DEMO,BATCH-DEMO-001,18.085,3.495,0.671,502.525,45.024,31.877,1.577,31.037,0,vibration_bearing,6
2026-09-12T09:36:05+00:00,PRESS-RTP41-DEMO,BATCH-DEMO-001,18.166,3.406,0.688,501.351,45.051,32.095,1.509,30.816,0,vibration_bearing,6
2026-09-12T09:36:06+00:00,PRESS-RTP41-DEMO,BATCH-DEMO-001,18.197,3.49,0.709,499.302,44.914,31.883,1.77,31.187,0,vibration_bearing,8
2026-09-12T09:36:07+00:00,PRESS-RTP41-DEMO,BATCH-DEMO-001,17.73,3.301,0.592,501.25,44.97,32.494,1.659,30.935,0,vibration_bearing,6
2026-09-12T09:36:08+00:00,PRESS-RTP41-DEMO,BATCH-DEMO-001,17.789,3.679,0.669,501.007,45.137,31.967,1.631,31.016,0,vibration_bearing,6
2026-09-12T09:36:09+00:00,PRESS-RTP41-DEMO,BATCH-DEMO-001,18.601,3.42,0.593,499.851,45.005,31.792,1.728,31.088,0,vibration_bearing,7
2026-09-12T09:36:10+00:00,PRESS-RTP41-DEMO,BATCH-DEMO-001,18.552,3.486,0.592,498.718,44.845,31.673,1.692,31.042,0,vibration_bearing,6
2026-09-12T09:36:11+00:00,PRESS-RTP41-DEMO,BATCH-DEMO-001,18.276,3.468,0.597,502.59,44.535,31.468,1.694,31.28,0,vibration_bearing,6
2026-09-12T09:36:12+00:00,PRESS-RTP41-DEMO,BATCH-DEMO-001,18.169,3.448,0.706,497.87,44.645,32.059,1.778,31.191,0,vibration_bearing,8
2026-09-12T09:36:13+00:00,PRESS-RTP41-DEMO,BATCH-DEMO-001,17.781,3.481,0.631,497.872,45.116,32.112,1.609,31.139,0,vibration_bearing,6
2026-09-12T09:36:14+00:00,PRESS-RTP41-DEMO,BATCH-DEMO-001,18.426,3.27,0.658,497.118,44.985,32.037,1.654,31.069,0,vibration_bearing,6
2026-09-12T09:36:15+00:00,PRESS-RTP41-DEMO,BATCH-DEMO-001,17.787,3.58,0.716,501.235,44.926,31.845,1.733,31.03,0,vibration_bearing,7
2026-09-12T09:36:16+00:00,PRESS-RTP41-DEMO,BATCH-DEMO-001,17.933,3.532,0.641,496.489,45.168,32.061,1.566,31.07,0,vibration_bearing,6
2026-09-12T09:36:17+00:00,PRESS-RTP41-DEMO,BATCH-DEMO-001,18.379,3.432,0.621,501.557,44.986,31.905,1.538,31.061,0,vibration_bearing,6
2026-09-12T09:36:18+00:00,PRESS-RTP41-DEMO,BATCH-DEMO-001,17.838,3.606,0.743,500.494,45.268,32.217,1.662,31.135,0,vibration_bearing,6
2026-09-12T09:36:19+00:00,PRESS-RTP41-DEMO,BATCH-DEMO-001,17.848,3.636,0.634,500.997,44.994,32.001,1.754,31.26,0,vibration_bearing,8
2026-09-12T09:36:20+00:00,PRESS-RTP41-DEMO,BATCH-DEMO-001,17.849,3.528,0.706,500.261,44.948,31.908,1.715,31.148,0,vibration_bearing,6
2026-09-12T09:36:21+00:00,PRESS-RTP41-DEMO,BATCH-DEMO-001,17.765,3.767,0.59,498.548,44.562,32.258,1.645,31.294,0,vibration_bearing,6
2026-09-12T09:36:22+00:00,PRESS-RTP41-DEMO,BATCH-DEMO-001,17.828,3.402,0.605,499.014,45.026,32.147,1.64,31.228,0,vibration_bearing,6
2026-09-12T09:36:23+00:00,PRESS-RTP41-DEMO,BATCH-DEMO-001,18.333,3.578,0.653,498.945,44.827,31.694,1.937,31.284,0,vibration_bearing,13
2026-09-12T09:36:24+00:00,PRESS-RTP41-DEMO,BATCH-DEMO-001,17.758,3.209,0.606,499.508,44.821,31.935,1.845,31.003,0,vibration_bearing,10
2026-09-12T09:36:25+00:00,PRESS-RTP41-DEMO,BATCH-DEMO-001,18.396,3.434,0.7,498.182,44.964,32.115,1.865,31.362,0,vibration_bearing,11
2026-09-12T09:36:26+00:00,PRESS-RTP41-DEMO,BATCH-DEMO-001,17.914,3.568,0.707,499.145,45.063,31.653,1.773,31.316,0,vibration_bearing,8
2026-09-12T09:36:27+00:00,PRESS-RTP41-DEMO,BATCH-DEMO-001,18.136,3.517,0.72,501.62,45.036,31.715,1.58,31.533,0,vibration_bearing,6
2026-09-12T09:36:28+00:00,PRESS-RTP41-DEMO,BATCH-DEMO-001,17.715,3.449,0.69,498.919,44.998,31.988,1.678,31.353,0,vibration_bearing,6
2026-09-12T09:36:29+00:00,PRESS-RTP41-DEMO,BATCH-DEMO-001,17.809,3.563,0.628,498.157,44.788,32.19,1.623,31.14,0,vibration_bearing,6
2026-09-12T09:36:30+00:00,PRESS-RTP41-DEMO,BATCH-DEMO-001,18.091,3.466,0.666,498.194,44.824,32.313,1.934,31.35,0,vibration_bearing,13
2026-09-12T09:36:31+00:00,PRESS-RTP41-DEMO,BATCH-DEMO-001,18.28,3.525,0.613,502.473,44.946,32.013,1.771,30.985,0,vibration_bearing,8
2026-09-12T09:36:32+00:00,PRESS-RTP41-DEMO,BATCH-DEMO-001,17.644,3.434,0.692,499.501,45.219,32.226,1.766,31.267,0,vibration_bearing,8
2026-09-12T09:36:33+00:00,PRESS-RTP41-DEMO,BATCH-DEMO-001,17.934,3.42,0.667,502.963,44.735,31.779,1.83,31.431,0,vibration_bearing,10
2026-09-12T09:36:34+00:00,PRESS-RTP41-DEMO,BATCH-DEMO-001,18.088,3.56,0.627,500.703,44.818,32.704,1.871,31.208,0,vibration_bearing,11
2026-09-12T09:36:35+00:00,PRESS-RTP41-DEMO,BATCH-DEMO-001,18.337,3.416,0.602,499.05,44.898,32.215,1.883,31.292,0,vibration_bearing,11
2026-09-12T09:36:36+00:00,PRESS-RTP41-DEMO,BATCH-DEMO-001,17.784,3.54,0.635,501.363,45.369,31.67,1.814,31.257,0,vibration_bearing,9
2026-09-12T09:36:37+00:00,PRESS-RTP41-DEMO,BATCH-DEMO-001,17.995,3.547,0.694,498.336,44.637,32.35,1.709,31.263,0,vibration_bearing,6
2026-09-12T09:36:38+00:00,PRESS-RTP41-DEMO,BATCH-DEMO-001,18.021,3.687,0.67,498.748,44.863,32.054,1.948,31.213,0,vibration_bearing,13
2026-09-12T09:36:39+00:00,PRESS-RTP41-DEMO,BATCH-DEMO-001,17.97,3.646,0.624,497.383,44.896,31.947,1.902,31.422,0,vibration_bearing,12
2026-09-12T09:36:40+00:00,PRESS-RTP41-DEMO,BATCH-DEMO-001,17.665,3.579,0.557,500.673,45.297,31.973,1.706,31.357,0,vibration_bearing,6
2026-09-12T09:36:41+00:00,PRESS-RTP41-DEMO,BATCH-DEMO-001,17.452,3.467,0.646,501.503,45.02,32.019,1.928,31.314,0,vibration_bearing,12
2026-09-12T09:36:42+00:00,PRESS-RTP41-DEMO,BATCH-DEMO-001,18.296,3.633,0.684,501.511,45.171,32.06,1.93,31.334,0,vibration_bearing,12
2026-09-12T09:36:43+00:00,PRESS-RTP41-DEMO,BATCH-DEMO-001,18.139,3.658,0.658,498.12,44.738,32.057,1.884,31.382,0,vibration_bearing,11
2026-09-12T09:36:44+00:00,PRESS-RTP41-DEMO,BATCH-DEMO-001,18.003,3.536,0.643,502.097,44.846,32.542,1.93,31.572,0,vibration_bearing,12
2026-09-12T09:36:45+00:00,PRESS-RTP41-DEMO,BATCH-DEMO-001,17.524,3.409,0.691,502.538,44.933,32.107,1.968,31.579,0,vibration_bearing,13
2026-09-12T09:36:46+00:00,PRESS-RTP41-DEMO,BATCH-DEMO-001,17.462,3.557,0.682,498.153,44.892,31.909,1.778,31.377,0,vibration_bearing,8
2026-09-12T09:36:47+00:00,PRESS-RTP41-DEMO,BATCH-DEMO-001,18.385,3.238,0.61,499.277,45.156,31.469,1.733,31.287,0,vibration_bearing,7
2026-09-12T09:36:48+00:00,PRESS-RTP41-DEMO,BATCH-DEMO-001,17.982,3.613,0.641,501.479,44.908,32.219,1.937,31.523,0,vibration_bearing,13
2026-09-12T09:36:49+00:00,PRESS-RTP41-DEMO,BATCH-DEMO-001,17.74,3.47,0.675,498.891,45.152,32.429,1.959,31.64,0,vibration_bearing,13
2026-09-12T09:36:50+00:00,PRESS-RTP41-DEMO,BATCH-DEMO-001,18.364,3.679,0.665,502.081,45.083,32.233,1.891,31.481,0,vibration_bearing,11
2026-09-12T09:36:51+00:00,PRESS-RTP41-DEMO,BATCH-DEMO-001,18.035,3.631,0.608,498.866,44.874,31.579,1.788,31.645,0,vibration_bearing,8
2026-09-12T09:36:52+00:00,PRESS-RTP41-DEMO,BATCH-DEMO-001,18.035,3.473,0.681,494.221,44.817,31.68,1.995,31.426,0,vibration_bearing,14
2026-09-12T09:36:53+00:00,PRESS-RTP41-DEMO,BATCH-DEMO-001,17.911,3.697,0.672,499.708,45.029,31.898,1.87,31.412,0,vibration_bearing,11
2026-09-12T09:36:54+00:00,PRESS-RTP41-DEMO,BATCH-DEMO-001,18.078,3.472,0.639,506.329,44.877,32.454,1.978,31.571,0,vibration_bearing,15
2026-09-12T09:36:55+00:00,PRESS-RTP41-DEMO,BATCH-DEMO-001,18.145,3.281,0.673,499.611,45.109,31.685,1.915,31.667,0,vibration_bearing,12
2026-09-12T09:36:56+00:00,PRESS-RTP41-DEMO,BATCH-DEMO-001,18.196,3.682,0.642,496.678,45.007,31.834,2.107,31.846,0,vibration_bearing,17
2026-09-12T09:36:57+00:00,PRESS-RTP41-DEMO,BATCH-DEMO-001,17.854,3.439,0.664,500.812,44.497,32.449,1.977,31.81,0,vibration_bearing,14
2026-09-12T09:36:58+00:00,PRESS-RTP41-DEMO,BATCH-DEMO-001,18.025,3.584,0.649,502.248,45.28,32.158,1.907,31.469,0,vibration_bearing,12
2026-09-12T09:36:59+00:00,PRESS-RTP41-DEMO,BATCH-DEMO-001,17.374,3.576,0.729,500.265,45.143,32.222,1.851,31.463,0,vibration_bearing,10
2026-09-12T09:37:00+00:00,PRESS-RTP41-DEMO,BATCH-DEMO-001,17.761,3.736,0.68,500.563,44.953,32.062,2.006,31.573,0,vibration_bearing,15
2026-09-12T09:37:01+00:00,PRESS-RTP41-DEMO,BATCH-DEMO-001,18.044,3.657,0.659,496.347,45.023,32.053,1.943,31.876,0,vibration_bearing,13
2026-09-12T09:37:02+00:00,PRESS-RTP41-DEMO,BATCH-DEMO-001,18.023,3.464,0.607,499.447,45.339,31.852,2.024,31.42,0,vibration_bearing,15
2026-09-12T09:37:03+00:00,PRESS-RTP41-DEMO,BATCH-DEMO-001,18.044,3.489,0.627,500.339,45.185,32.382,1.934,31.869,0,vibration_bearing,13
2026-09-12T09:37:04+00:00,PRESS-RTP41-DEMO,BATCH-DEMO-001,18.48,3.579,0.635,495.613,44.977,32.517,1.849,31.688,0,vibration_bearing,10
2026-09-12T09:37:05+00:00,PRESS-RTP41-DEMO,BATCH-DEMO-001,18.502,3.66,0.612,497.612,44.933,32.175,2.101,31.78,0,vibration_bearing,17
2026-09-12T09:37:06+00:00,PRESS-RTP41-DEMO,BATCH-DEMO-001,17.55,3.359,0.661,499.711,44.841,32.241,1.821,31.598,0,vibration_bearing,9
2026-09-12T09:37:07+00:00,PRESS-RTP41-DEMO,BATCH-DEMO-001,18.239,3.649,0.625,498.681,45.051,31.935,2.062,31.804,0,vibration_bearing,16
2026-09-12T09:37:08+00:00,PRESS-RTP41-DEMO,BATCH-DEMO-001,18.121,3.349,0.635,498.174,45.008,31.797,2.005,31.823,0,vibration_bearing,15
2026-09-12T09:37:09+00:00,PRESS-RTP41-DEMO,BATCH-DEMO-001,17.955,3.21,0.594,500.256,44.673,32.129,2.06,31.726,0,vibration_bearing,16
2026-09-12T09:37:10+00:00,PRESS-RTP41-DEMO,BATCH-DEMO-001,18.081,3.537,0.697,500.718,45.057,31.984,1.945,31.377,0,vibration_bearing,13
2026-09-12T09:37:11+00:00,PRESS-RTP41-DEMO,BATCH-DEMO-001,17.52,3.429,0.649,499.36,45.472,31.657,2.167,31.816,0,vibration_bearing,19
2026-09-12T09:37:12+00:00,PRESS-RTP41-DEMO,BATCH-DEMO-001,18.21,3.395,0.625,496.646,45.246,31.861,1.968,31.848,0,vibration_bearing,14
2026-09-12T09:37:13+00:00,PRESS-RTP41-DEMO,BATCH-DEMO-001,17.844,3.438,0.617,502.134,44.96,31.469,2.067,31.765,0,vibration_bearing,16
2026-09-12T09:37:14+00:00,PRESS-RTP41-DEMO,BATCH-DEMO-001,18.274,3.733,0.713,498.881,45.0,32.319,2.051,31.763,0,vibration_bearing,16
2026-09-12T09:37:15+00:00,PRESS-RTP41-DEMO,BATCH-DEMO-001,18.099,3.447,0.669,500.811,44.869,31.657,2.039,31.996,0,vibration_bearing,15
2026-09-12T09:37:16+00:00,PRESS-RTP41-DEMO,BATCH-DEMO-001,17.478,3.703,0.705,498.22,45.249,32.003,2.129,32.069,0,vibration_bearing,18
2026-09-12T09:37:17+00:00,PRESS-RTP41-DEMO,BATCH-DEMO-001,17.917,3.625,0.656,499.782,44.758,31.996,1.957,31.761,0,vibration_bearing,13
2026-09-12T09:37:18+00:00,PRESS-RTP41-DEMO,BATCH-DEMO-001,17.892,3.583,0.674,500.157,45.176,31.735,2.0,31.879,0,vibration_bearing,14
2026-09-12T09:37:19+00:00,PRESS-RTP41-DEMO,BATCH-DEMO-001,17.775,3.634,0.668,499.083,44.903,31.733,1.951,31.608,0,vibration_bearing,13
2026-09-12T09:37:20+00:00,PRESS-RTP41-DEMO,BATCH-DEMO-001,17.683,3.602,0.675,504.699,44.857,31.874,2.085,31.876,0,vibration_bearing,17
2026-09-12T09:37:21+00:00,PRESS-RTP41-DEMO,BATCH-DEMO-001,18.279,3.435,0.657,498.865,44.927,32.112,1.941,31.933,0,vibration_bearing,13
2026-09-12T09:37:22+00:00,PRESS-RTP41-DEMO,BATCH-DEMO-001,17.932,3.541,0.658,499.002,44.852,31.731,2.133,31.79,0,vibration_bearing,18
2026-09-12T09:37:23+00:00,PRESS-RTP41-DEMO,BATCH-DEMO-001,17.976,3.545,0.739,497.712,45.016,31.826,2.139,31.916,0,vibration_bearing,18
2026-09-12T09:37:24+00:00,PRESS-RTP41-DEMO,BATCH-DEMO-001,18.02,3.314,0.615,501.234,44.689,32.091,2.15,31.941,0,vibration_bearing,19
2026-09-12T09:37:25+00:00,PRESS-RTP41-DEMO,BATCH-DEMO-001,18.208,3.33,0.599,495.743,45.188,32.065,2.078,31.93,0,vibration_bearing,17
2026-09-12T09:37:26+00:00,PRESS-RTP41-DEMO,BATCH-DEMO-001,17.598,3.484,0.633,499.714,45.027,32.114,2.04,31.692,0,vibration_bearing,16
2026-09-12T09:37:27+00:00,PRESS-RTP41-DEMO,BATCH-DEMO-001,18.216,3.524,0.574,499.162,44.967,31.86,2.136,31.824,0,vibration_bearing,18
2026-09-12T09:37:28+00:00,PRESS-RTP41-DEMO,BATCH-DEMO-001,18.074,3.457,0.683,496.928,44.884,32.151,2.042,31.668,0,vibration_bearing,16
2026-09-12T09:37:29+00:00,PRESS-RTP41-DEMO,BATCH-DEMO-001,17.916,3.355,0.684,498.171,44.398,31.828,2.131,31.905,0,vibration_bearing,18
2026-09-12T09:37:30+00:00,PRESS-RTP41-DEMO,BATCH-DEMO-001,18.012,3.442,0.626,502.259,45.161,32.077,2.125,31.96,0,vibration_bearing,18
2026-09-12T09:37:31+00:00,PRESS-RTP41-DEMO,BATCH-DEMO-001,18.006,3.496,0.657,498.798,45.4,31.757,2.032,31.912,0,vibration_bearing,15
2026-09-12T09:37:32+00:00,PRESS-RTP41-DEMO,BATCH-DEMO-001,17.475,3.528,0.581,499.55,45.276,31.911,2.12,32.158,0,vibration_bearing,18
2026-09-12T09:37:33+00:00,PRESS-RTP41-DEMO,BATCH-DEMO-001,17.997,3.293,0.681,501.451,45.115,32.152,2.205,32.079,0,vibration_bearing,20
2026-09-12T09:37:34+00:00,PRESS-RTP41-DEMO,BATCH-DEMO-001,17.934,3.375,0.66,500.624,45.07,32.195,2.224,31.978,0,vibration_bearing,21
2026-09-12T09:37:35+00:00,PRESS-RTP41-DEMO,BATCH-DEMO-001,17.737,3.405,0.656,499.062,44.949,31.414,2.26,31.873,0,vibration_bearing,22
2026-09-12T09:37:36+00:00,PRESS-RTP41-DEMO,BATCH-DEMO-001,18.363,3.316,0.717,502.137,44.647,32.154,2.085,32.051,0,vibration_bearing,17
2026-09-12T09:37:37+00:00,PRESS-RTP41-DEMO,BATCH-DEMO-001,18.223,3.486,0.643,499.161,45.164,32.328,2.259,32.067,0,vibration_bearing,22
2026-09-12T09:37:38+00:00,PRESS-RTP41-DEMO,BATCH-DEMO-001,18.535,3.586,0.643,500.193,44.954,31.86,2.196,31.98,0,vibration_bearing,20
2026-09-12T09:37:39+00:00,PRESS-RTP41-DEMO,BATCH-DEMO-001,18.428,3.422,0.625,499.68,44.677,32.309,2.307,31.994,0,vibration_bearing,23
2026-09-12T09:37:40+00:00,PRESS-RTP41-DEMO,BATCH-DEMO-001,17.918,3.567,0.652,502.454,45.03,32.391,2.293,31.94,0,vibration_bearing,23
2026-09-12T09:37:41+00:00,PRESS-RTP41-DEMO,BATCH-DEMO-001,18.153,3.606,0.659,498.862,45.061,31.58,2.287,32.06,0,vibration_bearing,22
2026-09-12T09:37:42+00:00,PRESS-RTP41-DEMO,BATCH-DEMO-001,17.709,3.473,0.68,496.983,45.361,31.8,2.257,32.157,0,vibration_bearing,22
2026-09-12T09:37:43+00:00,PRESS-RTP41-DEMO,BATCH-DEMO-001,18.445,3.341,0.565,499.957,44.808,31.542,2.26,32.241,0,vibration_bearing,22
2026-09-12T09:37:44+00:00,PRESS-RTP41-DEMO,BATCH-DEMO-001,17.612,3.609,0.593,499.899,45.382,31.569,2.338,31.936,0,vibration_bearing,24
2026-09-12T09:37:45+00:00,PRESS-RTP41-DEMO,BATCH-DEMO-001,18.02,3.426,0.621,500.422,44.509,31.792,2.397,32.254,0,vibration_bearing,26
2026-09-12T09:37:46+00:00,PRESS-RTP41-DEMO,BATCH-DEMO-001,18.153,3.665,0.657,498.704,45.042,32.338,2.317,32.147,0,vibration_bearing,23
2026-09-12T09:37:47+00:00,PRESS-RTP41-DEMO,BATCH-DEMO-001,17.257,3.484,0.635,501.044,44.974,31.598,2.326,32.123,0,vibration_bearing,24
2026-09-12T09:37:48+00:00,PRESS-RTP41-DEMO,BATCH-DEMO-001,17.877,3.303,0.657,499.855,45.219,31.916,2.161,32.195,0,vibration_bearing,19
2026-09-12T09:37:49+00:00,PRESS-RTP41-DEMO,BATCH-DEMO-001,17.651,3.579,0.614,501.923,45.428,32.021,2.218,32.077,0,vibration_bearing,21
2026-09-12T09:37:50+00:00,PRESS-RTP41-DEMO,BATCH-DEMO-001,17.875,3.422,0.657,497.236,44.788,32.056,2.185,32.172,0,vibration_bearing,20
2026-09-12T09:37:51+00:00,PRESS-RTP41-DEMO,BATCH-DEMO-001,17.864,3.499,0.691,499.609,45.173,31.714,2.201,32.084,0,vibration_bearing,20
2026-09-12T09:37:52+00:00,PRESS-RTP41-DEMO,BATCH-DEMO-001,17.907,3.436,0.595,494.541,45.05,31.871,2.213,32.193,0,vibration_bearing,20
2026-09-12T09:37:53+00:00,PRESS-RTP41-DEMO,BATCH-DEMO-001,18.271,3.465,0.632,500.813,45.179,31.762,2.337,32.189,0,vibration_bearing,24
2026-09-12T09:37:54+00:00,PRESS-RTP41-DEMO,BATCH-DEMO-001,18.11,3.659,0.58,497.673,45.093,32.189,2.189,32.033,0,vibration_bearing,20
2026-09-12T09:37:55+00:00,PRESS-RTP41-DEMO,BATCH-DEMO-001,17.974,3.488,0.618,500.576,45.26,32.376,2.353,32.163,0,vibration_bearing,24
2026-09-12T09:37:56+00:00,PRESS-RTP41-DEMO,BATCH-DEMO-001,17.529,3.532,0.605,501.403,45.072,31.998,2.193,32.223,0,vibration_bearing,20
2026-09-12T09:37:57+00:00,PRESS-RTP41-DEMO,BATCH-DEMO-001,17.642,3.515,0.599,499.117,44.894,32.353,2.3,32.282,0,vibration_bearing,23
2026-09-12T09:37:58+00:00,PRESS-RTP41-DEMO,BATCH-DEMO-001,17.731,3.395,0.637,500.442,44.64,31.974,2.358,31.96,0,vibration_bearing,24
2026-09-12T09:37:59+00:00,PRESS-RTP41-DEMO,BATCH-DEMO-001,18.237,3.587,0.639,502.149,45.172,31.921,2.229,32.284,0,vibration_bearing,21
2026-09-12T09:38:00+00:00,PRESS-RTP41-DEMO,BATCH-DEMO-001,18.048,3.447,0.599,502.357,44.846,31.959,2.263,32.395,0,vibration_bearing,22
2026-09-12T09:38:01+00:00,PRESS-RTP41-DEMO,BATCH-DEMO-001,18.2,3.649,0.678,496.167,44.943,32.136,2.446,31.907,1,vibration_bearing,27
2026-09-12T09:38:02+00:00,PRESS-RTP41-DEMO,BATCH-DEMO-001,18.079,3.556,0.611,500.516,44.933,32.329,2.474,32.306,1,vibration_bearing,28
2026-09-12T09:38:03+00:00,PRESS-RTP41-DEMO,BATCH-DEMO-001,18.149,3.634,0.649,502.423,45.001,31.992,2.413,32.121,1,vibration_bearing,26
2026-09-12T09:38:04+00:00,PRESS-RTP41-DEMO,BATCH-DEMO-001,18.153,3.665,0.694,500.587,44.875,31.73,2.353,32.401,0,vibration_bearing,24
2026-09-12T09:38:05+00:00,PRESS-RTP41-DEMO,BATCH-DEMO-001,17.477,3.537,0.649,499.054,44.668,32.589,2.354,32.318,0,vibration_bearing,24
2026-09-12T09:38:06+00:00,PRESS-RTP41-DEMO,BATCH-DEMO-001,18.478,3.448,0.661,499.684,45.07,32.367,2.331,32.061,0,vibration_bearing,24
2026-09-12T09:38:07+00:00,PRESS-RTP41-DEMO,BATCH-DEMO-001,17.692,3.592,0.687,498.029,44.977,31.963,2.436,32.248,1,vibration_bearing,27
2026-09-12T09:38:08+00:00,PRESS-RTP41-DEMO,BATCH-DEMO-001,17.905,3.648,0.653,498.703,44.769,32.118,2.505,31.977,1,vibration_bearing,29
2026-09-12T09:38:09+00:00,PRESS-RTP41-DEMO,BATCH-DEMO-001,17.669,3.565,0.604,499.962,44.993,31.951,2.441,32.382,1,vibration_bearing,27
2026-09-12T09:38:10+00:00,PRESS-RTP41-DEMO,BATCH-DEMO-001,17.655,3.588,0.669,500.213,45.0,31.736,2.411,32.26,1,vibration_bearing,26
2026-09-12T09:38:11+00:00,PRESS-RTP41-DEMO,BATCH-DEMO-001,18.075,3.767,0.616,504.98,45.182,32.247,2.475,32.347,1,vibration_bearing,28
2026-09-12T09:38:12+00:00,PRESS-RTP41-DEMO,BATCH-DEMO-001,17.646,3.243,0.564,498.343,45.081,31.78,2.385,32.352,0,vibration_bearing,25
2026-09-12T09:38:13+00:00,PRESS-RTP41-DEMO,BATCH-DEMO-001,18.306,3.662,0.715,502.941,44.836,31.828,2.329,32.345,0,vibration_bearing,24
2026-09-12T09:38:14+00:00,PRESS-RTP41-DEMO,BATCH-DEMO-001,17.843,3.534,0.673,499.527,44.861,31.858,2.428,32.506,1,vibration_bearing,26
2026-09-12T09:38:15+00:00,PRESS-RTP41-DEMO,BATCH-DEMO-001,17.838,3.391,0.696,500.432,44.803,32.03,2.292,32.303,0,vibration_bearing,23
2026-09-12T09:38:16+00:00,PRESS-RTP41-DEMO,BATCH-DEMO-001,17.827,3.644,0.621,498.948,45.307,32.265,2.423,32.445,1,vibration_bearing,26
2026-09-12T09:38:17+00:00,PRESS-RTP41-DEMO,BATCH-DEMO-001,18.527,3.509,0.682,499.686,44.981,31.826,2.498,32.565,1,vibration_bearing,28
2026-09-12T09:38:18+00:00,PRESS-RTP41-DEMO,BATCH-DEMO-001,18.077,3.476,0.648,498.0,44.737,31.492,2.455,32.361,1,vibration_bearing,27
2026-09-12T09:38:19+00:00,PRESS-RTP41-DEMO,BATCH-DEMO-001,17.935,3.367,0.701,498.672,44.851,31.793,2.51,32.562,1,vibration_bearing,29
2026-09-12T09:38:20+00:00,PRESS-RTP41-DEMO,BATCH-DEMO-001,17.657,3.466,0.651,501.844,44.871,32.338,2.394,32.375,0,vibration_bearing,25
2026-09-12T09:38:21+00:00,PRESS-RTP41-DEMO,BATCH-DEMO-001,17.794,3.448,0.635,498.325,44.96,31.789,2.263,32.594,0,vibration_bearing,22
2026-09-12T09:38:22+00:00,PRESS-RTP41-DEMO,BATCH-DEMO-001,17.874,3.602,0.663,500.374,44.966,32.07,2.467,32.39,1,vibration_bearing,27
2026-09-12T09:38:23+00:00,PRESS-RTP41-DEMO,BATCH-DEMO-001,17.956,3.549,0.618,500.548,44.665,32.075,2.41,32.344,1,vibration_bearing,26
2026-09-12T09:38:24+00:00,PRESS-RTP41-DEMO,BATCH-DEMO-001,18.19,3.6,0.585,499.404,44.989,31.879,2.486,32.311,1,vibration_bearing,28
2026-09-12T09:38:25+00:00,PRESS-RTP41-DEMO,BATCH-DEMO-001,17.853,3.58,0.668,497.556,45.052,32.196,2.514,32.403,1,vibration_bearing,29
2026-09-12T09:38:26+00:00,PRESS-RTP41-DEMO,BATCH-DEMO-001,17.838,3.62,0.622,499.697,45.099,32.124,2.598,32.565,1,vibration_bearing,31
2026-09-12T09:38:27+00:00,PRESS-RTP41-DEMO,BATCH-DEMO-001,17.922,3.418,0.595,496.474,45.21,31.968,2.57,32.502,1,vibration_bearing,30
2026-09-12T09:38:28+00:00,PRESS-RTP41-DEMO,BATCH-DEMO-001,17.83,3.484,0.663,499.611,45.063,31.725,2.477,32.483,1,vibration_bearing,28
2026-09-12T09:38:29+00:00,PRESS-RTP41-DEMO,BATCH-DEMO-001,18.139,3.387,0.644,500.658,45.091,32.247,2.47,32.59,1,vibration_bearing,28
2026-09-12T09:38:30+00:00,PRESS-RTP41-DEMO,BATCH-DEMO-001,17.66,3.268,0.644,497.724,45.082,31.719,2.583,32.592,1,vibration_bearing,31
2026-09-12T09:38:31+00:00,PRESS-RTP41-DEMO,BATCH-DEMO-001,18.23,3.579,0.617,500.225,45.16,31.786,2.498,32.381,1,vibration_bearing,28
2026-09-12T09:38:32+00:00,PRESS-RTP41-DEMO,BATCH-DEMO-001,17.879,3.549,0.669,497.515,45.158,32.086,2.532,32.637,1,vibration_bearing,29
2026-09-12T09:38:33+00:00,PRESS-RTP41-DEMO,BATCH-DEMO-001,17.688,3.418,0.693,498.186,44.517,32.284,2.458,32.668,1,vibration_bearing,27
2026-09-12T09:38:34+00:00,PRESS-RTP41-DEMO,BATCH-DEMO-001,17.559,3.404,0.643,499.094,44.751,31.936,2.42,32.56,1,vibration_bearing,26
2026-09-12T09:38:35+00:00,PRESS-RTP41-DEMO,BATCH-DEMO-001,17.8,3.483,0.707,498.682,45.161,32.334,2.45,32.519,1,vibration_bearing,27
2026-09-12T09:38:36+00:00,PRESS-RTP41-DEMO,BATCH-DEMO-001,17.399,3.464,0.666,501.466,44.921,32.581,2.547,32.461,1,vibration_bearing,30
2026-09-12T09:38:37+00:00,PRESS-RTP41-DEMO,BATCH-DEMO-001,18.004,3.242,0.619,497.187,44.814,31.867,2.39,32.478,0,vibration_bearing,25
2026-09-12T09:38:38+00:00,PRESS-RTP41-DEMO,BATCH-DEMO-001,18.263,3.275,0.62,502.771,44.859,32.247,2.672,32.514,1,vibration_bearing,33
2026-09-12T09:38:39+00:00,PRESS-RTP41-DEMO,BATCH-DEMO-001,18.05,3.467,0.677,501.692,44.72,31.796,2.422,32.428,1,vibration_bearing,26
2026-09-12T09:38:40+00:00,PRESS-RTP41-DEMO,BATCH-DEMO-001,18.303,3.311,0.664,498.474,44.724,31.91,2.633,32.528,1,vibration_bearing,32
2026-09-12T09:38:41+00:00,PRESS-RTP41-DEMO,BATCH-DEMO-001,18.041,3.51,0.625,502.325,44.842,32.618,2.696,32.511,1,vibration_bearing,34
2026-09-12T09:38:42+00:00,PRESS-RTP41-DEMO,BATCH-DEMO-001,18.124,3.293,0.663,502.254,45.171,31.783,2.496,32.712,1,vibration_bearing,28
2026-09-12T09:38:43+00:00,PRESS-RTP41-DEMO,BATCH-DEMO-001,18.391,3.596,0.632,498.952,44.666,31.993,2.601,32.582,1,vibration_bearing,31
2026-09-12T09:38:44+00:00,PRESS-RTP41-DEMO,BATCH-DEMO-001,18.183,3.544,0.696,499.797,44.844,31.952,2.675,32.561,1,vibration_bearing,33
2026-09-12T09:38:45+00:00,PRESS-RTP41-DEMO,BATCH-DEMO-001,18.046,3.483,0.666,497.191,45.257,31.642,2.451,32.547,1,vibration_bearing,27
2026-09-12T09:38:46+00:00,PRESS-RTP41-DEMO,BATCH-DEMO-001,18.152,3.387,0.616,499.104,45.238,32.398,2.69,32.587,1,vibration_bearing,34
2026-09-12T09:38:47+00:00,PRESS-RTP41-DEMO,BATCH-DEMO-001,18.09,3.708,0.714,502.003,44.908,32.273,2.603,32.469,1,vibration_bearing,31
2026-09-12T09:38:48+00:00,PRESS-RTP41-DEMO,BATCH-DEMO-001,17.546,3.544,0.657,497.047,45.101,32.352,2.739,32.705,1,vibration_bearing,35
2026-09-12T09:38:49+00:00,PRESS-RTP41-DEMO,BATCH-DEMO-001,18.15,3.562,0.645,499.853,45.238,31.921,2.753,32.413,1,vibration_bearing,35
2026-09-12T09:38:50+00:00,PRESS-RTP41-DEMO,BATCH-DEMO-001,17.858,3.662,0.642,500.933,44.99,31.928,2.712,32.754,1,vibration_bearing,34
2026-09-12T09:38:51+00:00,PRESS-RTP41-DEMO,BATCH-DEMO-001,18.231,3.31,0.689,497.496,45.172,32.059,2.675,32.64,1,vibration_bearing,33
2026-09-12T09:38:52+00:00,PRESS-RTP41-DEMO,BATCH-DEMO-001,17.958,3.42,0.683,500.778,44.885,31.584,2.554,32.723,1,vibration_bearing,30
2026-09-12T09:38:53+00:00,PRESS-RTP41-DEMO,BATCH-DEMO-001,17.492,3.654,0.704,501.456,44.73,31.979,2.588,32.696,1,vibration_bearing,31
2026-09-12T09:38:54+00:00,PRESS-RTP41-DEMO,BATCH-DEMO-001,18.02,3.666,0.634,497.307,44.477,31.812,2.796,32.706,1,vibration_bearing,37
2026-09-12T09:38:55+00:00,PRESS-RTP41-DEMO,BATCH-DEMO-001,17.758,3.549,0.692,499.398,45.007,32.362,2.745,32.579,1,vibration_bearing,35
2026-09-12T09:38:56+00:00,PRESS-RTP41-DEMO,BATCH-DEMO-001,18.022,3.638,0.664,501.698,45.066,31.919,2.636,32.876,1,vibration_bearing,32
2026-09-12T09:38:57+00:00,PRESS-RTP41-DEMO,BATCH-DEMO-001,17.964,3.468,0.682,501.777,45.015,32.288,2.51,32.833,1,vibration_bearing,29
2026-09-12T09:38:58+00:00,PRESS-RTP41-DEMO,BATCH-DEMO-001,17.718,3.465,0.654,498.06,45.443,32.016,2.641,32.92,1,vibration_bearing,32
2026-09-12T09:38:59+00:00,PRESS-RTP41-DEMO,BATCH-DEMO-001,17.846,3.564,0.707,501.307,44.955,32.035,2.912,33.067,1,vibration_bearing,40
2026-09-12T09:39:00+00:00,PRESS-RTP41-DEMO,BATCH-DEMO-001,17.337,3.569,0.632,498.987,44.64,31.898,2.752,32.74,1,vibration_bearing,35
2026-09-12T09:39:01+00:00,PRESS-RTP41-DEMO,BATCH-DEMO-001,17.925,3.825,0.661,499.874,44.878,31.725,2.834,33.063,1,vibration_bearing,38
2026-09-12T09:39:02+00:00,PRESS-RTP41-DEMO,BATCH-DEMO-001,18.155,3.503,0.613,501.013,45.218,31.879,2.783,32.922,1,vibration_bearing,36
2026-09-12T09:39:03+00:00,PRESS-RTP41-DEMO,BATCH-DEMO-001,17.863,3.382,0.598,499.525,44.702,31.757,2.792,32.76,1,vibration_bearing,37
2026-09-12T09:39:04+00:00,PRESS-RTP41-DEMO,BATCH-DEMO-001,17.924,3.483,0.619,500.046,45.017,31.442,2.776,32.71,1,vibration_bearing,36
2026-09-12T09:39:05+00:00,PRESS-RTP41-DEMO,BATCH-DEMO-001,17.992,3.49,0.672,502.106,45.014,31.799,2.643,32.763,1,vibration_bearing,32
2026-09-12T09:39:06+00:00,PRESS-RTP41-DEMO,BATCH-DEMO-001,17.97,3.605,0.669,499.763,44.899,31.546,2.727,32.712,1,vibration_bearing,35
2026-09-12T09:39:07+00:00,PRESS-RTP41-DEMO,BATCH-DEMO-001,18.118,3.46,0.606,500.125,45.032,31.967,2.864,32.826,1,vibration_bearing,39
2026-09-12T09:39:08+00:00,PRESS-RTP41-DEMO,BATCH-DEMO-001,18.787,3.413,0.666,496.733,45.197,31.607,2.75,32.678,1,vibration_bearing,35
2026-09-12T09:39:09+00:00,PRESS-RTP41-DEMO,BATCH-DEMO-001,18.233,3.522,0.662,502.287,44.927,31.987,2.633,32.896,1,vibration_bearing,32
2026-09-12T09:39:10+00:00,PRESS-RTP41-DEMO,BATCH-DEMO-001,17.565,3.57,0.678,499.663,45.02,32.253,2.746,32.769,1,vibration_bearing,35
2026-09-12T09:39:11+00:00,PRESS-RTP41-DEMO,BATCH-DEMO-001,18.06,3.453,0.639,497.331,44.93,31.915,2.796,32.886,1,vibration_bearing,37
2026-09-12T09:39:12+00:00,PRESS-RTP41-DEMO,BATCH-DEMO-001,18.261,3.283,0.675,499.754,45.074,32.096,2.748,32.992,1,vibration_bearing,35
2026-09-12T09:39:13+00:00,PRESS-RTP41-DEMO,BATCH-DEMO-001,18.212,3.523,0.636,498.988,45.29,31.613,2.66,32.806,1,vibration_bearing,33
2026-09-12T09:39:14+00:00,PRESS-RTP41-DEMO,BATCH-DEMO-001,17.807,3.605,0.717,500.155,45.062,32.035,2.719,32.769,1,vibration_bearing,35
2026-09-12T09:39:15+00:00,PRESS-RTP41-DEMO,BATCH-DEMO-001,18.118,3.419,0.628,499.531,44.76,32.315,2.832,32.805,1,vibration_bearing,38
2026-09-12T09:39:16+00:00,PRESS-RTP41-DEMO,BATCH-DEMO-001,18.299,3.55,0.636,499.392,44.926,31.896,2.776,32.81,1,vibration_bearing,36
2026-09-12T09:39:17+00:00,PRESS-RTP41-DEMO,BATCH-DEMO-001,17.636,3.534,0.646,497.74,44.98,31.287,2.851,32.853,1,vibration_bearing,38
2026-09-12T09:39:18+00:00,PRESS-RTP41-DEMO,BATCH-DEMO-001,18.049,3.572,0.691,501.104,44.966,32.133,2.773,33.071,1,vibration_bearing,36
2026-09-12T09:39:19+00:00,PRESS-RTP41-DEMO,BATCH-DEMO-001,18.311,3.39,0.659,502.032,45.293,32.294,2.844,33.015,1,vibration_bearing,38
2026-09-12T09:39:20+00:00,PRESS-RTP41-DEMO,BATCH-DEMO-001,17.78,3.586,0.639,498.714,44.888,32.022,2.701,33.109,1,vibration_bearing,34
2026-09-12T09:39:21+00:00,PRESS-RTP41-DEMO,BATCH-DEMO-001,18.315,3.745,0.656,500.436,44.712,31.757,2.82,33.263,1,vibration_bearing,37
2026-09-12T09:39:22+00:00,PRESS-RTP41-DEMO,BATCH-DEMO-001,17.87,3.533,0.626,499.427,45.256,31.915,2.901,33.028,1,vibration_bearing,40
2026-09-12T09:39:23+00:00,PRESS-RTP41-DEMO,BATCH-DEMO-001,17.945,3.482,0.675,500.846,44.821,32.387,2.836,33.024,1,vibration_bearing,38
2026-09-12T09:39:24+00:00,PRESS-RTP41-DEMO,BATCH-DEMO-001,17.624,3.54,0.707,501.782,45.214,32.059,2.845,33.089,1,vibration_bearing,38
2026-09-12T09:39:25+00:00,PRESS-RTP41-DEMO,BATCH-DEMO-001,17.735,3.47,0.696,500.612,45.218,31.758,2.779,33.052,1,vibration_bearing,36
2026-09-12T09:39:26+00:00,PRESS-RTP41-DEMO,BATCH-DEMO-001,18.515,3.535,0.613,504.133,45.048,31.592,2.913,32.636,1,vibration_bearing,40
2026-09-12T09:39:27+00:00,PRESS-RTP41-DEMO,BATCH-DEMO-001,18.13,3.547,0.687,495.17,44.978,32.005,2.839,33.16,1,vibration_bearing,38
2026-09-12T09:39:28+00:00,PRESS-RTP41-DEMO,BATCH-DEMO-001,18.731,3.61,0.681,496.992,44.906,32.423,2.89,33.036,1,vibration_bearing,39
2026-09-12T09:39:29+00:00,PRESS-RTP41-DEMO,BATCH-DEMO-001,18.25,3.636,0.686,500.177,45.059,32.325,2.855,33.024,1,vibration_bearing,38
2026-09-12T09:39:30+00:00,PRESS-RTP41-DEMO,BATCH-DEMO-001,17.928,3.22,0.644,497.374,44.874,32.438,2.887,32.97,1,vibration_bearing,39
2026-09-12T09:39:31+00:00,PRESS-RTP41-DEMO,BATCH-DEMO-001,18.165,3.651,0.657,501.227,44.882,31.819,3.016,33.262,1,vibration_bearing,43
2026-09-12T09:39:32+00:00,PRESS-RTP41-DEMO,BATCH-DEMO-001,17.888,3.509,0.578,500.792,44.992,31.946,2.914,33.108,1,vibration_bearing,40
2026-09-12T09:39:33+00:00,PRESS-RTP41-DEMO,BATCH-DEMO-001,18.497,3.428,0.618,501.93,45.042,32.044,2.96,33.227,1,vibration_bearing,41
2026-09-12T09:39:34+00:00,PRESS-RTP41-DEMO,BATCH-DEMO-001,18.536,3.691,0.562,498.958,45.304,32.245,2.805,33.109,1,vibration_bearing,37
2026-09-12T09:39:35+00:00,PRESS-RTP41-DEMO,BATCH-DEMO-001,18.011,3.402,0.611,498.461,44.804,32.147,2.742,33.258,1,vibration_bearing,35
2026-09-12T09:39:36+00:00,PRESS-RTP41-DEMO,BATCH-DEMO-001,18.416,3.478,0.681,501.597,45.437,31.997,2.833,33.16,1,vibration_bearing,38
2026-09-12T09:39:37+00:00,PRESS-RTP41-DEMO,BATCH-DEMO-001,17.941,3.507,0.65,497.852,44.699,31.428,2.94,33.162,1,vibration_bearing,41
2026-09-12T09:39:38+00:00,PRESS-RTP41-DEMO,BATCH-DEMO-001,18.228,3.52,0.662,499.13,44.945,32.029,2.8,33.292,1,vibration_bearing,37
2026-09-12T09:39:39+00:00,PRESS-RTP41-DEMO,BATCH-DEMO-001,18.058,3.222,0.661,495.254,45.082,32.326,2.909,33.128,1,vibration_bearing,40
2026-09-12T09:39:40+00:00,PRESS-RTP41-DEMO,BATCH-DEMO-001,18.081,3.601,0.656,502.475,44.841,31.988,2.941,33.188,1,vibration_bearing,41
2026-09-12T09:39:41+00:00,PRESS-RTP41-DEMO,BATCH-DEMO-001,18.109,3.571,0.69,499.558,44.98,32.159,2.924,33.194,1,vibration_bearing,40
2026-09-12T09:39:42+00:00,PRESS-RTP41-DEMO,BATCH-DEMO-001,18.155,3.529,0.648,497.675,45.105,31.947,3.104,33.244,1,vibration_bearing,45
2026-09-12T09:39:43+00:00,PRESS-RTP41-DEMO,BATCH-DEMO-001,18.191,3.501,0.653,500.695,45.24,32.034,2.939,33.33,1,vibration_bearing,41
2026-09-12T09:39:44+00:00,PRESS-RTP41-DEMO,BATCH-DEMO-001,17.937,3.381,0.651,500.969,45.241,32.009,2.819,33.149,1,vibration_bearing,37
2026-09-12T09:39:45+00:00,PRESS-RTP41-DEMO,BATCH-DEMO-001,18.142,3.5,0.702,502.435,45.493,32.09,2.996,33.155,1,vibration_bearing,42
2026-09-12T09:39:46+00:00,PRESS-RTP41-DEMO,BATCH-DEMO-001,18.007,3.331,0.659,499.012,44.534,32.02,2.951,33.102,1,vibration_bearing,41
2026-09-12T09:39:47+00:00,PRESS-RTP41-DEMO,BATCH-DEMO-001,17.527,3.459,0.64,496.752,44.854,31.833,2.836,33.219,1,vibration_bearing,38
2026-09-12T09:39:48+00:00,PRESS-RTP41-DEMO,BATCH-DEMO-001,17.739,3.843,0.741,498.549,45.168,31.766,2.907,33.292,1,vibration_bearing,40
2026-09-12T09:39:49+00:00,PRESS-RTP41-DEMO,BATCH-DEMO-001,18.003,3.539,0.715,498.255,45.237,31.948,2.95,33.207,1,vibration_bearing,41
2026-09-12T09:39:50+00:00,PRESS-RTP41-DEMO,BATCH-DEMO-001,18.093,3.537,0.7,495.742,45.078,32.056,3.032,33.229,1,vibration_bearing,43
2026-09-12T09:39:51+00:00,PRESS-RTP41-DEMO,BATCH-DEMO-001,17.813,3.37,0.629,501.133,44.663,31.997,3.053,33.286,1,vibration_bearing,44
2026-09-12T09:39:52+00:00,PRESS-RTP41-DEMO,BATCH-DEMO-001,18.179,3.487,0.645,503.874,45.189,32.018,2.965,33.399,1,vibration_bearing,41
2026-09-12T09:39:53+00:00,PRESS-RTP41-DEMO,BATCH-DEMO-001,17.941,3.515,0.608,504.316,44.881,31.882,2.889,33.238,1,vibration_bearing,39
2026-09-12T09:39:54+00:00,PRESS-RTP41-DEMO,BATCH-DEMO-001,18.194,3.403,0.658,500.533,45.102,32.049,3.098,33.21,1,vibration_bearing,45
2026-09-12T09:39:55+00:00,PRESS-RTP41-DEMO,BATCH-DEMO-001,18.162,3.325,0.633,499.787,44.55,31.975,2.955,33.232,1,vibration_bearing,41
2026-09-12T09:39:56+00:00,PRESS-RTP41-DEMO,BATCH-DEMO-001,17.607,3.383,0.672,499.774,45.085,31.913,2.923,33.333,1,vibration_bearing,40
2026-09-12T09:39:57+00:00,PRESS-RTP41-DEMO,BATCH-DEMO-001,18.198,3.54,0.64,500.964,45.063,32.547,2.988,33.31,1,vibration_bearing,42
2026-09-12T09:39:58+00:00,PRESS-RTP41-DEMO,BATCH-DEMO-001,17.741,3.773,0.673,506.509,45.166,32.023,3.047,33.425,1,vibration_bearing,45
2026-09-12T09:39:59+00:00,PRESS-RTP41-DEMO,BATCH-DEMO-001,18.093,3.209,0.616,499.427,44.71,31.885,3.138,33.326,1,vibration_bearing,46
2026-09-12T09:40:00+00:00,PRESS-RTP41-DEMO,BATCH-DEMO-001,18.172,3.183,0.646,500.313,44.786,31.545,3.055,33.42,1,vibration_bearing,44
2026-09-12T09:40:01+00:00,PRESS-RTP41-DEMO,BATCH-DEMO-001,17.832,3.516,0.69,500.719,45.084,32.016,2.956,33.355,1,vibration_bearing,41
2026-09-12T09:40:02+00:00,PRESS-RTP41-DEMO,BATCH-DEMO-001,17.934,3.508,0.639,496.737,45.258,32.64,3.143,33.56,1,vibration_bearing,46
2026-09-12T09:40:03+00:00,PRESS-RTP41-DEMO,BATCH-DEMO-001,18.264,3.443,0.638,500.833,44.912,31.838,2.982,33.407,1,vibration_bearing,42
2026-09-12T09:40:04+00:00,PRESS-RTP41-DEMO,BATCH-DEMO-001,17.703,3.502,0.65,498.574,45.167,31.517,3.179,33.336,1,vibration_bearing,47
2026-09-12T09:40:05+00:00,PRESS-RTP41-DEMO,BATCH-DEMO-001,17.829,3.678,0.684,499.687,45.049,32.125,2.85,33.581,1,vibration_bearing,38
2026-09-12T09:40:06+00:00,PRESS-RTP41-DEMO,BATCH-DEMO-001,18.142,3.419,0.654,499.598,44.87,31.844,3.17,33.466,1,vibration_bearing,47
2026-09-12T09:40:07+00:00,PRESS-RTP41-DEMO,BATCH-DEMO-001,17.984,3.332,0.668,503.116,44.887,32.007,3.092,33.623,1,vibration_bearing,45
2026-09-12T09:40:08+00:00,PRESS-RTP41-DEMO,BATCH-DEMO-001,17.713,3.566,0.629,500.653,45.313,31.846,3.088,33.418,1,vibration_bearing,45
2026-09-12T09:40:09+00:00,PRESS-RTP41-DEMO,BATCH-DEMO-001,17.331,3.576,0.557,503.631,44.613,31.971,3.071,33.376,1,vibration_bearing,44
2026-09-12T09:40:10+00:00,PRESS-RTP41-DEMO,BATCH-DEMO-001,17.743,3.65,0.631,500.675,45.392,32.522,3.207,33.455,1,vibration_bearing,48
2026-09-12T09:40:11+00:00,PRESS-RTP41-DEMO,BATCH-DEMO-001,17.085,3.65,0.676,498.271,45.098,31.844,3.041,33.415,1,vibration_bearing,44
2026-09-12T09:40:12+00:00,PRESS-RTP41-DEMO,BATCH-DEMO-001,18.198,3.345,0.6,498.653,44.965,32.052,3.15,33.511,1,vibration_bearing,47
2026-09-12T09:40:13+00:00,PRESS-RTP41-DEMO,BATCH-DEMO-001,17.671,3.491,0.616,500.177,45.089,32.145,3.214,33.365,1,vibration_bearing,48
2026-09-12T09:40:14+00:00,PRESS-RTP41-DEMO,BATCH-DEMO-001,17.915,3.596,0.593,501.592,44.917,32.099,3.15,33.573,1,vibration_bearing,47
2026-09-12T09:40:15+00:00,PRESS-RTP41-DEMO,BATCH-DEMO-001,18.075,3.376,0.649,503.274,44.884,32.184,3.086,33.517,1,vibration_bearing,45
2026-09-12T09:40:16+00:00,PRESS-RTP41-DEMO,BATCH-DEMO-001,18.404,3.467,0.645,501.609,45.142,31.612,3.237,33.672,1,vibration_bearing,49
2026-09-12T09:40:17+00:00,PRESS-RTP41-DEMO,BATCH-DEMO-001,17.815,3.503,0.603,499.233,44.986,32.004,3.113,33.494,1,vibration_bearing,46
2026-09-12T09:40:18+00:00,PRESS-RTP41-DEMO,BATCH-DEMO-001,18.065,3.678,0.661,497.714,45.238,31.658,3.132,33.435,1,vibration_bearing,46
2026-09-12T09:40:19+00:00,PRESS-RTP41-DEMO,BATCH-DEMO-001,17.914,3.713,0.527,498.553,44.668,32.281,3.308,33.617,1,vibration_bearing,51
2026-09-12T09:40:20+00:00,PRESS-RTP41-DEMO,BATCH-DEMO-001,18.358,3.155,0.66,501.078,45.124,31.85,3.124,33.519,1,vibration_bearing,46
2026-09-12T09:40:21+00:00,PRESS-RTP41-DEMO,BATCH-DEMO-001,18.058,3.427,0.663,499.239,44.859,32.125,3.162,33.463,1,vibration_bearing,47
2026-09-12T09:40:22+00:00,PRESS-RTP41-DEMO,BATCH-DEMO-001,18.676,3.508,0.632,500.019,44.949,31.497,2.994,33.855,1,vibration_bearing,42
2026-09-12T09:40:23+00:00,PRESS-RTP41-DEMO,BATCH-DEMO-001,18.029,3.541,0.644,499.106,44.646,32.154,3.052,33.445,1,vibration_bearing,44
2026-09-12T09:40:24+00:00,PRESS-RTP41-DEMO,BATCH-DEMO-001,18.115,3.516,0.635,504.658,45.112,32.543,3.145,33.649,1,vibration_bearing,46
2026-09-12T09:40:25+00:00,PRESS-RTP41-DEMO,BATCH-DEMO-001,18.335,3.614,0.649,497.331,44.716,32.076,3.07,33.756,1,vibration_bearing,44
2026-09-12T09:40:26+00:00,PRESS-RTP41-DEMO,BATCH-DEMO-001,18.312,3.604,0.58,502.964,45.031,31.408,3.151,33.508,1,vibration_bearing,47
2026-09-12T09:40:27+00:00,PRESS-RTP41-DEMO,BATCH-DEMO-001,18.001,3.461,0.632,499.958,44.769,31.613,3.105,33.502,1,vibration_bearing,45
2026-09-12T09:40:28+00:00,PRESS-RTP41-DEMO,BATCH-DEMO-001,17.873,3.601,0.67,500.06,45.059,32.258,3.224,33.825,1,vibration_bearing,49
2026-09-12T09:40:29+00:00,PRESS-RTP41-DEMO,BATCH-DEMO-001,17.984,3.475,0.695,498.806,44.829,31.574,3.207,33.689,1,vibration_bearing,48
2026-09-12T09:40:30+00:00,PRESS-RTP41-DEMO,BATCH-DEMO-001,18.204,3.603,0.654,496.838,44.527,32.121,3.235,33.717,1,vibration_bearing,49
2026-09-12T09:40:31+00:00,PRESS-RTP41-DEMO,BATCH-DEMO-001,17.95,3.446,0.568,496.374,45.239,32.437,3.153,33.489,1,vibration_bearing,47
2026-09-12T09:40:32+00:00,PRESS-RTP41-DEMO,BATCH-DEMO-001,17.293,3.313,0.65,502.322,45.096,32.114,3.202,33.793,1,vibration_bearing,48
2026-09-12T09:40:33+00:00,PRESS-RTP41-DEMO,BATCH-DEMO-001,17.724,3.541,0.706,496.753,45.358,32.02,3.123,33.678,1,vibration_bearing,46
2026-09-12T09:40:34+00:00,PRESS-RTP41-DEMO,BATCH-DEMO-001,17.944,3.388,0.602,503.223,44.966,32.0,3.175,33.595,1,vibration_bearing,47
2026-09-12T09:40:35+00:00,PRESS-RTP41-DEMO,BATCH-DEMO-001,17.866,3.707,0.704,503.067,45.116,31.967,3.286,33.643,1,vibration_bearing,50
2026-09-12T09:40:36+00:00,PRESS-RTP41-DEMO,BATCH-DEMO-001,18.861,3.59,0.596,497.962,44.633,31.846,3.249,33.937,1,vibration_bearing,49
2026-09-12T09:40:37+00:00,PRESS-RTP41-DEMO,BATCH-DEMO-001,18.499,3.527,0.634,498.29,44.718,32.148,3.266,34.004,1,vibration_bearing,50
2026-09-12T09:40:38+00:00,PRESS-RTP41-DEMO,BATCH-DEMO-001,18.229,3.441,0.649,495.902,45.111,32.172,3.254,33.552,1,vibration_bearing,50
2026-09-12T09:40:39+00:00,PRESS-RTP41-DEMO,BATCH-DEMO-001,18.411,3.363,0.647,500.121,45.126,31.923,3.128,34.042,1,vibration_bearing,46
2026-09-12T09:40:40+00:00,PRESS-RTP41-DEMO,BATCH-DEMO-001,18.389,3.452,0.659,495.797,45.215,32.404,3.244,33.623,1,vibration_bearing,49
2026-09-12T09:40:41+00:00,PRESS-RTP41-DEMO,BATCH-DEMO-001,17.591,3.335,0.621,499.224,45.145,31.767,3.288,33.827,1,vibration_bearing,50
2026-09-12T09:40:42+00:00,PRESS-RTP41-DEMO,BATCH-DEMO-001,18.392,3.398,0.591,497.847,45.068,31.799,3.298,33.887,1,vibration_bearing,51
2026-09-12T09:40:43+00:00,PRESS-RTP41-DEMO,BATCH-DEMO-001,17.927,3.534,0.612,500.283,45.089,31.704,3.247,33.894,1,vibration_bearing,49
2026-09-12T09:40:44+00:00,PRESS-RTP41-DEMO,BATCH-DEMO-001,17.952,3.412,0.604,495.926,45.095,31.862,3.27,33.824,1,vibration_bearing,50
2026-09-12T09:40:45+00:00,PRESS-RTP41-DEMO,BATCH-DEMO-001,17.762,3.698,0.674,498.903,44.845,32.002,3.403,33.844,1,vibration_bearing,54
2026-09-12T09:40:46+00:00,PRESS-RTP41-DEMO,BATCH-DEMO-001,18.159,3.356,0.56,502.311,44.936,32.17,3.247,34.029,1,vibration_bearing,49
2026-09-12T09:40:47+00:00,PRESS-RTP41-DEMO,BATCH-DEMO-001,18.117,3.47,0.635,499.773,44.779,32.092,3.337,33.81,1,vibration_bearing,52
2026-09-12T09:40:48+00:00,PRESS-RTP41-DEMO,BATCH-DEMO-001,17.601,3.388,0.632,500.013,44.925,32.11,3.398,33.744,1,vibration_bearing,54
2026-09-12T09:40:49+00:00,PRESS-RTP41-DEMO,BATCH-DEMO-001,18.04,3.281,0.622,500.341,44.914,32.097,3.354,33.765,1,vibration_bearing,52
2026-09-12T09:40:50+00:00,PRESS-RTP41-DEMO,BATCH-DEMO-001,17.936,3.134,0.656,497.923,44.893,32.032,3.286,34.001,1,vibration_bearing,50
2026-09-12T09:40:51+00:00,PRESS-RTP41-DEMO,BATCH-DEMO-001,18.186,3.514,0.671,498.023,44.766,32.346,3.349,33.773,1,vibration_bearing,52
2026-09-12T09:40:52+00:00,PRESS-RTP41-DEMO,BATCH-DEMO-001,18.468,3.494,0.586,500.378,45.048,32.282,3.332,34.001,1,vibration_bearing,52
2026-09-12T09:40:53+00:00,PRESS-RTP41-DEMO,BATCH-DEMO-001,18.179,3.508,0.581,501.316,45.127,31.751,3.318,34.049,1,vibration_bearing,51
2026-09-12T09:40:54+00:00,PRESS-RTP41-DEMO,BATCH-DEMO-001,18.038,3.535,0.617,499.311,45.026,31.752,3.142,33.881,1,vibration_bearing,46
2026-09-12T09:40:55+00:00,PRESS-RTP41-DEMO,BATCH-DEMO-001,18.141,3.452,0.616,499.828,45.199,32.073,3.37,33.967,1,vibration_bearing,53
2026-09-12T09:40:56+00:00,PRESS-RTP41-DEMO,BATCH-DEMO-001,17.844,3.404,0.662,502.198,45.346,32.196,3.396,34.065,1,vibration_bearing,53
2026-09-12T09:40:57+00:00,PRESS-RTP41-DEMO,BATCH-DEMO-001,17.893,3.19,0.616,501.213,45.176,32.26,3.402,34.114,1,vibration_bearing,54
2026-09-12T09:40:58+00:00,PRESS-RTP41-DEMO,BATCH-DEMO-001,17.907,3.275,0.618,498.724,44.977,31.945,3.373,34.248,1,vibration_bearing,53
2026-09-12T09:40:59+00:00,PRESS-RTP41-DEMO,BATCH-DEMO-001,17.723,3.482,0.639,498.875,44.88,31.592,3.405,33.898,1,vibration_bearing,54
2026-09-12T09:41:00+00:00,PRESS-RTP41-DEMO,BATCH-DEMO-001,17.964,3.522,0.575,499.411,45.031,31.719,1.084,30.907,0,normal,6
2026-09-12T09:41:01+00:00,PRESS-RTP41-DEMO,BATCH-DEMO-001,18.24,3.471,0.676,498.317,44.999,32.033,1.242,31.164,0,normal,6
2026-09-12T09:41:02+00:00,PRESS-RTP41-DEMO,BATCH-DEMO-001,17.867,3.618,0.646,497.653,45.173,31.801,1.167,31.078,0,normal,6
2026-09-12T09:41:03+00:00,PRESS-RTP41-DEMO,BATCH-DEMO-001,17.897,3.519,0.647,499.546,45.119,31.733,1.23,31.061,0,normal,6
2026-09-12T09:41:04+00:00,PRESS-RTP41-DEMO,BATCH-DEMO-001,18.071,3.618,0.673,498.118,45.019,32.084,1.286,31.257,0,normal,6
2026-09-12T09:41:05+00:00,PRESS-RTP41-DEMO,BATCH-DEMO-001,18.079,3.545,0.656,496.208,45.14,31.682,1.091,31.01,0,normal,6
2026-09-12T09:41:06+00:00,PRESS-RTP41-DEMO,BATCH-DEMO-001,18.13,3.489,0.686,502.986,45.227,32.433,1.154,31.071,0,normal,6
2026-09-12T09:41:07+00:00,PRESS-RTP41-DEMO,BATCH-DEMO-001,18.148,3.396,0.64,499.831,45.042,32.104,1.106,31.072,0,normal,6
2026-09-12T09:41:08+00:00,PRESS-RTP41-DEMO,BATCH-DEMO-001,18.146,3.728,0.654,500.442,45.088,32.234,1.301,30.962,0,normal,6
2026-09-12T09:41:09+00:00,PRESS-RTP41-DEMO,BATCH-DEMO-001,17.88,3.484,0.681,499.796,44.931,31.822,1.213,30.963,0,normal,6
2026-09-12T09:41:10+00:00,PRESS-RTP41-DEMO,BATCH-DEMO-001,17.46,3.431,0.571,501.267,45.027,31.437,1.211,30.954,0,normal,6
2026-09-12T09:41:11+00:00,PRESS-RTP41-DEMO,BATCH-DEMO-001,18.27,3.44,0.665,495.881,44.812,31.453,1.186,31.077,0,normal,6
2026-09-12T09:41:12+00:00,PRESS-RTP41-DEMO,BATCH-DEMO-001,18.212,3.709,0.686,504.077,44.898,32.124,1.31,31.142,0,normal,6
2026-09-12T09:41:13+00:00,PRESS-RTP41-DEMO,BATCH-DEMO-001,18.121,3.582,0.546,501.928,45.018,31.987,1.218,31.152,0,normal,6
2026-09-12T09:41:14+00:00,PRESS-RTP41-DEMO,BATCH-DEMO-001,17.975,3.299,0.644,500.631,45.203,31.765,1.022,30.771,0,normal,6
2026-09-12T09:41:15+00:00,PRESS-RTP41-DEMO,BATCH-DEMO-001,17.803,3.666,0.661,502.673,45.217,32.278,1.293,30.992,0,normal,6
2026-09-12T09:41:16+00:00,PRESS-RTP41-DEMO,BATCH-DEMO-001,17.884,3.487,0.666,499.385,44.859,32.15,1.408,31.096,0,normal,6
2026-09-12T09:41:17+00:00,PRESS-RTP41-DEMO,BATCH-DEMO-001,17.727,3.451,0.68,501.505,44.824,32.121,1.176,31.064,0,normal,6
2026-09-12T09:41:18+00:00,PRESS-RTP41-DEMO,BATCH-DEMO-001,18.232,3.385,0.614,505.19,44.867,31.897,1.199,30.841,0,normal,6
2026-09-12T09:41:19+00:00,PRESS-RTP41-DEMO,BATCH-DEMO-001,18.444,3.528,0.6,499.911,44.995,32.018,1.197,30.618,0,normal,6
2026-09-12T09:41:20+00:00,PRESS-RTP41-DEMO,BATCH-DEMO-001,18.012,3.268,0.662,500.082,45.316,32.025,1.362,31.184,0,normal,6
2026-09-12T09:41:21+00:00,PRESS-RTP41-DEMO,BATCH-DEMO-001,18.211,3.366,0.685,502.969,45.285,31.755,1.355,30.915,0,normal,6
2026-09-12T09:41:22+00:00,PRESS-RTP41-DEMO,BATCH-DEMO-001,18.005,3.531,0.647,502.603,45.139,32.039,1.26,30.934,0,normal,6
2026-09-12T09:41:23+00:00,PRESS-RTP41-DEMO,BATCH-DEMO-001,18.067,3.576,0.674,500.05,44.964,32.056,1.264,30.757,0,normal,6
2026-09-12T09:41:24+00:00,PRESS-RTP41-DEMO,BATCH-DEMO-001,18.088,3.396,0.669,499.837,45.107,31.881,1.163,31.091,0,normal,6
2026-09-12T09:41:25+00:00,PRESS-RTP41-DEMO,BATCH-DEMO-001,17.88,3.249,0.656,502.014,44.746,31.991,1.085,30.932,0,normal,6
2026-09-12T09:41:26+00:00,PRESS-RTP41-DEMO,BATCH-DEMO-001,18.048,3.576,0.654,498.708,45.204,32.415,1.162,31.044,0,normal,6
2026-09-12T09:41:27+00:00,PRESS-RTP41-DEMO,BATCH-DEMO-001,17.97,3.506,0.614,499.57,44.995,31.689,1.175,30.952,0,normal,6
2026-09-12T09:41:28+00:00,PRESS-RTP41-DEMO,BATCH-DEMO-001,18.242,3.316,0.65,499.129,45.05,31.941,1.225,30.803,0,normal,6
2026-09-12T09:41:29+00:00,PRESS-RTP41-DEMO,BATCH-DEMO-001,17.522,3.663,0.608,498.216,45.096,31.962,1.204,31.14,0,normal,6
2026-09-12T09:41:30+00:00,PRESS-RTP41-DEMO,BATCH-DEMO-001,18.103,3.63,0.636,501.797,45.233,32.46,1.12,31.108,0,normal,6
2026-09-12T09:41:31+00:00,PRESS-RTP41-DEMO,BATCH-DEMO-001,18.269,3.373,0.571,498.256,44.681,32.612,1.235,31.037,0,normal,6
2026-09-12T09:41:32+00:00,PRESS-RTP41-DEMO,BATCH-DEMO-001,17.912,3.529,0.656,502.273,45.023,32.251,1.348,30.919,0,normal,6
2026-09-12T09:41:33+00:00,PRESS-RTP41-DEMO,BATCH-DEMO-001,17.963,3.604,0.626,497.927,45.132,31.906,1.339,31.157,0,normal,6
2026-09-12T09:41:34+00:00,PRESS-RTP41-DEMO,BATCH-DEMO-001,17.822,3.259,0.611,500.982,45.005,31.942,1.158,30.97,0,normal,6
2026-09-12T09:41:35+00:00,PRESS-RTP41-DEMO,BATCH-DEMO-001,17.982,3.352,0.641,504.047,44.983,32.161,1.192,30.958,0,normal,6
2026-09-12T09:41:36+00:00,PRESS-RTP41-DEMO,BATCH-DEMO-001,17.799,3.278,0.629,501.385,44.958,32.395,1.268,31.122,0,normal,6
2026-09-12T09:41:37+00:00,PRESS-RTP41-DEMO,BATCH-DEMO-001,18.163,3.554,0.676,497.972,44.583,32.2,1.157,31.016,0,normal,6
2026-09-12T09:41:38+00:00,PRESS-RTP41-DEMO,BATCH-DEMO-001,17.261,3.568,0.604,502.335,45.074,31.889,1.284,31.083,0,normal,6
2026-09-12T09:41:39+00:00,PRESS-RTP41-DEMO,BATCH-DEMO-001,17.944,3.411,0.66,498.318,45.322,31.816,1.09,30.894,0,normal,6
2026-09-12T09:41:40+00:00,PRESS-RTP41-DEMO,BATCH-DEMO-001,18.233,3.48,0.605,499.382,44.742,32.148,1.225,30.93,0,normal,6
2026-09-12T09:41:41+00:00,PRESS-RTP41-DEMO,BATCH-DEMO-001,18.052,3.585,0.676,502.34,44.825,31.916,1.13,31.13,0,normal,6
2026-09-12T09:41:42+00:00,PRESS-RTP41-DEMO,BATCH-DEMO-001,18.239,3.538,0.638,497.106,45.155,31.95,1.254,30.928,0,normal,6
2026-09-12T09:41:43+00:00,PRESS-RTP41-DEMO,BATCH-DEMO-001,17.51,3.495,0.645,497.551,45.12,31.726,1.269,30.982,0,normal,6
2026-09-12T09:41:44+00:00,PRESS-RTP41-DEMO,BATCH-DEMO-001,17.541,3.582,0.697,502.644,45.237,32.034,1.167,31.037,0,normal,6
2026-09-12T09:41:45+00:00,PRESS-RTP41-DEMO,BATCH-DEMO-001,17.853,3.463,0.641,501.315,45.077,31.499,1.197,30.951,0,normal,6
2026-09-12T09:41:46+00:00,PRESS-RTP41-DEMO,BATCH-DEMO-001,17.854,3.463,0.664,501.071,44.802,32.339,1.127,30.977,0,normal,6
2026-09-12T09:41:47+00:00,PRESS-RTP41-DEMO,BATCH-DEMO-001,18.185,3.232,0.594,501.878,45.217,31.981,1.151,30.975,0,normal,6
2026-09-12T09:41:48+00:00,PRESS-RTP41-DEMO,BATCH-DEMO-001,18.038,3.253,0.639,499.307,45.335,31.852,1.202,31.096,0,normal,6
2026-09-12T09:41:49+00:00,PRESS-RTP41-DEMO,BATCH-DEMO-001,17.915,3.652,0.591,498.038,44.77,31.776,1.081,31.139,0,normal,6
2026-09-12T09:41:50+00:00,PRESS-RTP41-DEMO,BATCH-DEMO-001,17.859,3.522,0.625,500.929,45.089,31.8,1.309,30.739,0,normal,6
2026-09-12T09:41:51+00:00,PRESS-RTP41-DEMO,BATCH-DEMO-001,17.882,3.56,0.719,501.549,44.977,31.961,1.204,31.047,0,normal,6
2026-09-12T09:41:52+00:00,PRESS-RTP41-DEMO,BATCH-DEMO-001,17.991,3.45,0.657,501.89,45.085,32.331,1.245,31.075,0,normal,6
2026-09-12T09:41:53+00:00,PRESS-RTP41-DEMO,BATCH-DEMO-001,17.884,3.512,0.617,498.928,45.062,32.003,1.381,30.939,0,normal,6
2026-09-12T09:41:54+00:00,PRESS-RTP41-DEMO,BATCH-DEMO-001,18.2,3.609,0.689,500.469,44.633,32.332,1.198,30.774,0,normal,6
2026-09-12T09:41:55+00:00,PRESS-RTP41-DEMO,BATCH-DEMO-001,18.718,3.611,0.677,498.551,45.048,32.299,1.211,30.994,0,normal,6
2026-09-12T09:41:56+00:00,PRESS-RTP41-DEMO,BATCH-DEMO-001,17.819,3.462,0.665,501.411,45.316,32.251,1.115,30.801,0,normal,6
2026-09-12T09:41:57+00:00,PRESS-RTP41-DEMO,BATCH-DEMO-001,17.912,3.428,0.668,499.016,44.973,32.021,1.302,30.936,0,normal,6
2026-09-12T09:41:58+00:00,PRESS-RTP41-DEMO,BATCH-DEMO-001,17.974,3.552,0.63,500.43,45.028,32.109,1.1,31.209,0,normal,6
2026-09-12T09:41:59+00:00,PRESS-RTP41-DEMO,BATCH-DEMO-001,17.854,3.759,0.658,501.185,44.583,32.1,1.11,30.98,0,normal,6
2026-09-12T09:42:00+00:00,PRESS-RTP41-DEMO,BATCH-DEMO-001,17.45,3.629,0.728,500.781,45.039,32.184,1.171,31.162,0,normal,6
2026-09-12T09:42:01+00:00,PRESS-RTP41-DEMO,BATCH-DEMO-001,18.217,3.527,0.636,500.329,44.914,32.201,1.114,30.991,0,normal,6
2026-09-12T09:42:02+00:00,PRESS-RTP41-DEMO,BATCH-DEMO-001,18.532,3.497,0.595,500.097,45.063,32.196,1.268,31.226,0,normal,6
2026-09-12T09:42:03+00:00,PRESS-RTP41-DEMO,BATCH-DEMO-001,17.955,3.582,0.626,503.213,45.207,32.137,1.214,31.108,0,normal,6
2026-09-12T09:42:04+00:00,PRESS-RTP41-DEMO,BATCH-DEMO-001,18.096,3.29,0.61,499.988,44.991,32.325,1.248,30.999,0,normal,6
2026-09-12T09:42:05+00:00,PRESS-RTP41-DEMO,BATCH-DEMO-001,18.339,3.353,0.63,501.044,45.059,31.886,1.178,30.987,0,normal,6
2026-09-12T09:42:06+00:00,PRESS-RTP41-DEMO,BATCH-DEMO-001,17.935,3.432,0.585,499.679,44.97,32.362,1.206,30.999,0,normal,6
2026-09-12T09:42:07+00:00,PRESS-RTP41-DEMO,BATCH-DEMO-001,17.825,3.62,0.607,503.555,44.524,32.069,1.236,31.106,0,normal,6
2026-09-12T09:42:08+00:00,PRESS-RTP41-DEMO,BATCH-DEMO-001,17.956,3.604,0.644,499.808,45.079,31.685,1.218,31.146,0,normal,6
2026-09-12T09:42:09+00:00,PRESS-RTP41-DEMO,BATCH-DEMO-001,17.978,3.626,0.624,503.645,44.784,31.693,1.176,31.127,0,normal,6
2026-09-12T09:42:10+00:00,PRESS-RTP41-DEMO,BATCH-DEMO-001,18.328,3.46,0.643,502.181,44.846,32.147,1.115,30.966,0,normal,6
2026-09-12T09:42:11+00:00,PRESS-RTP41-DEMO,BATCH-DEMO-001,17.681,3.307,0.672,498.935,44.807,32.144,1.166,30.893,0,normal,6
2026-09-12T09:42:12+00:00,PRESS-RTP41-DEMO,BATCH-DEMO-001,18.036,3.652,0.688,495.181,45.268,32.15,1.225,30.965,0,normal,6
2026-09-12T09:42:13+00:00,PRESS-RTP41-DEMO,BATCH-DEMO-001,17.764,3.604,0.642,499.67,45.204,32.101,1.243,30.967,0,normal,6
2026-09-12T09:42:14+00:00,PRESS-RTP41-DEMO,BATCH-DEMO-001,18.023,3.485,0.614,499.807,44.906,31.657,1.241,30.899,0,normal,6
2026-09-12T09:42:15+00:00,PRESS-RTP41-DEMO,BATCH-DEMO-001,17.949,3.585,0.58,502.175,45.419,32.111,1.208,31.09,0,normal,6
2026-09-12T09:42:16+00:00,PRESS-RTP41-DEMO,BATCH-DEMO-001,17.969,3.625,0.622,499.92,44.771,32.218,1.191,30.978,0,normal,6
2026-09-12T09:42:17+00:00,PRESS-RTP41-DEMO,BATCH-DEMO-001,17.641,3.605,0.665,499.343,45.116,31.935,1.233,31.113,0,normal,6
2026-09-12T09:42:18+00:00,PRESS-RTP41-DEMO,BATCH-DEMO-001,18.386,3.294,0.607,497.301,44.741,31.717,1.09,31.051,0,normal,6
2026-09-12T09:42:19+00:00,PRESS-RTP41-DEMO,BATCH-DEMO-001,17.822,3.535,0.654,497.002,45.022,31.928,1.147,31.015,0,normal,6
2026-09-12T09:42:20+00:00,PRESS-RTP41-DEMO,BATCH-DEMO-001,17.795,3.552,0.674,497.152,44.86,31.528,1.108,30.997,0,normal,6
2026-09-12T09:42:21+00:00,PRESS-RTP41-DEMO,BATCH-DEMO-001,17.628,3.616,0.599,505.898,44.981,32.047,1.168,30.91,0,normal,6
2026-09-12T09:42:22+00:00,PRESS-RTP41-DEMO,BATCH-DEMO-001,18.34,3.672,0.645,499.346,44.846,31.743,1.213,30.797,0,normal,6
2026-09-12T09:42:23+00:00,PRESS-RTP41-DEMO,BATCH-DEMO-001,17.728,3.466,0.648,499.515,44.901,32.102,1.228,31.017,0,normal,6
2026-09-12T09:42:24+00:00,PRESS-RTP41-DEMO,BATCH-DEMO-001,18.03,3.343,0.733,498.997,45.13,32.015,1.239,30.853,0,normal,6
2026-09-12T09:42:25+00:00,PRESS-RTP41-DEMO,BATCH-DEMO-001,18.035,3.358,0.605,498.013,44.773,31.874,1.222,31.051,0,normal,6
2026-09-12T09:42:26+00:00,PRESS-RTP41-DEMO,BATCH-DEMO-001,18.247,3.654,0.717,499.269,45.021,31.82,1.31,31.106,0,normal,6
2026-09-12T09:42:27+00:00,PRESS-RTP41-DEMO,BATCH-DEMO-001,18.305,3.43,0.665,498.458,44.984,32.254,1.195,31.029,0,normal,6
2026-09-12T09:42:28+00:00,PRESS-RTP41-DEMO,BATCH-DEMO-001,17.925,3.343,0.627,497.272,45.084,31.982,1.227,30.701,0,normal,6
2026-09-12T09:42:29+00:00,PRESS-RTP41-DEMO,BATCH-DEMO-001,17.726,3.843,0.644,499.765,44.93,32.423,1.136,30.92,0,normal,6
2026-09-12T09:42:30+00:00,PRESS-RTP41-DEMO,BATCH-DEMO-001,18.27,3.52,0.674,502.504,45.091,31.756,1.262,31.001,0,normal,6
2026-09-12T09:42:31+00:00,PRESS-RTP41-DEMO,BATCH-DEMO-001,17.87,3.455,0.679,499.994,45.281,31.785,1.175,31.208,0,normal,6
2026-09-12T09:42:32+00:00,PRESS-RTP41-DEMO,BATCH-DEMO-001,18.164,3.328,0.663,496.988,45.035,31.911,1.194,30.942,0,normal,6
2026-09-12T09:42:33+00:00,PRESS-RTP41-DEMO,BATCH-DEMO-001,17.454,3.542,0.707,500.099,45.152,31.943,1.207,31.058,0,normal,6
2026-09-12T09:42:34+00:00,PRESS-RTP41-DEMO,BATCH-DEMO-001,18.254,3.401,0.694,497.452,45.082,31.945,1.164,30.926,0,normal,6
2026-09-12T09:42:35+00:00,PRESS-RTP41-DEMO,BATCH-DEMO-001,18.088,3.232,0.603,496.393,44.95,31.909,1.389,31.003,0,normal,6
2026-09-12T09:42:36+00:00,PRESS-RTP41-DEMO,BATCH-DEMO-001,18.021,3.442,0.701,500.906,45.157,32.293,1.359,31.065,0,normal,6
2026-09-12T09:42:37+00:00,PRESS-RTP41-DEMO,BATCH-DEMO-001,18.097,3.638,0.603,499.408,45.409,31.62,1.243,31.028,0,normal,6
2026-09-12T09:42:38+00:00,PRESS-RTP41-DEMO,BATCH-DEMO-001,18.099,3.558,0.698,499.157,44.801,31.651,1.277,30.8,0,normal,6
2026-09-12T09:42:39+00:00,PRESS-RTP41-DEMO,BATCH-DEMO-001,17.688,3.758,0.646,499.666,45.143,32.238,1.136,30.948,0,normal,6
2026-09-12T09:42:40+00:00,PRESS-RTP41-DEMO,BATCH-DEMO-001,17.632,3.432,0.619,500.331,45.222,32.142,1.105,31.075,0,normal,6
2026-09-12T09:42:41+00:00,PRESS-RTP41-DEMO,BATCH-DEMO-001,18.288,3.605,0.712,497.563,45.107,32.249,1.189,31.013,0,normal,6
2026-09-12T09:42:42+00:00,PRESS-RTP41-DEMO,BATCH-DEMO-001,18.147,3.513,0.706,500.294,44.726,32.096,1.286,30.637,0,normal,6
2026-09-12T09:42:43+00:00,PRESS-RTP41-DEMO,BATCH-DEMO-001,17.632,3.585,0.674,498.907,45.071,32.442,1.115,31.118,0,normal,6
2026-09-12T09:42:44+00:00,PRESS-RTP41-DEMO,BATCH-DEMO-001,17.841,3.416,0.576,499.49,44.978,32.003,1.257,31.176,0,normal,6
2026-09-12T09:42:45+00:00,PRESS-RTP41-DEMO,BATCH-DEMO-001,17.884,3.67,0.632,498.592,44.894,31.798,1.187,31.013,0,normal,6
2026-09-12T09:42:46+00:00,PRESS-RTP41-DEMO,BATCH-DEMO-001,18.539,3.647,0.693,499.406,45.001,32.159,1.288,30.916,0,normal,6
2026-09-12T09:42:47+00:00,PRESS-RTP41-DEMO,BATCH-DEMO-001,17.574,3.624,0.641,498.546,44.758,32.296,1.379,31.001,0,normal,6
2026-09-12T09:42:48+00:00,PRESS-RTP41-DEMO,BATCH-DEMO-001,17.926,3.612,0.696,502.524,44.978,31.932,1.124,31.147,0,normal,6
2026-09-12T09:42:49+00:00,PRESS-RTP41-DEMO,BATCH-DEMO-001,17.706,3.564,0.693,501.177,44.822,32.089,1.313,30.935,0,normal,6
2026-09-12T09:42:50+00:00,PRESS-RTP41-DEMO,BATCH-DEMO-001,18.56,3.456,0.665,498.59,45.171,31.792,1.245,31.089,0,normal,6
2026-09-12T09:42:51+00:00,PRESS-RTP41-DEMO,BATCH-DEMO-001,17.937,3.371,0.602,500.024,44.948,32.389,0.947,31.237,0,normal,6
2026-09-12T09:42:52+00:00,PRESS-RTP41-DEMO,BATCH-DEMO-001,18.197,3.479,0.689,500.486,44.663,32.098,1.28,30.977,0,normal,6
2026-09-12T09:42:53+00:00,PRESS-RTP41-DEMO,BATCH-DEMO-001,17.873,3.468,0.605,498.732,44.562,32.053,1.332,30.831,0,normal,6
2026-09-12T09:42:54+00:00,PRESS-RTP41-DEMO,BATCH-DEMO-001,18.06,3.529,0.648,502.723,44.909,32.098,1.106,31.089,0,normal,6
2026-09-12T09:42:55+00:00,PRESS-RTP41-DEMO,BATCH-DEMO-001,18.29,3.509,0.689,500.97,45.24,31.862,1.275,31.227,0,normal,6
2026-09-12T09:42:56+00:00,PRESS-RTP41-DEMO,BATCH-DEMO-001,17.418,3.743,0.732,497.36,44.936,31.879,1.294,30.917,0,normal,6
2026-09-12T09:42:57+00:00,PRESS-RTP41-DEMO,BATCH-DEMO-001,18.337,3.454,0.664,503.259,44.962,31.502,1.122,31.085,0,normal,6
2026-09-12T09:42:58+00:00,PRESS-RTP41-DEMO,BATCH-DEMO-001,17.924,3.373,0.684,504.114,44.845,32.085,1.202,31.146,0,normal,6
2026-09-12T09:42:59+00:00,PRESS-RTP41-DEMO,BATCH-DEMO-001,18.648,3.588,0.68,496.026,45.035,31.897,1.23,31.14,0,normal,6
2026-09-12T09:43:00+00:00,PRESS-RTP41-DEMO,BATCH-DEMO-001,18.176,3.69,0.756,503.114,44.96,32.035,1.253,30.94,0,normal,6
2026-09-12T09:43:01+00:00,PRESS-RTP41-DEMO,BATCH-DEMO-001,18.74,3.602,0.621,495.629,45.167,32.276,1.199,30.955,0,normal,6
2026-09-12T09:43:02+00:00,PRESS-RTP41-DEMO,BATCH-DEMO-001,18.121,3.31,0.609,496.676,45.223,31.706,1.148,30.967,0,normal,6
2026-09-12T09:43:03+00:00,PRESS-RTP41-DEMO,BATCH-DEMO-001,18.139,3.555,0.668,497.832,45.164,32.29,1.159,30.983,0,normal,6
2026-09-12T09:43:04+00:00,PRESS-RTP41-DEMO,BATCH-DEMO-001,17.707,3.419,0.603,497.019,44.912,32.098,1.242,30.723,0,normal,6
2026-09-12T09:43:05+00:00,PRESS-RTP41-DEMO,BATCH-DEMO-001,18.404,3.697,0.599,504.641,44.96,31.932,1.23,31.099,0,normal,6
2026-09-12T09:43:06+00:00,PRESS-RTP41-DEMO,BATCH-DEMO-001,18.041,3.655,0.608,500.205,44.721,31.717,1.155,30.935,0,normal,6
2026-09-12T09:43:07+00:00,PRESS-RTP41-DEMO,BATCH-DEMO-001,18.235,3.432,0.695,498.685,45.343,31.937,1.396,30.842,0,normal,6
2026-09-12T09:43:08+00:00,PRESS-RTP41-DEMO,BATCH-DEMO-001,18.812,3.575,0.616,501.801,45.061,31.927,1.167,30.924,0,normal,6
2026-09-12T09:43:09+00:00,PRESS-RTP41-DEMO,BATCH-DEMO-001,18.281,3.448,0.635,500.501,44.743,31.947,1.246,30.991,0,normal,6
2026-09-12T09:43:10+00:00,PRESS-RTP41-DEMO,BATCH-DEMO-001,18.057,3.234,0.607,497.326,45.014,31.976,1.202,31.284,0,normal,6
2026-09-12T09:43:11+00:00,PRESS-RTP41-DEMO,BATCH-DEMO-001,17.858,3.504,0.665,501.223,45.118,32.072,1.163,30.912,0,normal,6
2026-09-12T09:43:12+00:00,PRESS-RTP41-DEMO,BATCH-DEMO-001,17.963,3.511,0.603,500.056,44.951,31.924,1.274,30.993,0,normal,6
2026-09-12T09:43:13+00:00,PRESS-RTP41-DEMO,BATCH-DEMO-001,18.018,3.55,0.598,498.65,45.11,31.97,1.144,31.145,0,normal,6
2026-09-12T09:43:14+00:00,PRESS-RTP41-DEMO,BATCH-DEMO-001,18.194,3.361,0.674,500.574,44.863,32.017,1.265,31.025,0,normal,6
2026-09-12T09:43:15+00:00,PRESS-RTP41-DEMO,BATCH-DEMO-001,18.094,3.592,0.682,499.963,44.76,32.1,1.264,31.0,0,normal,6
2026-09-12T09:43:16+00:00,PRESS-RTP41-DEMO,BATCH-DEMO-001,17.725,3.554,0.69,499.469,45.099,32.129,1.381,30.977,0,normal,6
2026-09-12T09:43:17+00:00,PRESS-RTP41-DEMO,BATCH-DEMO-001,18.322,3.378,0.615,500.325,45.047,31.663,1.226,30.835,0,normal,6
2026-09-12T09:43:18+00:00,PRESS-RTP41-DEMO,BATCH-DEMO-001,18.423,3.474,0.716,495.673,45.26,32.206,1.247,30.982,0,normal,6
2026-09-12T09:43:19+00:00,PRESS-RTP41-DEMO,BATCH-DEMO-001,17.749,3.474,0.646,501.955,45.054,31.988,1.24,30.859,0,normal,6
2026-09-12T09:43:20+00:00,PRESS-RTP41-DEMO,BATCH-DEMO-001,17.991,3.505,0.613,502.707,44.952,31.55,1.134,31.206,0,normal,6
2026-09-12T09:43:21+00:00,PRESS-RTP41-DEMO,BATCH-DEMO-001,17.97,3.691,0.606,497.975,45.002,32.37,1.222,30.982,0,normal,6
2026-09-12T09:43:22+00:00,PRESS-RTP41-DEMO,BATCH-DEMO-001,17.684,3.507,0.656,500.094,45.01,32.47,1.269,31.008,0,normal,6
2026-09-12T09:43:23+00:00,PRESS-RTP41-DEMO,BATCH-DEMO-001,18.109,3.463,0.649,500.38,45.019,31.66,1.224,30.854,0,normal,6
2026-09-12T09:43:24+00:00,PRESS-RTP41-DEMO,BATCH-DEMO-001,18.22,3.695,0.677,500.207,44.747,32.288,1.214,30.805,0,normal,6
2026-09-12T09:43:25+00:00,PRESS-RTP41-DEMO,BATCH-DEMO-001,18.326,3.536,0.693,498.729,44.607,32.36,1.115,30.867,0,normal,6
2026-09-12T09:43:26+00:00,PRESS-RTP41-DEMO,BATCH-DEMO-001,18.301,3.517,0.628,499.711,44.881,32.308,1.088,31.272,0,normal,6
2026-09-12T09:43:27+00:00,PRESS-RTP41-DEMO,BATCH-DEMO-001,17.683,3.624,0.643,498.683,45.042,32.176,1.192,30.937,0,normal,6
2026-09-12T09:43:28+00:00,PRESS-RTP41-DEMO,BATCH-DEMO-001,18.171,3.527,0.684,499.846,45.139,31.761,1.174,30.998,0,normal,6
2026-09-12T09:43:29+00:00,PRESS-RTP41-DEMO,BATCH-DEMO-001,18.035,3.373,0.712,500.843,44.819,31.824,1.306,30.969,0,normal,6
2026-09-12T09:43:30+00:00,PRESS-RTP41-DEMO,BATCH-DEMO-001,18.408,3.546,0.696,502.086,45.319,32.263,1.249,30.848,0,normal,6
2026-09-12T09:43:31+00:00,PRESS-RTP41-DEMO,BATCH-DEMO-001,18.556,3.468,0.673,500.635,45.069,31.89,1.172,31.035,0,normal,6
2026-09-12T09:43:32+00:00,PRESS-RTP41-DEMO,BATCH-DEMO-001,17.885,3.583,0.643,500.527,45.105,32.216,1.216,31.056,0,normal,6
2026-09-12T09:43:33+00:00,PRESS-RTP41-DEMO,BATCH-DEMO-001,17.764,3.432,0.638,502.114,44.76,31.321,1.242,31.083,0,normal,6
2026-09-12T09:43:34+00:00,PRESS-RTP41-DEMO,BATCH-DEMO-001,17.745,3.42,0.696,500.1,44.955,32.39,1.163,31.185,0,normal,6
2026-09-12T09:43:35+00:00,PRESS-RTP41-DEMO,BATCH-DEMO-001,18.092,3.489,0.567,499.162,45.063,31.446,1.226,30.97,0,normal,6
2026-09-12T09:43:36+00:00,PRESS-RTP41-DEMO,BATCH-DEMO-001,18.001,3.401,0.648,496.28,44.71,31.823,1.126,30.942,0,normal,6
2026-09-12T09:43:37+00:00,PRESS-RTP41-DEMO,BATCH-DEMO-001,18.134,3.291,0.671,499.985,44.874,32.104,1.17,30.85,0,normal,6
2026-09-12T09:43:38+00:00,PRESS-RTP41-DEMO,BATCH-DEMO-001,18.235,3.447,0.672,499.838,44.755,32.273,1.187,31.06,0,normal,6
2026-09-12T09:43:39+00:00,PRESS-RTP41-DEMO,BATCH-DEMO-001,17.645,3.513,0.624,500.444,44.845,32.164,1.129,31.192,0,normal,6
2026-09-12T09:43:40+00:00,PRESS-RTP41-DEMO,BATCH-DEMO-001,17.936,3.522,0.616,501.299,45.06,32.004,1.18,30.751,0,normal,6
2026-09-12T09:43:41+00:00,PRESS-RTP41-DEMO,BATCH-DEMO-001,18.338,3.589,0.649,500.252,44.903,31.965,1.268,30.877,0,normal,6
2026-09-12T09:43:42+00:00,PRESS-RTP41-DEMO,BATCH-DEMO-001,17.301,3.303,0.711,501.185,44.929,31.893,1.272,31.123,0,normal,6
2026-09-12T09:43:43+00:00,PRESS-RTP41-DEMO,BATCH-DEMO-001,17.773,3.655,0.655,497.793,44.845,32.203,1.153,30.95,0,normal,6
2026-09-12T09:43:44+00:00,PRESS-RTP41-DEMO,BATCH-DEMO-001,18.309,3.612,0.665,501.841,45.302,32.122,1.161,31.027,0,normal,6
2026-09-12T09:43:45+00:00,PRESS-RTP41-DEMO,BATCH-DEMO-001,18.254,3.477,0.668,497.859,44.951,32.211,1.285,30.686,0,normal,6
2026-09-12T09:43:46+00:00,PRESS-RTP41-DEMO,BATCH-DEMO-001,17.872,3.465,0.622,503.01,45.158,31.953,1.184,31.105,0,normal,6
2026-09-12T09:43:47+00:00,PRESS-RTP41-DEMO,BATCH-DEMO-001,17.856,3.495,0.701,500.262,44.947,31.67,1.157,31.091,0,normal,6
2026-09-12T09:43:48+00:00,PRESS-RTP41-DEMO,BATCH-DEMO-001,18.14,3.743,0.688,497.2,44.836,32.152,1.272,30.88,0,normal,6
2026-09-12T09:43:49+00:00,PRESS-RTP41-DEMO,BATCH-DEMO-001,17.937,3.437,0.603,500.098,44.919,32.235,1.411,31.024,0,normal,6
2026-09-12T09:43:50+00:00,PRESS-RTP41-DEMO,BATCH-DEMO-001,17.571,3.619,0.669,498.548,44.807,32.127,1.154,31.229,0,normal,6
2026-09-12T09:43:51+00:00,PRESS-RTP41-DEMO,BATCH-DEMO-001,18.166,3.604,0.656,499.83,45.118,32.424,1.287,31.055,0,normal,6
2026-09-12T09:43:52+00:00,PRESS-RTP41-DEMO,BATCH-DEMO-001,18.267,3.52,0.651,500.178,44.719,32.136,1.177,30.961,0,normal,6
2026-09-12T09:43:53+00:00,PRESS-RTP41-DEMO,BATCH-DEMO-001,17.876,3.501,0.617,500.856,44.934,32.033,1.242,31.067,0,normal,6
2026-09-12T09:43:54+00:00,PRESS-RTP41-DEMO,BATCH-DEMO-001,18.187,3.541,0.63,501.917,44.97,32.391,1.327,30.962,0,normal,6
2026-09-12T09:43:55+00:00,PRESS-RTP41-DEMO,BATCH-DEMO-001,17.916,3.541,0.673,497.149,45.224,31.978,1.321,31.064,0,normal,6
2026-09-12T09:43:56+00:00,PRESS-RTP41-DEMO,BATCH-DEMO-001,18.467,3.695,0.7,501.382,44.741,31.949,1.034,31.186,0,normal,6
2026-09-12T09:43:57+00:00,PRESS-RTP41-DEMO,BATCH-DEMO-001,18.501,3.41,0.627,500.785,44.799,32.456,1.15,30.974,0,normal,6
2026-09-12T09:43:58+00:00,PRESS-RTP41-DEMO,BATCH-DEMO-001,17.832,3.647,0.645,502.969,44.756,32.078,1.322,31.008,0,normal,6
2026-09-12T09:43:59+00:00,PRESS-RTP41-DEMO,BATCH-DEMO-001,18.171,3.523,0.653,503.308,44.775,32.039,1.188,30.851,0,normal,6
2026-09-12T09:44:00+00:00,PRESS-RTP41-DEMO,BATCH-DEMO-001,18.001,3.513,0.618,497.991,45.14,32.292,1.146,31.037,0,normal,6
2026-09-12T09:44:01+00:00,PRESS-RTP41-DEMO,BATCH-DEMO-001,18.191,3.706,0.63,497.469,44.652,32.058,1.269,31.115,0,normal,6
2026-09-12T09:44:02+00:00,PRESS-RTP41-DEMO,BATCH-DEMO-001,18.148,3.424,0.728,501.0,45.155,31.896,1.212,30.78,0,normal,6
2026-09-12T09:44:03+00:00,PRESS-RTP41-DEMO,BATCH-DEMO-001,18.546,3.398,0.596,500.686,44.893,31.911,1.246,31.117,0,normal,6
2026-09-12T09:44:04+00:00,PRESS-RTP41-DEMO,BATCH-DEMO-001,18.054,3.778,0.684,502.692,45.195,31.731,1.257,31.026,0,normal,6
2026-09-12T09:44:05+00:00,PRESS-RTP41-DEMO,BATCH-DEMO-001,18.151,3.643,0.649,506.181,45.254,32.138,1.22,31.213,0,normal,7
2026-09-12T09:44:06+00:00,PRESS-RTP41-DEMO,BATCH-DEMO-001,17.768,3.49,0.658,501.632,44.854,31.713,1.034,30.96,0,normal,6
2026-09-12T09:44:07+00:00,PRESS-RTP41-DEMO,BATCH-DEMO-001,18.418,3.51,0.633,501.535,45.332,32.242,1.185,30.942,0,normal,6
2026-09-12T09:44:08+00:00,PRESS-RTP41-DEMO,BATCH-DEMO-001,17.524,3.671,0.61,500.756,44.897,31.676,1.26,31.29,0,normal,6
2026-09-12T09:44:09+00:00,PRESS-RTP41-DEMO,BATCH-DEMO-001,18.017,3.507,0.685,496.936,45.138,31.983,1.278,31.171,0,normal,6
2026-09-12T09:44:10+00:00,PRESS-RTP41-DEMO,BATCH-DEMO-001,17.642,3.569,0.666,495.648,44.776,32.013,1.237,31.278,0,normal,6
2026-09-12T09:44:11+00:00,PRESS-RTP41-DEMO,BATCH-DEMO-001,17.613,3.599,0.647,499.502,44.631,32.342,1.198,30.971,0,normal,6
2026-09-12T09:44:12+00:00,PRESS-RTP41-DEMO,BATCH-DEMO-001,18.008,3.491,0.638,499.764,44.962,32.046,1.163,30.952,0,normal,6
2026-09-12T09:44:13+00:00,PRESS-RTP41-DEMO,BATCH-DEMO-001,17.762,3.498,0.638,499.386,45.128,31.681,1.217,30.902,0,normal,6
2026-09-12T09:44:14+00:00,PRESS-RTP41-DEMO,BATCH-DEMO-001,18.564,3.585,0.642,502.976,45.153,31.792,1.205,30.858,0,normal,6
2026-09-12T09:44:15+00:00,PRESS-RTP41-DEMO,BATCH-DEMO-001,17.737,3.555,0.587,503.302,45.116,31.778,1.283,31.195,0,normal,6
2026-09-12T09:44:16+00:00,PRESS-RTP41-DEMO,BATCH-DEMO-001,18.009,3.622,0.67,497.226,44.759,32.379,1.23,30.886,0,normal,6
2026-09-12T09:44:17+00:00,PRESS-RTP41-DEMO,BATCH-DEMO-001,18.21,3.474,0.637,500.405,44.859,31.912,1.105,30.903,0,normal,6
2026-09-12T09:44:18+00:00,PRESS-RTP41-DEMO,BATCH-DEMO-001,18.087,3.641,0.661,502.605,45.038,31.626,1.199,30.771,0,normal,6
2026-09-12T09:44:19+00:00,PRESS-RTP41-DEMO,BATCH-DEMO-001,17.86,3.277,0.637,499.536,44.745,31.773,1.104,31.071,0,normal,6
2026-09-12T09:44:20+00:00,PRESS-RTP41-DEMO,BATCH-DEMO-001,17.823,3.428,0.619,503.699,44.706,31.743,1.239,31.216,0,normal,6
2026-09-12T09:44:21+00:00,PRESS-RTP41-DEMO,BATCH-DEMO-001,18.047,3.373,0.654,501.04,45.046,32.329,1.229,30.965,0,normal,6
2026-09-12T09:44:22+00:00,PRESS-RTP41-DEMO,BATCH-DEMO-001,18.359,3.613,0.57,497.604,44.716,31.924,1.106,30.777,0,normal,6
2026-09-12T09:44:23+00:00,PRESS-RTP41-DEMO,BATCH-DEMO-001,17.889,3.587,0.676,499.41,45.309,32.04,1.236,31.12,0,normal,6
2026-09-12T09:44:24+00:00,PRESS-RTP41-DEMO,BATCH-DEMO-001,17.955,3.145,0.665,499.234,45.094,32.313,1.026,30.948,0,normal,6
2026-09-12T09:44:25+00:00,PRESS-RTP41-DEMO,BATCH-DEMO-001,18.219,3.462,0.693,495.922,45.106,32.214,1.108,31.034,0,normal,6
2026-09-12T09:44:26+00:00,PRESS-RTP41-DEMO,BATCH-DEMO-001,17.458,3.512,0.657,497.583,45.088,31.929,1.091,31.053,0,normal,6
2026-09-12T09:44:27+00:00,PRESS-RTP41-DEMO,BATCH-DEMO-001,17.943,3.467,0.591,495.522,44.951,32.24,1.318,31.057,0,normal,6
2026-09-12T09:44:28+00:00,PRESS-RTP41-DEMO,BATCH-DEMO-001,18.186,3.494,0.641,497.418,44.883,32.156,1.198,30.843,0,normal,6
2026-09-12T09:44:29+00:00,PRESS-RTP41-DEMO,BATCH-DEMO-001,17.449,3.445,0.649,500.442,44.897,31.728,1.157,30.845,0,normal,6
2026-09-12T09:44:30+00:00,PRESS-RTP41-DEMO,BATCH-DEMO-001,17.544,3.412,0.671,502.82,45.001,32.022,1.07,30.815,0,normal,6
2026-09-12T09:44:31+00:00,PRESS-RTP41-DEMO,BATCH-DEMO-001,18.159,3.599,0.706,502.607,45.384,32.188,1.132,31.059,0,normal,6
2026-09-12T09:44:32+00:00,PRESS-RTP41-DEMO,BATCH-DEMO-001,18.086,3.54,0.612,503.86,44.967,31.623,1.146,31.054,0,normal,6
2026-09-12T09:44:33+00:00,PRESS-RTP41-DEMO,BATCH-DEMO-001,17.36,3.501,0.683,499.423,45.002,31.764,1.163,31.002,0,normal,6
2026-09-12T09:44:34+00:00,PRESS-RTP41-DEMO,BATCH-DEMO-001,18.21,3.481,0.646,500.09,45.231,32.098,1.126,31.18,0,normal,6
2026-09-12T09:44:35+00:00,PRESS-RTP41-DEMO,BATCH-DEMO-001,17.704,3.575,0.691,502.247,44.871,32.202,1.157,31.085,0,normal,6
2026-09-12T09:44:36+00:00,PRESS-RTP41-DEMO,BATCH-DEMO-001,18.335,3.708,0.67,498.814,45.033,31.669,1.134,31.017,0,normal,6
2026-09-12T09:44:37+00:00,PRESS-RTP41-DEMO,BATCH-DEMO-001,18.337,3.683,0.665,502.343,45.603,31.536,1.338,31.022,0,normal,6
2026-09-12T09:44:38+00:00,PRESS-RTP41-DEMO,BATCH-DEMO-001,18.268,3.31,0.694,497.602,44.518,32.185,1.18,31.02,0,normal,6
2026-09-12T09:44:39+00:00,PRESS-RTP41-DEMO,BATCH-DEMO-001,17.633,3.348,0.64,504.427,44.795,31.979,1.266,31.19,0,normal,6
2026-09-12T09:44:40+00:00,PRESS-RTP41-DEMO,BATCH-DEMO-001,17.956,3.533,0.612,498.406,45.269,32.065,1.292,30.857,0,normal,6
2026-09-12T09:44:41+00:00,PRESS-RTP41-DEMO,BATCH-DEMO-001,18.097,3.673,0.718,500.261,44.759,31.645,1.109,31.021,0,normal,6
2026-09-12T09:44:42+00:00,PRESS-RTP41-DEMO,BATCH-DEMO-001,18.291,3.316,0.609,498.94,45.098,31.809,1.236,31.078,0,normal,6
2026-09-12T09:44:43+00:00,PRESS-RTP41-DEMO,BATCH-DEMO-001,18.07,3.615,0.649,500.323,44.976,32.067,1.238,31.193,0,normal,6
2026-09-12T09:44:44+00:00,PRESS-RTP41-DEMO,BATCH-DEMO-001,17.691,3.628,0.635,502.274,45.26,31.967,1.086,31.002,0,normal,6
2026-09-12T09:44:45+00:00,PRESS-RTP41-DEMO,BATCH-DEMO-001,18.036,3.59,0.686,500.214,45.16,31.627,1.312,31.049,0,normal,6
2026-09-12T09:44:46+00:00,PRESS-RTP41-DEMO,BATCH-DEMO-001,17.845,3.53,0.626,498.935,44.787,31.631,1.256,31.024,0,normal,6
2026-09-12T09:44:47+00:00,PRESS-RTP41-DEMO,BATCH-DEMO-001,18.52,3.642,0.595,497.998,44.92,32.176,1.208,30.981,0,normal,6
2026-09-12T09:44:48+00:00,PRESS-RTP41-DEMO,BATCH-DEMO-001,18.087,3.597,0.667,500.229,44.989,31.631,1.103,31.027,0,normal,6
2026-09-12T09:44:49+00:00,PRESS-RTP41-DEMO,BATCH-DEMO-001,17.628,3.541,0.669,499.73,44.913,32.28,1.144,31.043,0,normal,6
2026-09-12T09:44:50+00:00,PRESS-RTP41-DEMO,BATCH-DEMO-001,18.286,3.421,0.652,500.145,44.682,31.945,1.237,30.911,0,normal,6
2026-09-12T09:44:51+00:00,PRESS-RTP41-DEMO,BATCH-DEMO-001,17.641,3.311,0.626,496.582,44.957,32.321,1.262,31.146,0,normal,6
2026-09-12T09:44:52+00:00,PRESS-RTP41-DEMO,BATCH-DEMO-001,18.141,3.814,0.591,501.403,44.838,32.242,1.172,30.803,0,normal,6
2026-09-12T09:44:53+00:00,PRESS-RTP41-DEMO,BATCH-DEMO-001,18.148,3.608,0.559,500.559,45.097,32.471,1.084,31.065,0,normal,6
2026-09-12T09:44:54+00:00,PRESS-RTP41-DEMO,BATCH-DEMO-001,17.868,3.551,0.601,498.426,44.81,31.705,1.043,31.245,0,normal,6
2026-09-12T09:44:55+00:00,PRESS-RTP41-DEMO,BATCH-DEMO-001,17.418,3.453,0.654,497.76,44.833,31.999,1.247,31.094,0,normal,6
2026-09-12T09:44:56+00:00,PRESS-RTP41-DEMO,BATCH-DEMO-001,17.835,3.583,0.629,502.581,44.964,31.97,1.16,31.033,0,normal,6
2026-09-12T09:44:57+00:00,PRESS-RTP41-DEMO,BATCH-DEMO-001,18.301,3.643,0.658,502.226,44.775,32.091,1.003,30.839,0,normal,6
2026-09-12T09:44:58+00:00,PRESS-RTP41-DEMO,BATCH-DEMO-001,18.15,3.442,0.628,497.643,45.357,32.102,1.207,30.873,0,normal,6
2026-09-12T09:44:59+00:00,PRESS-RTP41-DEMO,BATCH-DEMO-001,18.255,3.282,0.638,497.258,44.718,32.12,1.062,30.93,0,normal,6
