timestamp,machine_id,batch_id,main_compression_force_kn,precompression_force_kn,ejection_force_kn,tablet_weight_mg,turret_speed_rpm,feeder_speed_rpm,vibration_rms_mm_s,bearing_temp_c,reject_flag
2026-09-13T09:00:00+00:00,PRESS-RTP41-DEMO,BATCH-DEMO-002,18.269,3.421,0.699,500.442,44.917,32.173,1.017,31.015,0
2026-09-13T09:00:01+00:00,PRESS-RTP41-DEMO,BATCH-DEMO-002,18.287,3.609,0.638,498.885,45.116,32.119,1.168,31.105,0
2026-09-13T09:00:02+00:00,PRESS-RTP41-DEMO,BATCH-DEMO-002,18.047,3.652,0.632,498.411,44.376,32.222,1.155,31.15,0
2026-09-13T09:00:03+00:00,PRESS-RTP41-DEMO,BATCH-DEMO-002,18.178,3.579,0.619,501.973,44.889,32.232,1.267,31.236,0
2026-09-13T09:00:04+00:00,PRESS-RTP41-DEMO,BATCH-DEMO-002,17.571,3.51,0.679,496.268,44.82,32.025,1.032,30.717,0
2026-09-13T09:00:05+00:00,PRESS-RTP41-DEMO,BATCH-DEMO-002,17.109,3.527,0.71,497.298,45.206,31.607,1.13,31.03,0
2026-09-13T09:00:06+00:00,PRESS-RTP41-DEMO,BATCH-DEMO-002,18.09,3.637,0.564,502.557,45.04,32.223,1.173,30.761,0
2026-09-13T09:00:07+00:00,PRESS-RTP41-DEMO,BATCH-DEMO-002,18.297,3.544,0.664,496.993,45.032,32.023,1.326,31.037,0
2026-09-13T09:00:08+00:00,PRESS-RTP41-DEMO,BATCH-DEMO-002,17.57,3.425,0.66,498.163,45.141,31.684,1.221,31.205,0
2026-09-13T09:00:09+00:00,PRESS-RTP41-DEMO,BATCH-DEMO-002,18.026,3.68,0.694,496.058,45.354,31.967,1.165,31.067,0
2026-09-13T09:00:10+00:00,PRESS-RTP41-DEMO,BATCH-DEMO-002,17.004,3.524,0.658,502.384,44.893,32.354,1.131,30.627,0
2026-09-13T09:00:11+00:00,PRESS-RTP41-DEMO,BATCH-DEMO-002,18.869,3.535,0.66,499.375,44.8,32.044,1.12,31.327,0
2026-09-13T09:00:12+00:00,PRESS-RTP41-DEMO,BATCH-DEMO-002,17.893,3.562,0.548,501.395,44.518,31.567,1.275,30.991,0
2026-09-13T09:00:13+00:00,PRESS-RTP41-DEMO,BATCH-DEMO-002,18.176,3.491,0.613,496.739,44.856,31.923,1.236,31.035,0
2026-09-13T09:00:14+00:00,PRESS-RTP41-DEMO,BATCH-DEMO-002,17.871,3.533,0.65,495.026,44.971,32.198,1.142,30.958,0
2026-09-13T09:00:15+00:00,PRESS-RTP41-DEMO,BATCH-DEMO-002,18.25,3.393,0.7,499.714,45.085,31.891,1.257,31.095,0
2026-09-13T09:00:16+00:00,PRESS-RTP41-DEMO,BATCH-DEMO-002,18.344,3.42,0.645,499.156,44.896,32.279,1.299,30.926,0
2026-09-13T09:00:17+00:00,PRESS-RTP41-DEMO,BATCH-DEMO-002,18.446,3.373,0.65,501.318,45.103,31.578,1.425,31.12,0
2026-09-13T09:00:18+00:00,PRESS-RTP41-DEMO,BATCH-DEMO-002,17.776,3.479,0.669,501.022,45.738,31.516,1.213,31.139,0
2026-09-13T09:00:19+00:00,PRESS-RTP41-DEMO,BATCH-DEMO-002,17.67,3.503,0.724,499.496,45.114,31.81,1.326,30.792,0
2026-09-13T09:00:20+00:00,PRESS-RTP41-DEMO,BATCH-DEMO-002,17.945,3.469,0.692,504.23,44.538,32.121,1.192,30.923,0
2026-09-13T09:00:21+00:00,PRESS-RTP41-DEMO,BATCH-DEMO-002,18.175,3.528,0.678,501.122,44.977,31.979,1.361,30.904,0
2026-09-13T09:00:22+00:00,PRESS-RTP41-DEMO,BATCH-DEMO-002,17.59,3.503,0.707,503.67,44.594,31.518,1.197,31.069,0
2026-09-13T09:00:23+00:00,PRESS-RTP41-DEMO,BATCH-DEMO-002,17.552,3.541,0.661,499.517,45.119,32.161,1.276,30.959,0
2026-09-13T09:00:24+00:00,PRESS-RTP41-DEMO,BATCH-DEMO-002,17.817,3.404,0.613,499.971,44.86,32.06,1.036,31.062,0
2026-09-13T09:00:25+00:00,PRESS-RTP41-DEMO,BATCH-DEMO-002,17.656,3.53,0.628,498.352,44.778,32.24,1.161,31.177,0
2026-09-13T09:00:26+00:00,PRESS-RTP41-DEMO,BATCH-DEMO-002,17.882,3.546,0.667,499.324,44.841,31.824,1.248,30.804,0
2026-09-13T09:00:27+00:00,PRESS-RTP41-DEMO,BATCH-DEMO-002,18.05,3.482,0.572,497.552,45.149,31.98,1.184,31.242,0
2026-09-13T09:00:28+00:00,PRESS-RTP41-DEMO,BATCH-DEMO-002,17.785,3.475,0.671,498.838,44.579,31.92,1.185,30.922,0
2026-09-13T09:00:29+00:00,PRESS-RTP41-DEMO,BATCH-DEMO-002,18.928,3.343,0.731,503.117,44.786,31.95,1.003,31.08,0
2026-09-13T09:00:30+00:00,PRESS-RTP41-DEMO,BATCH-DEMO-002,17.259,3.552,0.593,502.202,44.63,31.941,1.433,31.358,0
2026-09-13T09:00:31+00:00,PRESS-RTP41-DEMO,BATCH-DEMO-002,17.152,3.556,0.677,501.928,44.484,32.583,1.145,30.933,0
2026-09-13T09:00:32+00:00,PRESS-RTP41-DEMO,BATCH-DEMO-002,17.389,3.558,0.619,502.903,44.765,32.552,1.095,30.941,0
2026-09-13T09:00:33+00:00,PRESS-RTP41-DEMO,BATCH-DEMO-002,17.011,3.579,0.696,500.145,44.626,32.511,1.269,31.025,0
2026-09-13T09:00:34+00:00,PRESS-RTP41-DEMO,BATCH-DEMO-002,18.389,3.342,0.756,494.894,44.805,32.101,1.221,30.912,0
2026-09-13T09:00:35+00:00,PRESS-RTP41-DEMO,BATCH-DEMO-002,18.567,3.382,0.632,502.726,45.172,31.805,1.312,30.522,0
2026-09-13T09:00:36+00:00,PRESS-RTP41-DEMO,BATCH-DEMO-002,17.361,3.547,0.612,495.352,45.581,31.981,1.334,30.863,0
2026-09-13T09:00:37+00:00,PRESS-RTP41-DEMO,BATCH-DEMO-002,17.829,3.407,0.702,498.533,45.796,31.891,1.234,30.825,0
2026-09-13T09:00:38+00:00,PRESS-RTP41-DEMO,BATCH-DEMO-002,18.168,3.534,0.669,495.516,45.042,31.68,1.296,30.867,0
2026-09-13T09:00:39+00:00,PRESS-RTP41-DEMO,BATCH-DEMO-002,17.851,3.474,0.646,499.417,44.206,31.817,1.278,30.964,0
2026-09-13T09:00:40+00:00,PRESS-RTP41-DEMO,BATCH-DEMO-002,17.763,3.425,0.558,499.466,44.999,31.675,1.101,30.574,0
2026-09-13T09:00:41+00:00,PRESS-RTP41-DEMO,BATCH-DEMO-002,18.061,3.471,0.648,499.806,44.982,31.918,1.141,30.605,0
2026-09-13T09:00:42+00:00,PRESS-RTP41-DEMO,BATCH-DEMO-002,18.098,3.677,0.513,503.58,45.001,32.081,1.155,31.128,0
2026-09-13T09:00:43+00:00,PRESS-RTP41-DEMO,BATCH-DEMO-002,17.395,3.474,0.7,501.352,44.897,31.999,1.183,30.892,0
2026-09-13T09:00:44+00:00,PRESS-RTP41-DEMO,BATCH-DEMO-002,17.51,3.682,0.64,504.887,45.185,32.043,1.137,31.164,0
2026-09-13T09:00:45+00:00,PRESS-RTP41-DEMO,BATCH-DEMO-002,17.956,3.518,0.697,498.892,45.039,32.538,1.155,30.797,0
2026-09-13T09:00:46+00:00,PRESS-RTP41-DEMO,BATCH-DEMO-002,18.541,3.578,0.677,500.526,44.914,31.92,1.162,30.903,0
2026-09-13T09:00:47+00:00,PRESS-RTP41-DEMO,BATCH-DEMO-002,18.018,3.471,0.635,499.628,45.304,31.456,1.158,31.059,0
2026-09-13T09:00:48+00:00,PRESS-RTP41-DEMO,BATCH-DEMO-002,17.558,3.355,0.745,498.995,44.946,31.77,1.2,31.117,0
2026-09-13T09:00:49+00:00,PRESS-RTP41-DEMO,BATCH-DEMO-002,17.296,3.61,0.64,495.837,44.831,31.771,1.05,30.993,0
2026-09-13T09:00:50+00:00,PRESS-RTP41-DEMO,BATCH-DEMO-002,17.838,3.476,0.69,500.143,44.996,32.579,1.282,31.149,0
2026-09-13T09:00:51+00:00,PRESS-RTP41-DEMO,BATCH-DEMO-002,18.059,3.661,0.74,503.44,44.777,31.443,1.195,31.016,0
2026-09-13T09:00:52+00:00,PRESS-RTP41-DEMO,BATCH-DEMO-002,17.882,3.408,0.674,498.69,44.578,31.579,1.103,30.69,0
2026-09-13T09:00:53+00:00,PRESS-RTP41-DEMO,BATCH-DEMO-002,17.51,3.483,0.678,501.563,44.899,31.907,1.278,31.016,0
2026-09-13T09:00:54+00:00,PRESS-RTP41-DEMO,BATCH-DEMO-002,18.209,3.595,0.646,500.788,45.832,31.699,1.274,30.678,0
2026-09-13T09:00:55+00:00,PRESS-RTP41-DEMO,BATCH-DEMO-002,17.966,3.415,0.662,498.179,45.399,32.327,1.126,31.223,0
2026-09-13T09:00:56+00:00,PRESS-RTP41-DEMO,BATCH-DEMO-002,17.926,3.504,0.734,497.855,44.893,32.345,1.105,31.028,0
2026-09-13T09:00:57+00:00,PRESS-RTP41-DEMO,BATCH-DEMO-002,18.088,3.313,0.66,500.175,45.269,31.381,1.204,30.925,0
2026-09-13T09:00:58+00:00,PRESS-RTP41-DEMO,BATCH-DEMO-002,17.89,3.487,0.668,500.287,44.87,32.021,1.081,31.391,0
2026-09-13T09:00:59+00:00,PRESS-RTP41-DEMO,BATCH-DEMO-002,17.855,3.442,0.597,503.462,45.108,31.525,1.238,30.941,0
2026-09-13T09:01:00+00:00,PRESS-RTP41-DEMO,BATCH-DEMO-002,17.976,3.524,0.622,503.38,45.228,32.424,1.221,30.849,0
2026-09-13T09:01:01+00:00,PRESS-RTP41-DEMO,BATCH-DEMO-002,18.903,3.471,0.574,500.051,44.812,32.42,1.211,31.139,0
2026-09-13T09:01:02+00:00,PRESS-RTP41-DEMO,BATCH-DEMO-002,17.766,3.443,0.67,497.431,45.367,32.167,1.014,31.094,0
2026-09-13T09:01:03+00:00,PRESS-RTP41-DEMO,BATCH-DEMO-002,17.997,3.4,0.625,498.013,44.682,31.721,1.219,31.017,0
2026-09-13T09:01:04+00:00,PRESS-RTP41-DEMO,BATCH-DEMO-002,18.503,3.625,0.585,496.439,45.641,32.301,1.416,31.117,0
2026-09-13T09:01:05+00:00,PRESS-RTP41-DEMO,BATCH-DEMO-002,17.599,3.38,0.653,500.011,45.027,31.939,1.206,31.016,0
2026-09-13T09:01:06+00:00,PRESS-RTP41-DEMO,BATCH-DEMO-002,17.844,3.608,0.682,499.96,44.786,32.142,1.029,31.145,0
2026-09-13T09:01:07+00:00,PRESS-RTP41-DEMO,BATCH-DEMO-002,17.696,3.513,0.679,498.342,44.408,31.578,1.202,31.151,0
2026-09-13T09:01:08+00:00,PRESS-RTP41-DEMO,BATCH-DEMO-002,17.719,3.575,0.652,501.388,45.331,32.083,1.084,30.9,0
2026-09-13T09:01:09+00:00,PRESS-RTP41-DEMO,BATCH-DEMO-002,18.211,3.521,0.666,503.022,45.013,31.311,1.296,30.749,0
2026-09-13T09:01:10+00:00,PRESS-RTP41-DEMO,BATCH-DEMO-002,17.685,3.467,0.618,499.073,45.196,32.008,1.272,31.307,0
2026-09-13T09:01:11+00:00,PRESS-RTP41-DEMO,BATCH-DEMO-002,17.184,3.512,0.579,504.007,45.486,31.89,1.228,31.006,0
2026-09-13T09:01:12+00:00,PRESS-RTP41-DEMO,BATCH-DEMO-002,18.397,3.333,0.718,502.213,45.267,31.683,1.191,31.041,0
2026-09-13T09:01:13+00:00,PRESS-RTP41-DEMO,BATCH-DEMO-002,18.283,3.49,0.581,499.617,44.715,31.761,1.4,30.529,0
2026-09-13T09:01:14+00:00,PRESS-RTP41-DEMO,BATCH-DEMO-002,17.731,3.552,0.731,498.911,44.625,32.4,1.28,30.956,0
2026-09-13T09:01:15+00:00,PRESS-RTP41-DEMO,BATCH-DEMO-002,17.634,3.662,0.67,501.447,44.819,32.268,1.162,31.267,0
2026-09-13T09:01:16+00:00,PRESS-RTP41-DEMO,BATCH-DEMO-002,17.678,3.556,0.701,501.764,44.909,31.938,1.226,30.784,0
2026-09-13T09:01:17+00:00,PRESS-RTP41-DEMO,BATCH-DEMO-002,17.617,3.477,0.632,497.068,44.843,32.031,1.261,30.951,0
2026-09-13T09:01:18+00:00,PRESS-RTP41-DEMO,BATCH-DEMO-002,17.948,3.362,0.69,497.485,45.104,32.123,1.379,31.032,0
2026-09-13T09:01:19+00:00,PRESS-RTP41-DEMO,BATCH-DEMO-002,18.297,3.389,0.679,502.426,44.584,31.877,1.211,31.076,0
2026-09-13T09:01:20+00:00,PRESS-RTP41-DEMO,BATCH-DEMO-002,17.902,3.505,0.639,501.361,44.483,31.972,1.377,31.489,0
2026-09-13T09:01:21+00:00,PRESS-RTP41-DEMO,BATCH-DEMO-002,17.657,3.652,0.718,505.345,45.061,32.483,1.09,30.855,0
2026-09-13T09:01:22+00:00,PRESS-RTP41-DEMO,BATCH-DEMO-002,17.775,3.571,0.642,498.306,44.986,31.973,1.189,31.161,0
2026-09-13T09:01:23+00:00,PRESS-RTP41-DEMO,BATCH-DEMO-002,17.475,3.524,0.679,498.811,44.705,31.956,1.211,30.501,0
2026-09-13T09:01:24+00:00,PRESS-RTP41-DEMO,BATCH-DEMO-002,17.781,3.454,0.65,498.065,44.77,32.309,1.148,30.745,0
2026-09-13T09:01:25+00:00,PRESS-RTP41-DEMO,BATCH-DEMO-002,17.432,3.629,0.667,499.217,45.293,31.729,1.146,30.961,0
2026-09-13T09:01:26+00:00,PRESS-RTP41-DEMO,BATCH-DEMO-002,18.245,3.454,0.569,501.644,45.09,31.878,1.247,31.153,0
2026-09-13T09:01:27+00:00,PRESS-RTP41-DEMO,BATCH-DEMO-002,17.815,3.467,0.574,499.125,44.943,32.469,1.275,31.03,0
2026-09-13T09:01:28+00:00,PRESS-RTP41-DEMO,BATCH-DEMO-002,18.067,3.333,0.649,501.95,44.602,31.597,0.987,31.158,0
2026-09-13T09:01:29+00:00,PRESS-RTP41-DEMO,BATCH-DEMO-002,17.957,3.458,0.57,499.949,44.784,32.059,1.034,30.926,0
2026-09-13T09:01:30+00:00,PRESS-RTP41-DEMO,BATCH-DEMO-002,17.506,3.357,0.64,500.552,44.905,31.926,1.198,30.788,0
2026-09-13T09:01:31+00:00,PRESS-RTP41-DEMO,BATCH-DEMO-002,17.953,3.436,0.685,499.113,44.911,31.922,1.283,31.419,0
2026-09-13T09:01:32+00:00,PRESS-RTP41-DEMO,BATCH-DEMO-002,17.812,3.584,0.656,498.124,44.971,31.946,1.198,31.059,0
2026-09-13T09:01:33+00:00,PRESS-RTP41-DEMO,BATCH-DEMO-002,18.345,3.575,0.715,498.804,44.582,32.196,1.301,31.053,0
2026-09-13T09:01:34+00:00,PRESS-RTP41-DEMO,BATCH-DEMO-002,18.038,3.598,0.618,498.043,45.416,31.961,1.317,30.636,0
2026-09-13T09:01:35+00:00,PRESS-RTP41-DEMO,BATCH-DEMO-002,18.479,3.561,0.682,501.855,44.747,32.022,1.071,31.041,0
2026-09-13T09:01:36+00:00,PRESS-RTP41-DEMO,BATCH-DEMO-002,18.002,3.521,0.621,497.787,44.669,32.271,1.086,31.205,0
2026-09-13T09:01:37+00:00,PRESS-RTP41-DEMO,BATCH-DEMO-002,18.389,3.596,0.62,496.224,45.061,31.916,1.167,30.905,0
2026-09-13T09:01:38+00:00,PRESS-RTP41-DEMO,BATCH-DEMO-002,17.512,3.473,0.618,500.786,45.135,32.008,1.16,30.955,0
2026-09-13T09:01:39+00:00,PRESS-RTP41-DEMO,BATCH-DEMO-002,18.264,3.54,0.637,495.999,44.636,31.366,1.376,30.485,0
2026-09-13T09:01:40+00:00,PRESS-RTP41-DEMO,BATCH-DEMO-002,18.147,3.577,0.58,500.408,45.363,32.235,1.371,30.774,0
2026-09-13T09:01:41+00:00,PRESS-RTP41-DEMO,BATCH-DEMO-002,17.989,3.428,0.661,500.642,45.512,31.714,0.964,31.144,0
2026-09-13T09:01:42+00:00,PRESS-RTP41-DEMO,BATCH-DEMO-002,18.964,3.442,0.659,497.603,44.653,32.029,1.153,31.226,0
2026-09-13T09:01:43+00:00,PRESS-RTP41-DEMO,BATCH-DEMO-002,18.505,3.437,0.604,501.026,45.431,32.351,1.332,30.749,0
2026-09-13T09:01:44+00:00,PRESS-RTP41-DEMO,BATCH-DEMO-002,17.919,3.642,0.643,500.158,44.539,32.303,1.307,31.419,0
2026-09-13T09:01:45+00:00,PRESS-RTP41-DEMO,BATCH-DEMO-002,17.744,3.47,0.607,501.404,45.594,32.105,1.375,31.271,0
2026-09-13T09:01:46+00:00,PRESS-RTP41-DEMO,BATCH-DEMO-002,18.34,3.373,0.629,502.611,44.666,31.344,1.198,30.679,0
2026-09-13T09:01:47+00:00,PRESS-RTP41-DEMO,BATCH-DEMO-002,17.747,3.524,0.601,495.645,45.056,32.351,1.101,31.299,0
2026-09-13T09:01:48+00:00,PRESS-RTP41-DEMO,BATCH-DEMO-002,17.671,3.598,0.628,497.64,45.078,32.3,1.145,30.979,0
2026-09-13T09:01:49+00:00,PRESS-RTP41-DEMO,BATCH-DEMO-002,17.544,3.263,0.708,501.98,45.121,32.16,1.062,31.044,0
2026-09-13T09:01:50+00:00,PRESS-RTP41-DEMO,BATCH-DEMO-002,17.768,3.504,0.664,498.878,44.926,32.165,1.176,30.701,0
2026-09-13T09:01:51+00:00,PRESS-RTP41-DEMO,BATCH-DEMO-002,18.068,3.414,0.657,501.036,44.831,32.238,1.275,31.005,0
2026-09-13T09:01:52+00:00,PRESS-RTP41-DEMO,BATCH-DEMO-002,17.548,3.539,0.741,497.433,44.696,31.892,1.289,30.966,0
2026-09-13T09:01:53+00:00,PRESS-RTP41-DEMO,BATCH-DEMO-002,18.752,3.579,0.698,501.665,44.347,32.124,1.337,30.755,0
2026-09-13T09:01:54+00:00,PRESS-RTP41-DEMO,BATCH-DEMO-002,17.963,3.292,0.694,502.085,44.426,32.084,1.217,30.958,0
2026-09-13T09:01:55+00:00,PRESS-RTP41-DEMO,BATCH-DEMO-002,17.635,3.707,0.701,501.6,44.727,32.129,1.268,30.934,0
2026-09-13T09:01:56+00:00,PRESS-RTP41-DEMO,BATCH-DEMO-002,18.279,3.499,0.637,501.03,45.442,31.615,1.283,30.749,0
2026-09-13T09:01:57+00:00,PRESS-RTP41-DEMO,BATCH-DEMO-002,17.32,3.58,0.632,497.435,45.259,31.407,1.102,31.045,0
2026-09-13T09:01:58+00:00,PRESS-RTP41-DEMO,BATCH-DEMO-002,17.631,3.387,0.552,505.033,44.766,32.442,1.145,30.643,0
2026-09-13T09:01:59+00:00,PRESS-RTP41-DEMO,BATCH-DEMO-002,18.298,3.429,0.67,503.126,45.027,31.855,1.204,31.678,0
2026-09-13T09:02:00+00:00,PRESS-RTP41-DEMO,BATCH-DEMO-002,18.598,3.42,0.672,501.748,45.237,31.653,1.161,30.849,0
2026-09-13T09:02:01+00:00,PRESS-RTP41-DEMO,BATCH-DEMO-002,17.95,3.634,0.644,496.135,44.156,32.041,1.066,31.492,0
2026-09-13T09:02:02+00:00,PRESS-RTP41-DEMO,BATCH-DEMO-002,17.999,3.488,0.548,502.479,45.369,32.233,1.179,31.127,0
2026-09-13T09:02:03+00:00,PRESS-RTP41-DEMO,BATCH-DEMO-002,18.146,3.389,0.691,498.366,44.565,31.716,1.113,30.994,0
2026-09-13T09:02:04+00:00,PRESS-RTP41-DEMO,BATCH-DEMO-002,18.184,3.283,0.645,500.001,45.594,31.96,1.239,30.917,0
2026-09-13T09:02:05+00:00,PRESS-RTP41-DEMO,BATCH-DEMO-002,17.521,3.34,0.56,499.66,44.714,31.89,1.165,31.051,0
2026-09-13T09:02:06+00:00,PRESS-RTP41-DEMO,BATCH-DEMO-002,18.418,3.662,0.656,504.101,44.99,31.667,1.056,30.852,0
2026-09-13T09:02:07+00:00,PRESS-RTP41-DEMO,BATCH-DEMO-002,17.626,3.315,0.593,505.137,44.942,32.03,1.238,30.793,0
2026-09-13T09:02:08+00:00,PRESS-RTP41-DEMO,BATCH-DEMO-002,17.401,3.671,0.58,502.707,44.715,31.858,1.274,30.981,0
2026-09-13T09:02:09+00:00,PRESS-RTP41-DEMO,BATCH-DEMO-002,18.371,3.328,0.556,499.437,44.402,32.302,1.277,31.379,0
2026-09-13T09:02:10+00:00,PRESS-RTP41-DEMO,BATCH-DEMO-002,17.948,3.486,0.646,502.523,44.956,31.746,1.057,30.898,0
2026-09-13T09:02:11+00:00,PRESS-RTP41-DEMO,BATCH-DEMO-002,18.09,3.69,0.625,502.171,45.668,31.955,1.138,31.144,0
2026-09-13T09:02:12+00:00,PRESS-RTP41-DEMO,BATCH-DEMO-002,18.029,3.42,0.696,498.55,44.394,31.937,1.215,31.168,0
2026-09-13T09:02:13+00:00,PRESS-RTP41-DEMO,BATCH-DEMO-002,18.981,3.457,0.688,501.062,45.343,32.13,1.306,31.075,0
2026-09-13T09:02:14+00:00,PRESS-RTP41-DEMO,BATCH-DEMO-002,18.425,3.502,0.721,496.747,44.941,32.282,1.078,30.713,0
2026-09-13T09:02:15+00:00,PRESS-RTP41-DEMO,BATCH-DEMO-002,17.8,3.462,0.76,498.27,45.372,32.006,1.25,31.012,0
2026-09-13T09:02:16+00:00,PRESS-RTP41-DEMO,BATCH-DEMO-002,17.987,3.466,0.554,499.137,45.277,31.865,1.231,31.091,0
2026-09-13T09:02:17+00:00,PRESS-RTP41-DEMO,BATCH-DEMO-002,17.994,3.395,0.604,500.526,44.877,32.146,1.388,31.153,0
2026-09-13T09:02:18+00:00,PRESS-RTP41-DEMO,BATCH-DEMO-002,17.715,3.409,0.712,499.6,45.14,32.154,1.138,30.984,0
2026-09-13T09:02:19+00:00,PRESS-RTP41-DEMO,BATCH-DEMO-002,17.686,3.56,0.631,497.784,44.505,32.055,1.352,30.348,0
2026-09-13T09:02:20+00:00,PRESS-RTP41-DEMO,BATCH-DEMO-002,18.767,3.391,0.633,501.583,44.801,31.534,0.981,31.153,0
2026-09-13T09:02:21+00:00,PRESS-RTP41-DEMO,BATCH-DEMO-002,18.114,3.615,0.579,499.562,44.956,32.553,1.252,30.912,0
2026-09-13T09:02:22+00:00,PRESS-RTP41-DEMO,BATCH-DEMO-002,17.991,3.407,0.704,500.202,45.146,31.939,1.2,30.873,0
2026-09-13T09:02:23+00:00,PRESS-RTP41-DEMO,BATCH-DEMO-002,17.642,3.461,0.604,504.563,45.116,32.195,1.184,31.046,0
2026-09-13T09:02:24+00:00,PRESS-RTP41-DEMO,BATCH-DEMO-002,17.881,3.482,0.675,499.277,44.736,31.583,1.218,30.55,0
2026-09-13T09:02:25+00:00,PRESS-RTP41-DEMO,BATCH-DEMO-002,17.943,3.599,0.572,500.55,45.612,31.954,1.22,30.811,0
2026-09-13T09:02:26+00:00,PRESS-RTP41-DEMO,BATCH-DEMO-002,17.254,3.555,0.586,498.297,45.136,32.039,1.208,31.032,0
2026-09-13T09:02:27+00:00,PRESS-RTP41-DEMO,BATCH-DEMO-002,18.225,3.492,0.758,496.428,44.866,32.121,1.212,31.362,0
2026-09-13T09:02:28+00:00,PRESS-RTP41-DEMO,BATCH-DEMO-002,17.827,3.415,0.678,499.721,45.336,31.553,1.296,30.699,0
2026-09-13T09:02:29+00:00,PRESS-RTP41-DEMO,BATCH-DEMO-002,18.425,3.608,0.738,502.979,44.979,32.378,1.108,31.116,0
2026-09-13T09:02:30+00:00,PRESS-RTP41-DEMO,BATCH-DEMO-002,17.82,3.5,0.698,502.326,45.04,31.702,1.115,30.619,0
2026-09-13T09:02:31+00:00,PRESS-RTP41-DEMO,BATCH-DEMO-002,18.169,3.549,0.615,498.785,45.11,31.992,1.144,30.882,0
2026-09-13T09:02:32+00:00,PRESS-RTP41-DEMO,BATCH-DEMO-002,18.378,3.356,0.58,503.315,45.055,32.104,1.168,31.023,0
2026-09-13T09:02:33+00:00,PRESS-RTP41-DEMO,BATCH-DEMO-002,17.343,3.768,0.609,499.806,45.742,32.494,1.324,31.375,0
2026-09-13T09:02:34+00:00,PRESS-RTP41-DEMO,BATCH-DEMO-002,18.119,3.338,0.623,500.895,44.633,32.249,1.08,30.753,0
2026-09-13T09:02:35+00:00,PRESS-RTP41-DEMO,BATCH-DEMO-002,17.974,3.498,0.625,500.163,45.405,31.805,1.204,30.922,0
2026-09-13T09:02:36+00:00,PRESS-RTP41-DEMO,BATCH-DEMO-002,17.455,3.472,0.707,494.993,44.525,31.894,1.208,30.788,0
2026-09-13T09:02:37+00:00,PRESS-RTP41-DEMO,BATCH-DEMO-002,18.133,3.539,0.734,500.295,45.65,32.166,1.351,30.807,0
2026-09-13T09:02:38+00:00,PRESS-RTP41-DEMO,BATCH-DEMO-002,18.411,3.534,0.56,500.319,44.717,31.56,1.15,31.067,0
2026-09-13T09:02:39+00:00,PRESS-RTP41-DEMO,BATCH-DEMO-002,18.196,3.655,0.64,498.418,45.306,31.84,1.136,31.009,0
2026-09-13T09:02:40+00:00,PRESS-RTP41-DEMO,BATCH-DEMO-002,17.907,3.497,0.628,499.071,44.798,32.16,1.077,30.863,0
2026-09-13T09:02:41+00:00,PRESS-RTP41-DEMO,BATCH-DEMO-002,18.132,3.501,0.582,500.706,44.521,31.849,1.035,30.905,0
2026-09-13T09:02:42+00:00,PRESS-RTP41-DEMO,BATCH-DEMO-002,18.094,3.575,0.673,502.745,44.708,32.174,1.246,30.701,0
2026-09-13T09:02:43+00:00,PRESS-RTP41-DEMO,BATCH-DEMO-002,17.776,3.436,0.681,502.569,45.171,32.126,1.305,30.97,0
2026-09-13T09:02:44+00:00,PRESS-RTP41-DEMO,BATCH-DEMO-002,18.505,3.514,0.547,499.55,44.659,31.881,1.232,30.597,0
2026-09-13T09:02:45+00:00,PRESS-RTP41-DEMO,BATCH-DEMO-002,17.38,3.739,0.625,502.779,45.139,31.347,1.072,31.434,0
2026-09-13T09:02:46+00:00,PRESS-RTP41-DEMO,BATCH-DEMO-002,17.283,3.448,0.595,500.142,44.673,31.873,1.151,30.766,0
2026-09-13T09:02:47+00:00,PRESS-RTP41-DEMO,BATCH-DEMO-002,17.779,3.566,0.646,502.659,44.721,32.473,1.048,31.126,0
2026-09-13T09:02:48+00:00,PRESS-RTP41-DEMO,BATCH-DEMO-002,18.214,3.614,0.689,504.509,45.204,32.008,1.265,31.177,0
2026-09-13T09:02:49+00:00,PRESS-RTP41-DEMO,BATCH-DEMO-002,17.842,3.477,0.57,499.963,44.899,31.849,1.139,30.65,0
2026-09-13T09:02:50+00:00,PRESS-RTP41-DEMO,BATCH-DEMO-002,17.853,3.597,0.618,499.404,45.215,31.983,1.289,31.193,0
2026-09-13T09:02:51+00:00,PRESS-RTP41-DEMO,BATCH-DEMO-002,17.698,3.701,0.71,504.456,44.791,32.204,1.176,30.967,0
2026-09-13T09:02:52+00:00,PRESS-RTP41-DEMO,BATCH-DEMO-002,17.626,3.494,0.65,500.26,45.313,32.126,1.264,30.876,0
2026-09-13T09:02:53+00:00,PRESS-RTP41-DEMO,BATCH-DEMO-002,17.698,3.504,0.663,500.149,45.203,32.095,1.268,30.9,0
2026-09-13T09:02:54+00:00,PRESS-RTP41-DEMO,BATCH-DEMO-002,18.082,3.472,0.739,501.746,44.674,31.864,1.375,31.013,0
2026-09-13T09:02:55+00:00,PRESS-RTP41-DEMO,BATCH-DEMO-002,17.448,3.474,0.677,501.757,44.924,31.714,1.303,31.094,0
2026-09-13T09:02:56+00:00,PRESS-RTP41-DEMO,BATCH-DEMO-002,17.517,3.456,0.644,500.062,44.834,31.751,1.283,31.327,0
2026-09-13T09:02:57+00:00,PRESS-RTP41-DEMO,BATCH-DEMO-002,18.361,3.454,0.627,499.652,44.94,32.073,1.296,30.988,0
2026-09-13T09:02:58+00:00,PRESS-RTP41-DEMO,BATCH-DEMO-002,17.752,3.212,0.682,498.362,44.3,31.829,1.325,31.028,0
2026-09-13T09:02:59+00:00,PRESS-RTP41-DEMO,BATCH-DEMO-002,17.957,3.519,0.63,504.685,44.345,32.028,1.184,30.835,0
2026-09-13T09:03:00+00:00,PRESS-RTP41-DEMO,BATCH-DEMO-002,18.223,3.49,0.68,500.883,44.99,31.593,1.133,30.754,0
2026-09-13T09:03:01+00:00,PRESS-RTP41-DEMO,BATCH-DEMO-002,17.4,3.431,0.651,501.595,44.656,32.026,1.217,31.149,0
2026-09-13T09:03:02+00:00,PRESS-RTP41-DEMO,BATCH-DEMO-002,18.142,3.505,0.649,503.156,45.154,32.651,1.185,31.003,0
2026-09-13T09:03:03+00:00,PRESS-RTP41-DEMO,BATCH-DEMO-002,17.845,3.37,0.714,498.17,45.215,31.653,1.1,31.128,0
2026-09-13T09:03:04+00:00,PRESS-RTP41-DEMO,BATCH-DEMO-002,18.403,3.305,0.645,498.479,45.445,32.147,1.222,31.027,0
2026-09-13T09:03:05+00:00,PRESS-RTP41-DEMO,BATCH-DEMO-002,17.445,3.59,0.71,501.625,45.186,32.254,1.259,31.125,0
2026-09-13T09:03:06+00:00,PRESS-RTP41-DEMO,BATCH-DEMO-002,17.454,3.59,0.58,497.919,45.266,31.91,1.132,30.936,0
2026-09-13T09:03:07+00:00,PRESS-RTP41-DEMO,BATCH-DEMO-002,18.36,3.284,0.667,499.798,44.684,31.906,1.138,30.911,0
2026-09-13T09:03:08+00:00,PRESS-RTP41-DEMO,BATCH-DEMO-002,17.909,3.647,0.593,501.463,45.472,31.962,1.256,30.927,0
2026-09-13T09:03:09+00:00,PRESS-RTP41-DEMO,BATCH-DEMO-002,17.371,3.528,0.721,498.031,45.079,31.893,1.22,31.016,0
2026-09-13T09:03:10+00:00,PRESS-RTP41-DEMO,BATCH-DEMO-002,17.96,3.582,0.63,500.415,45.282,32.434,1.208,30.878,0
2026-09-13T09:03:11+00:00,PRESS-RTP41-DEMO,BATCH-DEMO-002,17.819,3.604,0.639,501.017,45.109,32.047,1.232,30.946,0
2026-09-13T09:03:12+00:00,PRESS-RTP41-DEMO,BATCH-DEMO-002,17.995,3.547,0.666,502.12,44.764,31.236,1.283,30.673,0
2026-09-13T09:03:13+00:00,PRESS-RTP41-DEMO,BATCH-DEMO-002,17.947,3.578,0.697,503.621,44.825,31.682,1.279,30.832,0
2026-09-13T09:03:14+00:00,PRESS-RTP41-DEMO,BATCH-DEMO-002,18.584,3.473,0.657,500.773,44.44,32.134,1.279,30.997,0
2026-09-13T09:03:15+00:00,PRESS-RTP41-DEMO,BATCH-DEMO-002,17.718,3.517,0.629,500.628,44.42,32.207,1.208,31.076,0
2026-09-13T09:03:16+00:00,PRESS-RTP41-DEMO,BATCH-DEMO-002,17.608,3.441,0.669,497.43,44.647,31.918,1.101,31.263,0
2026-09-13T09:03:17+00:00,PRESS-RTP41-DEMO,BATCH-DEMO-002,18.108,3.529,0.611,498.688,44.761,31.788,1.432,31.51,0
2026-09-13T09:03:18+00:00,PRESS-RTP41-DEMO,BATCH-DEMO-002,18.106,3.669,0.698,497.196,44.909,32.141,1.176,30.957,0
2026-09-13T09:03:19+00:00,PRESS-RTP41-DEMO,BATCH-DEMO-002,18.427,3.516,0.607,499.406,45.166,31.846,1.334,30.987,0
2026-09-13T09:03:20+00:00,PRESS-RTP41-DEMO,BATCH-DEMO-002,17.348,3.467,0.617,501.909,44.843,32.44,1.211,31.108,0
2026-09-13T09:03:21+00:00,PRESS-RTP41-DEMO,BATCH-DEMO-002,17.131,3.423,0.658,499.259,45.597,31.722,1.374,31.488,0
2026-09-13T09:03:22+00:00,PRESS-RTP41-DEMO,BATCH-DEMO-002,18.318,3.617,0.559,501.162,44.81,32.107,1.176,31.128,0
2026-09-13T09:03:23+00:00,PRESS-RTP41-DEMO,BATCH-DEMO-002,18.208,3.401,0.728,500.37,44.785,31.656,1.593,30.551,0
2026-09-13T09:03:24+00:00,PRESS-RTP41-DEMO,BATCH-DEMO-002,18.229,3.64,0.673,499.456,44.993,31.907,1.29,31.201,0
2026-09-13T09:03:25+00:00,PRESS-RTP41-DEMO,BATCH-DEMO-002,18.141,3.428,0.657,501.997,44.541,31.691,1.131,31.068,0
2026-09-13T09:03:26+00:00,PRESS-RTP41-DEMO,BATCH-DEMO-002,17.869,3.47,0.562,497.466,45.202,32.486,1.244,31.298,0
2026-09-13T09:03:27+00:00,PRESS-RTP41-DEMO,BATCH-DEMO-002,17.975,3.451,0.689,497.954,45.357,32.501,1.139,30.877,0
2026-09-13T09:03:28+00:00,PRESS-RTP41-DEMO,BATCH-DEMO-002,18.468,3.564,0.725,502.212,45.137,31.725,1.104,31.162,0
2026-09-13T09:03:29+00:00,PRESS-RTP41-DEMO,BATCH-DEMO-002,17.164,3.72,0.567,502.547,44.49,32.526,1.233,30.945,0
2026-09-13T09:03:30+00:00,PRESS-RTP41-DEMO,BATCH-DEMO-002,17.818,3.274,0.681,496.693,44.527,31.749,1.171,30.964,0
2026-09-13T09:03:31+00:00,PRESS-RTP41-DEMO,BATCH-DEMO-002,17.923,3.356,0.631,500.544,45.318,32.09,1.289,31.099,0
2026-09-13T09:03:32+00:00,PRESS-RTP41-DEMO,BATCH-DEMO-002,17.851,3.447,0.67,498.912,45.044,32.498,1.344,31.008,0
2026-09-13T09:03:33+00:00,PRESS-RTP41-DEMO,BATCH-DEMO-002,18.147,3.408,0.584,496.313,44.19,32.379,1.101,31.176,0
2026-09-13T09:03:34+00:00,PRESS-RTP41-DEMO,BATCH-DEMO-002,18.459,3.398,0.572,500.329,45.226,32.849,1.088,31.135,0
2026-09-13T09:03:35+00:00,PRESS-RTP41-DEMO,BATCH-DEMO-002,18.831,3.545,0.668,496.891,44.44,32.052,1.224,30.924,0
2026-09-13T09:03:36+00:00,PRESS-RTP41-DEMO,BATCH-DEMO-002,18.395,3.495,0.737,498.319,45.069,31.851,1.227,30.971,0
2026-09-13T09:03:37+00:00,PRESS-RTP41-DEMO,BATCH-DEMO-002,18.127,3.477,0.625,502.026,45.055,32.176,0.983,31.224,0
2026-09-13T09:03:38+00:00,PRESS-RTP41-DEMO,BATCH-DEMO-002,17.946,3.523,0.722,499.26,44.545,32.08,1.202,31.341,0
2026-09-13T09:03:39+00:00,PRESS-RTP41-DEMO,BATCH-DEMO-002,17.75,3.592,0.718,500.927,45.33,31.997,1.213,31.05,0
2026-09-13T09:03:40+00:00,PRESS-RTP41-DEMO,BATCH-DEMO-002,17.961,3.538,0.707,498.666,44.593,31.831,1.298,31.218,0
2026-09-13T09:03:41+00:00,PRESS-RTP41-DEMO,BATCH-DEMO-002,18.614,3.513,0.693,499.554,45.15,31.887,1.112,31.171,0
2026-09-13T09:03:42+00:00,PRESS-RTP41-DEMO,BATCH-DEMO-002,17.708,3.438,0.688,498.289,44.627,31.964,1.347,31.087,0
2026-09-13T09:03:43+00:00,PRESS-RTP41-DEMO,BATCH-DEMO-002,17.646,3.425,0.694,498.548,45.419,32.275,1.266,31.09,0
2026-09-13T09:03:44+00:00,PRESS-RTP41-DEMO,BATCH-DEMO-002,17.586,3.442,0.734,501.487,44.663,32.079,1.21,30.855,0
2026-09-13T09:03:45+00:00,PRESS-RTP41-DEMO,BATCH-DEMO-002,17.882,3.399,0.677,499.892,45.512,32.241,1.257,30.797,0
2026-09-13T09:03:46+00:00,PRESS-RTP41-DEMO,BATCH-DEMO-002,17.994,3.564,0.585,496.873,44.851,32.263,1.36,30.824,0
2026-09-13T09:03:47+00:00,PRESS-RTP41-DEMO,BATCH-DEMO-002,17.805,3.461,0.625,501.2,44.877,32.339,1.172,31.04,0
2026-09-13T09:03:48+00:00,PRESS-RTP41-DEMO,BATCH-DEMO-002,17.883,3.498,0.617,497.445,45.756,32.153,1.232,31.218,0
2026-09-13T09:03:49+00:00,PRESS-RTP41-DEMO,BATCH-DEMO-002,17.498,3.408,0.648,499.831,45.205,31.85,1.067,30.819,0
2026-09-13T09:03:50+00:00,PRESS-RTP41-DEMO,BATCH-DEMO-002,17.221,3.587,0.632,499.103,44.977,31.431,1.261,30.902,0
2026-09-13T09:03:51+00:00,PRESS-RTP41-DEMO,BATCH-DEMO-002,17.409,3.655,0.71,501.104,44.821,31.365,1.074,31.007,0
2026-09-13T09:03:52+00:00,PRESS-RTP41-DEMO,BATCH-DEMO-002,17.677,3.52,0.706,496.764,45.281,31.746,1.22,30.867,0
2026-09-13T09:03:53+00:00,PRESS-RTP41-DEMO,BATCH-DEMO-002,17.301,3.444,0.699,502.499,45.039,32.321,1.079,31.04,0
2026-09-13T09:03:54+00:00,PRESS-RTP41-DEMO,BATCH-DEMO-002,17.978,3.557,0.645,503.366,45.019,31.656,1.219,30.504,0
2026-09-13T09:03:55+00:00,PRESS-RTP41-DEMO,BATCH-DEMO-002,17.62,3.305,0.676,501.633,44.98,31.414,1.325,30.909,0
2026-09-13T09:03:56+00:00,PRESS-RTP41-DEMO,BATCH-DEMO-002,18.378,3.378,0.624,500.577,44.567,31.885,1.343,31.102,0
2026-09-13T09:03:57+00:00,PRESS-RTP41-DEMO,BATCH-DEMO-002,17.087,3.725,0.565,502.672,45.391,31.601,0.955,30.893,0
2026-09-13T09:03:58+00:00,PRESS-RTP41-DEMO,BATCH-DEMO-002,17.728,3.581,0.572,499.636,45.536,32.056,1.136,31.002,0
2026-09-13T09:03:59+00:00,PRESS-RTP41-DEMO,BATCH-DEMO-002,17.779,3.573,0.647,496.59,45.192,32.542,1.195,31.039,0
2026-09-13T09:04:00+00:00,PRESS-RTP41-DEMO,BATCH-DEMO-002,17.45,3.447,0.55,498.839,45.233,31.95,1.12,31.214,0
2026-09-13T09:04:01+00:00,PRESS-RTP41-DEMO,BATCH-DEMO-002,18.494,3.577,0.617,497.97,45.658,32.0,1.27,30.834,0
2026-09-13T09:04:02+00:00,PRESS-RTP41-DEMO,BATCH-DEMO-002,17.936,3.304,0.675,498.565,44.197,32.416,1.227,31.038,0
2026-09-13T09:04:03+00:00,PRESS-RTP41-DEMO,BATCH-DEMO-002,18.691,3.468,0.611,497.953,44.893,32.152,1.216,30.764,0
2026-09-13T09:04:04+00:00,PRESS-RTP41-DEMO,BATCH-DEMO-002,18.015,3.464,0.665,500.038,44.568,32.134,1.129,30.81,0
2026-09-13T09:04:05+00:00,PRESS-RTP41-DEMO,BATCH-DEMO-002,17.694,3.482,0.689,500.225,44.469,31.751,1.178,30.875,0
2026-09-13T09:04:06+00:00,PRESS-RTP41-DEMO,BATCH-DEMO-002,18.262,3.357,0.687,503.777,45.317,32.04,1.182,30.777,0
2026-09-13T09:04:07+00:00,PRESS-RTP41-DEMO,BATCH-DEMO-002,17.475,3.449,0.61,500.531,44.683,31.695,1.251,30.925,0
2026-09-13T09:04:08+00:00,PRESS-RTP41-DEMO,BATCH-DEMO-002,17.449,3.413,0.693,495.589,45.168,32.079,1.415,30.774,0
2026-09-13T09:04:09+00:00,PRESS-RTP41-DEMO,BATCH-DEMO-002,18.005,3.327,0.68,502.132,45.079,32.308,1.066,31.316,0
2026-09-13T09:04:10+00:00,PRESS-RTP41-DEMO,BATCH-DEMO-002,18.226,3.307,0.602,497.223,44.726,32.138,1.251,30.984,0
2026-09-13T09:04:11+00:00,PRESS-RTP41-DEMO,BATCH-DEMO-002,17.606,3.294,0.649,501.581,45.263,32.119,1.06,30.889,0
2026-09-13T09:04:12+00:00,PRESS-RTP41-DEMO,BATCH-DEMO-002,17.335,3.328,0.534,499.014,45.244,32.052,1.159,31.037,0
2026-09-13T09:04:13+00:00,PRESS-RTP41-DEMO,BATCH-DEMO-002,17.906,3.679,0.635,499.368,45.07,31.615,1.125,31.1,0
2026-09-13T09:04:14+00:00,PRESS-RTP41-DEMO,BATCH-DEMO-002,17.558,3.517,0.626,501.809,45.078,32.232,1.237,31.093,0
2026-09-13T09:04:15+00:00,PRESS-RTP41-DEMO,BATCH-DEMO-002,17.951,3.501,0.565,500.958,45.216,31.804,1.128,30.737,0
2026-09-13T09:04:16+00:00,PRESS-RTP41-DEMO,BATCH-DEMO-002,17.572,3.523,0.724,498.053,45.801,31.763,1.199,31.195,0
2026-09-13T09:04:17+00:00,PRESS-RTP41-DEMO,BATCH-DEMO-002,17.937,3.35,0.635,497.627,44.713,31.862,1.301,31.127,0
2026-09-13T09:04:18+00:00,PRESS-RTP41-DEMO,BATCH-DEMO-002,17.603,3.542,0.538,504.307,44.626,31.984,1.055,30.829,0
2026-09-13T09:04:19+00:00,PRESS-RTP41-DEMO,BATCH-DEMO-002,17.976,3.285,0.679,499.087,44.582,31.516,1.134,31.067,0
2026-09-13T09:04:20+00:00,PRESS-RTP41-DEMO,BATCH-DEMO-002,17.965,3.493,0.649,499.736,45.224,31.697,1.216,31.049,0
2026-09-13T09:04:21+00:00,PRESS-RTP41-DEMO,BATCH-DEMO-002,18.128,3.567,0.648,499.606,44.732,32.475,1.231,31.021,0
2026-09-13T09:04:22+00:00,PRESS-RTP41-DEMO,BATCH-DEMO-002,17.718,3.524,0.617,504.212,45.128,31.851,1.187,30.732,0
2026-09-13T09:04:23+00:00,PRESS-RTP41-DEMO,BATCH-DEMO-002,17.72,3.525,0.678,502.595,44.969,32.534,1.091,30.8,0
2026-09-13T09:04:24+00:00,PRESS-RTP41-DEMO,BATCH-DEMO-002,17.505,3.513,0.704,501.926,45.102,31.784,1.225,31.166,0
2026-09-13T09:04:25+00:00,PRESS-RTP41-DEMO,BATCH-DEMO-002,17.162,3.298,0.692,497.731,44.691,32.525,1.171,30.94,0
2026-09-13T09:04:26+00:00,PRESS-RTP41-DEMO,BATCH-DEMO-002,17.978,3.406,0.758,497.995,45.948,31.971,1.163,31.168,0
2026-09-13T09:04:27+00:00,PRESS-RTP41-DEMO,BATCH-DEMO-002,17.995,3.322,0.695,501.853,44.887,31.809,1.243,30.94,0
2026-09-13T09:04:28+00:00,PRESS-RTP41-DEMO,BATCH-DEMO-002,18.37,3.52,0.681,503.496,45.156,31.267,1.304,30.928,0
2026-09-13T09:04:29+00:00,PRESS-RTP41-DEMO,BATCH-DEMO-002,17.795,3.48,0.676,502.432,44.81,31.844,1.19,30.971,0
2026-09-13T09:04:30+00:00,PRESS-RTP41-DEMO,BATCH-DEMO-002,17.764,3.334,0.687,502.953,44.693,32.157,1.176,30.708,0
2026-09-13T09:04:31+00:00,PRESS-RTP41-DEMO,BATCH-DEMO-002,17.6,3.491,0.628,498.676,45.204,32.197,1.291,30.998,0
2026-09-13T09:04:32+00:00,PRESS-RTP41-DEMO,BATCH-DEMO-002,18.105,3.361,0.645,500.881,44.841,32.04,1.206,31.135,0
2026-09-13T09:04:33+00:00,PRESS-RTP41-DEMO,BATCH-DEMO-002,18.944,3.588,0.666,500.798,45.194,32.116,1.434,31.156,0
2026-09-13T09:04:34+00:00,PRESS-RTP41-DEMO,BATCH-DEMO-002,17.596,3.542,0.603,499.546,44.613,32.212,1.296,30.844,0
2026-09-13T09:04:35+00:00,PRESS-RTP41-DEMO,BATCH-DEMO-002,17.991,3.544,0.616,496.202,45.507,31.708,1.253,30.9,0
2026-09-13T09:04:36+00:00,PRESS-RTP41-DEMO,BATCH-DEMO-002,17.784,3.39,0.574,501.62,44.871,32.13,1.311,31.13,0
2026-09-13T09:04:37+00:00,PRESS-RTP41-DEMO,BATCH-DEMO-002,17.41,3.371,0.712,498.508,44.88,31.855,1.086,30.793,0
2026-09-13T09:04:38+00:00,PRESS-RTP41-DEMO,BATCH-DEMO-002,18.004,3.367,0.663,499.563,44.407,31.729,0.98,31.251,0
2026-09-13T09:04:39+00:00,PRESS-RTP41-DEMO,BATCH-DEMO-002,18.674,3.508,0.626,501.107,44.92,32.524,1.346,30.992,0
2026-09-13T09:04:40+00:00,PRESS-RTP41-DEMO,BATCH-DEMO-002,17.74,3.533,0.686,497.955,44.108,32.366,1.121,30.926,0
2026-09-13T09:04:41+00:00,PRESS-RTP41-DEMO,BATCH-DEMO-002,18.159,3.486,0.7,496.387,45.154,32.346,1.321,31.124,0
2026-09-13T09:04:42+00:00,PRESS-RTP41-DEMO,BATCH-DEMO-002,17.631,3.459,0.713,501.247,45.332,31.889,1.295,31.159,0
2026-09-13T09:04:43+00:00,PRESS-RTP41-DEMO,BATCH-DEMO-002,17.498,3.429,0.705,501.95,44.874,31.69,1.218,31.055,0
2026-09-13T09:04:44+00:00,PRESS-RTP41-DEMO,BATCH-DEMO-002,18.504,3.531,0.518,500.938,45.19,31.801,1.062,31.351,0
2026-09-13T09:04:45+00:00,PRESS-RTP41-DEMO,BATCH-DEMO-002,17.584,3.565,0.634,501.809,45.255,32.045,1.204,31.216,0
2026-09-13T09:04:46+00:00,PRESS-RTP41-DEMO,BATCH-DEMO-002,18.167,3.438,0.731,498.955,45.384,32.314,1.266,31.24,0
2026-09-13T09:04:47+00:00,PRESS-RTP41-DEMO,BATCH-DEMO-002,17.738,3.58,0.704,505.038,44.654,31.771,1.338,30.81,0
2026-09-13T09:04:48+00:00,PRESS-RTP41-DEMO,BATCH-DEMO-002,18.235,3.612,0.677,500.828,45.105,31.998,1.083,30.928,0
2026-09-13T09:04:49+00:00,PRESS-RTP41-DEMO,BATCH-DEMO-002,18.439,3.458,0.655,498.643,45.189,31.959,1.2,31.082,0
2026-09-13T09:04:50+00:00,PRESS-RTP41-DEMO,BATCH-DEMO-002,18.099,3.566,0.582,500.316,44.767,31.711,1.257,30.972,0
2026-09-13T09:04:51+00:00,PRESS-RTP41-DEMO,BATCH-DEMO-002,18.224,3.554,0.592,494.805,45.14,31.748,1.355,30.517,0
2026-09-13T09:04:52+00:00,PRESS-RTP41-DEMO,BATCH-DEMO-002,18.452,3.573,0.683,499.263,44.83,32.03,1.263,31.448,0
2026-09-13T09:04:53+00:00,PRESS-RTP41-DEMO,BATCH-DEMO-002,17.594,3.243,0.559,499.393,45.022,32.203,1.058,30.961,0
2026-09-13T09:04:54+00:00,PRESS-RTP41-DEMO,BATCH-DEMO-002,18.119,3.622,0.732,498.588,44.723,32.289,1.142,30.74,0
2026-09-13T09:04:55+00:00,PRESS-RTP41-DEMO,BATCH-DEMO-002,18.42,3.486,0.561,501.7,45.283,31.799,1.228,31.085,0
2026-09-13T09:04:56+00:00,PRESS-RTP41-DEMO,BATCH-DEMO-002,17.798,3.526,0.608,496.19,45.317,32.064,1.202,30.884,0
2026-09-13T09:04:57+00:00,PRESS-RTP41-DEMO,BATCH-DEMO-002,17.755,3.561,0.695,501.005,45.209,32.017,1.139,30.802,0
2026-09-13T09:04:58+00:00,PRESS-RTP41-DEMO,BATCH-DEMO-002,18.226,3.549,0.617,492.263,45.216,31.99,1.34,30.765,0
2026-09-13T09:04:59+00:00,PRESS-RTP41-DEMO,BATCH-DEMO-002,17.958,3.536,0.609,499.826,44.538,32.129,1.143,30.828,0
2026-09-13T09:05:00+00:00,PRESS-RTP41-DEMO,BATCH-DEMO-002,22.677,3.603,0.56,495.608,44.966,31.817,1.362,30.719,1
2026-09-13T09:05:01+00:00,PRESS-RTP41-DEMO,BATCH-DEMO-002,23.959,3.243,0.619,498.17,45.157,32.271,1.14,30.942,1
2026-09-13T09:05:02+00:00,PRESS-RTP41-DEMO,BATCH-DEMO-002,22.09,3.546,0.572,502.297,44.653,32.701,1.186,31.092,1
2026-09-13T09:05:03+00:00,PRESS-RTP41-DEMO,BATCH-DEMO-002,21.465,3.457,0.565,498.073,45.107,31.822,1.17,30.673,1
2026-09-13T09:05:04+00:00,PRESS-RTP41-DEMO,BATCH-DEMO-002,24.012,3.533,0.717,499.193,44.999,31.503,1.142,30.93,1
2026-09-13T09:05:05+00:00,PRESS-RTP41-DEMO,BATCH-DEMO-002,24.55,3.519,0.669,505.113,44.857,32.063,1.248,31.275,1
2026-09-13T09:05:06+00:00,PRESS-RTP41-DEMO,BATCH-DEMO-002,22.479,3.426,0.592,495.936,44.789,32.0,1.282,30.838,1
2026-09-13T09:05:07+00:00,PRESS-RTP41-DEMO,BATCH-DEMO-002,23.839,3.44,0.609,500.001,45.115,31.397,1.2,30.81,1
2026-09-13T09:05:08+00:00,PRESS-RTP41-DEMO,BATCH-DEMO-002,20.126,3.529,0.662,505.357,45.617,32.248,1.368,30.901,1
2026-09-13T09:05:09+00:00,PRESS-RTP41-DEMO,BATCH-DEMO-002,23.806,3.414,0.639,503.91,45.132,31.722,1.25,30.786,1
2026-09-13T09:05:10+00:00,PRESS-RTP41-DEMO,BATCH-DEMO-002,25.334,3.65,0.741,500.065,45.002,32.189,1.171,30.856,1
2026-09-13T09:05:11+00:00,PRESS-RTP41-DEMO,BATCH-DEMO-002,22.14,3.453,0.655,501.676,45.059,32.348,1.256,31.008,1
2026-09-13T09:05:12+00:00,PRESS-RTP41-DEMO,BATCH-DEMO-002,22.499,3.821,0.645,501.179,45.027,31.756,1.188,31.24,1
2026-09-13T09:05:13+00:00,PRESS-RTP41-DEMO,BATCH-DEMO-002,23.132,3.509,0.639,500.686,45.05,32.248,1.266,30.811,1
2026-09-13T09:05:14+00:00,PRESS-RTP41-DEMO,BATCH-DEMO-002,23.492,3.625,0.625,499.339,45.188,32.45,1.212,31.095,1
2026-09-13T09:05:15+00:00,PRESS-RTP41-DEMO,BATCH-DEMO-002,22.315,3.541,0.683,503.233,45.249,31.694,1.168,30.924,1
2026-09-13T09:05:16+00:00,PRESS-RTP41-DEMO,BATCH-DEMO-002,20.729,3.515,0.638,496.792,44.529,32.043,1.359,30.678,1
2026-09-13T09:05:17+00:00,PRESS-RTP41-DEMO,BATCH-DEMO-002,22.842,3.394,0.72,499.686,45.423,32.634,1.156,30.992,1
2026-09-13T09:05:18+00:00,PRESS-RTP41-DEMO,BATCH-DEMO-002,20.331,3.387,0.662,500.817,44.76,32.077,1.005,30.854,1
2026-09-13T09:05:19+00:00,PRESS-RTP41-DEMO,BATCH-DEMO-002,22.926,3.526,0.617,499.739,45.532,32.589,1.135,30.756,1
2026-09-13T09:05:20+00:00,PRESS-RTP41-DEMO,BATCH-DEMO-002,22.689,3.508,0.658,499.288,45.285,32.304,1.349,31.079,1
2026-09-13T09:05:21+00:00,PRESS-RTP41-DEMO,BATCH-DEMO-002,24.047,3.357,0.66,500.641,44.887,32.242,1.167,30.932,1
2026-09-13T09:05:22+00:00,PRESS-RTP41-DEMO,BATCH-DEMO-002,22.664,3.458,0.689,500.554,44.82,32.037,1.28,30.901,1
2026-09-13T09:05:23+00:00,PRESS-RTP41-DEMO,BATCH-DEMO-002,21.936,3.494,0.641,498.781,44.797,32.058,1.176,31.007,1
2026-09-13T09:05:24+00:00,PRESS-RTP41-DEMO,BATCH-DEMO-002,22.453,3.544,0.59,503.094,45.299,32.388,1.231,31.028,1
2026-09-13T09:05:25+00:00,PRESS-RTP41-DEMO,BATCH-DEMO-002,21.878,3.444,0.658,504.105,44.812,31.912,1.37,30.919,1
2026-09-13T09:05:26+00:00,PRESS-RTP41-DEMO,BATCH-DEMO-002,22.137,3.557,0.65,501.572,44.973,31.888,1.318,30.47,1
2026-09-13T09:05:27+00:00,PRESS-RTP41-DEMO,BATCH-DEMO-002,21.062,3.66,0.589,501.637,45.019,31.802,1.164,31.18,1
2026-09-13T09:05:28+00:00,PRESS-RTP41-DEMO,BATCH-DEMO-002,23.927,3.365,0.543,497.51,45.031,31.697,1.297,31.257,1
2026-09-13T09:05:29+00:00,PRESS-RTP41-DEMO,BATCH-DEMO-002,22.777,3.33,0.605,499.08,44.58,31.943,1.117,30.689,1
2026-09-13T09:05:30+00:00,PRESS-RTP41-DEMO,BATCH-DEMO-002,23.827,3.485,0.712,499.261,44.768,31.972,1.111,31.058,1
2026-09-13T09:05:31+00:00,PRESS-RTP41-DEMO,BATCH-DEMO-002,24.42,3.388,0.651,499.487,45.072,32.029,1.12,31.139,1
2026-09-13T09:05:32+00:00,PRESS-RTP41-DEMO,BATCH-DEMO-002,23.971,3.323,0.596,501.095,44.696,32.262,1.076,30.587,1
2026-09-13T09:05:33+00:00,PRESS-RTP41-DEMO,BATCH-DEMO-002,21.73,3.605,0.675,498.852,44.989,32.304,1.085,30.772,1
2026-09-13T09:05:34+00:00,PRESS-RTP41-DEMO,BATCH-DEMO-002,21.277,3.592,0.669,501.632,45.607,31.916,1.291,30.855,1
2026-09-13T09:05:35+00:00,PRESS-RTP41-DEMO,BATCH-DEMO-002,22.648,3.42,0.636,500.786,45.01,31.735,1.191,30.968,1
2026-09-13T09:05:36+00:00,PRESS-RTP41-DEMO,BATCH-DEMO-002,21.144,3.51,0.653,496.937,45.334,31.358,1.175,30.991,1
2026-09-13T09:05:37+00:00,PRESS-RTP41-DEMO,BATCH-DEMO-002,25.09,3.379,0.661,497.121,45.277,31.642,1.144,30.844,1
2026-09-13T09:05:38+00:00,PRESS-RTP41-DEMO,BATCH-DEMO-002,22.509,3.551,0.606,498.818,44.516,32.117,1.005,31.108,1
2026-09-13T09:05:39+00:00,PRESS-RTP41-DEMO,BATCH-DEMO-002,25.656,3.443,0.581,498.336,44.845,32.454,1.011,31.233,1
2026-09-13T09:05:40+00:00,PRESS-RTP41-DEMO,BATCH-DEMO-002,23.687,3.373,0.658,501.409,44.807,32.26,1.123,30.824,1
2026-09-13T09:05:41+00:00,PRESS-RTP41-DEMO,BATCH-DEMO-002,20.553,3.563,0.625,500.863,45.171,32.01,1.242,30.922,1
2026-09-13T09:05:42+00:00,PRESS-RTP41-DEMO,BATCH-DEMO-002,23.757,3.555,0.676,508.208,44.959,31.878,1.125,30.927,1
2026-09-13T09:05:43+00:00,PRESS-RTP41-DEMO,BATCH-DEMO-002,23.735,3.534,0.611,498.257,44.924,31.868,1.18,31.007,1
2026-09-13T09:05:44+00:00,PRESS-RTP41-DEMO,BATCH-DEMO-002,20.982,3.489,0.641,498.621,45.459,31.668,1.128,31.391,1
2026-09-13T09:05:45+00:00,PRESS-RTP41-DEMO,BATCH-DEMO-002,23.204,3.612,0.688,499.089,45.099,31.721,1.1,30.535,1
2026-09-13T09:05:46+00:00,PRESS-RTP41-DEMO,BATCH-DEMO-002,21.355,3.376,0.633,500.336,45.129,31.616,0.956,31.307,1
2026-09-13T09:05:47+00:00,PRESS-RTP41-DEMO,BATCH-DEMO-002,23.932,3.56,0.68,498.934,45.417,31.965,1.268,30.982,1
2026-09-13T09:05:48+00:00,PRESS-RTP41-DEMO,BATCH-DEMO-002,23.255,3.674,0.59,498.816,45.439,32.357,1.13,31.065,1
2026-09-13T09:05:49+00:00,PRESS-RTP41-DEMO,BATCH-DEMO-002,23.871,3.654,0.589,502.279,44.551,32.408,1.191,31.365,1
2026-09-13T09:05:50+00:00,PRESS-RTP41-DEMO,BATCH-DEMO-002,22.512,3.48,0.62,502.333,45.462,31.951,1.116,31.114,1
2026-09-13T09:05:51+00:00,PRESS-RTP41-DEMO,BATCH-DEMO-002,22.595,3.398,0.587,497.273,45.28,32.579,1.308,31.13,1
2026-09-13T09:05:52+00:00,PRESS-RTP41-DEMO,BATCH-DEMO-002,21.183,3.421,0.717,502.52,44.922,31.976,1.132,30.797,1
2026-09-13T09:05:53+00:00,PRESS-RTP41-DEMO,BATCH-DEMO-002,20.208,3.439,0.744,498.462,44.83,32.472,1.067,31.029,1
2026-09-13T09:05:54+00:00,PRESS-RTP41-DEMO,BATCH-DEMO-002,23.93,3.303,0.689,493.926,44.593,32.224,1.336,31.086,1
2026-09-13T09:05:55+00:00,PRESS-RTP41-DEMO,BATCH-DEMO-002,22.05,3.452,0.556,503.78,45.145,32.309,1.106,31.165,1
2026-09-13T09:05:56+00:00,PRESS-RTP41-DEMO,BATCH-DEMO-002,22.004,3.585,0.768,499.199,44.976,31.59,1.394,31.145,1
2026-09-13T09:05:57+00:00,PRESS-RTP41-DEMO,BATCH-DEMO-002,23.518,3.633,0.649,501.207,45.219,32.037,1.434,31.072,1
2026-09-13T09:05:58+00:00,PRESS-RTP41-DEMO,BATCH-DEMO-002,21.503,3.424,0.619,497.439,45.005,32.329,1.018,31.014,1
2026-09-13T09:05:59+00:00,PRESS-RTP41-DEMO,BATCH-DEMO-002,22.303,3.426,0.692,497.322,45.092,31.725,1.202,30.731,1
2026-09-13T09:06:00+00:00,PRESS-RTP41-DEMO,BATCH-DEMO-002,22.462,3.592,0.661,500.413,44.917,31.309,1.054,31.013,1
2026-09-13T09:06:01+00:00,PRESS-RTP41-DEMO,BATCH-DEMO-002,21.779,3.482,0.692,501.778,45.218,32.416,1.208,31.169,1
2026-09-13T09:06:02+00:00,PRESS-RTP41-DEMO,BATCH-DEMO-002,24.517,3.565,0.65,497.352,44.823,32.251,1.29,30.932,1
2026-09-13T09:06:03+00:00,PRESS-RTP41-DEMO,BATCH-DEMO-002,23.678,3.557,0.68,499.314,45.247,32.522,1.159,30.872,1
2026-09-13T09:06:04+00:00,PRESS-RTP41-DEMO,BATCH-DEMO-002,25.338,3.536,0.624,500.516,45.474,31.907,1.246,30.987,1
2026-09-13T09:06:05+00:00,PRESS-RTP41-DEMO,BATCH-DEMO-002,21.612,3.267,0.623,497.503,45.317,31.75,1.248,31.137,1
2026-09-13T09:06:06+00:00,PRESS-RTP41-DEMO,BATCH-DEMO-002,20.649,3.385,0.576,497.063,45.231,31.503,1.297,31.491,1
2026-09-13T09:06:07+00:00,PRESS-RTP41-DEMO,BATCH-DEMO-002,22.82,3.437,0.611,499.85,45.295,31.946,1.088,30.854,1
2026-09-13T09:06:08+00:00,PRESS-RTP41-DEMO,BATCH-DEMO-002,21.08,3.462,0.574,498.605,45.201,31.792,1.241,31.126,1
2026-09-13T09:06:09+00:00,PRESS-RTP41-DEMO,BATCH-DEMO-002,25.512,3.624,0.607,498.788,45.631,31.533,1.082,30.291,1
2026-09-13T09:06:10+00:00,PRESS-RTP41-DEMO,BATCH-DEMO-002,22.427,3.399,0.677,498.31,45.054,31.947,1.194,30.815,1
2026-09-13T09:06:11+00:00,PRESS-RTP41-DEMO,BATCH-DEMO-002,23.335,3.608,0.749,501.079,45.384,32.209,1.075,31.104,1
2026-09-13T09:06:12+00:00,PRESS-RTP41-DEMO,BATCH-DEMO-002,23.237,3.682,0.64,500.154,44.978,31.644,1.351,30.845,1
2026-09-13T09:06:13+00:00,PRESS-RTP41-DEMO,BATCH-DEMO-002,22.5,3.502,0.647,499.191,44.92,32.224,1.15,31.435,1
2026-09-13T09:06:14+00:00,PRESS-RTP41-DEMO,BATCH-DEMO-002,23.599,3.416,0.639,501.915,44.821,32.354,1.43,31.072,1
2026-09-13T09:06:15+00:00,PRESS-RTP41-DEMO,BATCH-DEMO-002,24.534,3.741,0.558,499.868,44.474,32.2,1.438,30.982,1
2026-09-13T09:06:16+00:00,PRESS-RTP41-DEMO,BATCH-DEMO-002,22.256,3.443,0.718,502.091,44.924,31.805,1.205,31.23,1
2026-09-13T09:06:17+00:00,PRESS-RTP41-DEMO,BATCH-DEMO-002,21.804,3.409,0.674,500.228,44.586,31.781,1.276,30.831,1
2026-09-13T09:06:18+00:00,PRESS-RTP41-DEMO,BATCH-DEMO-002,22.543,3.428,0.691,498.114,44.911,32.166,1.165,30.976,1
2026-09-13T09:06:19+00:00,PRESS-RTP41-DEMO,BATCH-DEMO-002,22.689,3.471,0.709,502.08,44.432,32.034,1.253,31.1,1
2026-09-13T09:06:20+00:00,PRESS-RTP41-DEMO,BATCH-DEMO-002,24.825,3.64,0.652,501.693,45.063,31.759,1.226,30.893,1
2026-09-13T09:06:21+00:00,PRESS-RTP41-DEMO,BATCH-DEMO-002,21.935,3.43,0.614,492.861,45.953,31.788,1.177,31.288,1
2026-09-13T09:06:22+00:00,PRESS-RTP41-DEMO,BATCH-DEMO-002,22.322,3.475,0.62,495.454,45.229,32.027,1.126,30.998,1
2026-09-13T09:06:23+00:00,PRESS-RTP41-DEMO,BATCH-DEMO-002,22.331,3.462,0.63,497.481,45.215,32.116,1.069,30.804,1
2026-09-13T09:06:24+00:00,PRESS-RTP41-DEMO,BATCH-DEMO-002,21.286,3.476,0.625,500.329,45.111,31.68,1.238,31.082,1
2026-09-13T09:06:25+00:00,PRESS-RTP41-DEMO,BATCH-DEMO-002,21.41,3.47,0.663,501.532,45.169,31.93,1.255,31.172,1
2026-09-13T09:06:26+00:00,PRESS-RTP41-DEMO,BATCH-DEMO-002,21.12,3.408,0.689,498.332,44.599,32.019,1.167,31.162,1
2026-09-13T09:06:27+00:00,PRESS-RTP41-DEMO,BATCH-DEMO-002,23.319,3.366,0.63,501.15,45.28,32.306,1.308,30.798,1
2026-09-13T09:06:28+00:00,PRESS-RTP41-DEMO,BATCH-DEMO-002,22.728,3.297,0.691,499.112,45.489,31.746,1.236,30.873,1
2026-09-13T09:06:29+00:00,PRESS-RTP41-DEMO,BATCH-DEMO-002,23.494,3.439,0.607,498.154,44.79,32.097,1.139,30.754,1
2026-09-13T09:06:30+00:00,PRESS-RTP41-DEMO,BATCH-DEMO-002,24.789,3.453,0.579,500.718,45.08,32.597,1.351,31.075,1
2026-09-13T09:06:31+00:00,PRESS-RTP41-DEMO,BATCH-DEMO-002,24.108,3.533,0.663,497.402,45.046,32.231,1.28,31.208,1
2026-09-13T09:06:32+00:00,PRESS-RTP41-DEMO,BATCH-DEMO-002,22.487,3.483,0.575,499.621,44.96,31.433,1.134,31.183,1
2026-09-13T09:06:33+00:00,PRESS-RTP41-DEMO,BATCH-DEMO-002,23.755,3.474,0.653,500.186,45.474,32.112,1.118,30.977,1
2026-09-13T09:06:34+00:00,PRESS-RTP41-DEMO,BATCH-DEMO-002,22.949,3.372,0.58,496.302,45.457,31.838,1.266,31.142,1
2026-09-13T09:06:35+00:00,PRESS-RTP41-DEMO,BATCH-DEMO-002,22.398,3.532,0.581,496.662,44.659,32.304,1.092,31.138,1
2026-09-13T09:06:36+00:00,PRESS-RTP41-DEMO,BATCH-DEMO-002,22.902,3.394,0.72,505.938,45.412,31.68,1.139,31.095,1
2026-09-13T09:06:37+00:00,PRESS-RTP41-DEMO,BATCH-DEMO-002,22.325,3.576,0.711,504.974,45.139,32.092,1.286,30.852,1
2026-09-13T09:06:38+00:00,PRESS-RTP41-DEMO,BATCH-DEMO-002,23.705,3.707,0.76,497.55,45.077,32.061,1.359,30.719,1
2026-09-13T09:06:39+00:00,PRESS-RTP41-DEMO,BATCH-DEMO-002,24.53,3.535,0.613,492.891,44.8,32.373,1.15,30.946,1
2026-09-13T09:06:40+00:00,PRESS-RTP41-DEMO,BATCH-DEMO-002,22.67,3.469,0.657,503.51,44.739,32.299,1.064,31.269,1
2026-09-13T09:06:41+00:00,PRESS-RTP41-DEMO,BATCH-DEMO-002,22.471,3.516,0.689,504.523,44.671,32.119,1.12,30.987,1
2026-09-13T09:06:42+00:00,PRESS-RTP41-DEMO,BATCH-DEMO-002,23.39,3.476,0.604,499.89,45.057,31.784,1.062,31.007,1
2026-09-13T09:06:43+00:00,PRESS-RTP41-DEMO,BATCH-DEMO-002,22.289,3.629,0.683,496.273,45.473,31.983,1.155,31.209,1
2026-09-13T09:06:44+00:00,PRESS-RTP41-DEMO,BATCH-DEMO-002,24.732,3.529,0.645,499.17,44.74,32.049,1.205,31.026,1
2026-09-13T09:06:45+00:00,PRESS-RTP41-DEMO,BATCH-DEMO-002,22.723,3.485,0.64,503.257,45.193,32.098,1.229,30.817,1
2026-09-13T09:06:46+00:00,PRESS-RTP41-DEMO,BATCH-DEMO-002,23.57,3.54,0.751,497.084,44.919,32.007,1.097,31.153,1
2026-09-13T09:06:47+00:00,PRESS-RTP41-DEMO,BATCH-DEMO-002,22.454,3.622,0.738,497.657,45.792,31.827,1.103,31.141,1
2026-09-13T09:06:48+00:00,PRESS-RTP41-DEMO,BATCH-DEMO-002,23.557,3.623,0.567,501.363,45.035,31.777,1.242,30.823,1
2026-09-13T09:06:49+00:00,PRESS-RTP41-DEMO,BATCH-DEMO-002,21.853,3.54,0.544,502.455,44.953,31.919,1.144,31.037,1
2026-09-13T09:06:50+00:00,PRESS-RTP41-DEMO,BATCH-DEMO-002,24.334,3.541,0.676,498.872,44.881,32.061,1.164,30.769,1
2026-09-13T09:06:51+00:00,PRESS-RTP41-DEMO,BATCH-DEMO-002,22.339,3.354,0.631,497.217,44.866,32.405,1.14,30.761,1
2026-09-13T09:06:52+00:00,PRESS-RTP41-DEMO,BATCH-DEMO-002,22.673,3.656,0.655,499.975,45.023,32.104,1.271,31.055,1
2026-09-13T09:06:53+00:00,PRESS-RTP41-DEMO,BATCH-DEMO-002,22.67,3.623,0.657,498.38,45.166,32.213,1.272,31.608,1
2026-09-13T09:06:54+00:00,PRESS-RTP41-DEMO,BATCH-DEMO-002,23.082,3.454,0.607,501.325,45.339,31.887,1.303,30.729,1
2026-09-13T09:06:55+00:00,PRESS-RTP41-DEMO,BATCH-DEMO-002,23.441,3.46,0.614,497.888,44.792,32.355,1.276,30.919,1
2026-09-13T09:06:56+00:00,PRESS-RTP41-DEMO,BATCH-DEMO-002,21.956,3.537,0.651,501.612,45.209,32.353,1.0,30.783,1
2026-09-13T09:06:57+00:00,PRESS-RTP41-DEMO,BATCH-DEMO-002,21.79,3.496,0.636,498.311,44.853,32.137,1.039,30.988,1
2026-09-13T09:06:58+00:00,PRESS-RTP41-DEMO,BATCH-DEMO-002,20.981,3.724,0.681,501.195,44.927,31.986,1.076,30.99,1
2026-09-13T09:06:59+00:00,PRESS-RTP41-DEMO,BATCH-DEMO-002,22.898,3.52,0.694,501.423,45.082,31.222,1.195,31.082,1
2026-09-13T09:07:00+00:00,PRESS-RTP41-DEMO,BATCH-DEMO-002,23.133,3.597,0.694,497.006,44.374,32.403,1.363,31.016,1
2026-09-13T09:07:01+00:00,PRESS-RTP41-DEMO,BATCH-DEMO-002,22.377,3.732,0.702,502.731,45.019,32.226,1.283,30.867,1
2026-09-13T09:07:02+00:00,PRESS-RTP41-DEMO,BATCH-DEMO-002,20.795,3.656,0.654,503.425,45.028,32.247,1.169,31.279,1
2026-09-13T09:07:03+00:00,PRESS-RTP41-DEMO,BATCH-DEMO-002,24.048,3.535,0.609,503.171,45.149,32.673,1.218,30.654,1
2026-09-13T09:07:04+00:00,PRESS-RTP41-DEMO,BATCH-DEMO-002,24.098,3.495,0.632,501.541,45.18,32.443,1.178,31.23,1
2026-09-13T09:07:05+00:00,PRESS-RTP41-DEMO,BATCH-DEMO-002,23.109,3.356,0.614,500.576,45.118,31.873,1.038,30.861,1
2026-09-13T09:07:06+00:00,PRESS-RTP41-DEMO,BATCH-DEMO-002,20.152,3.445,0.702,497.022,45.101,31.99,1.187,30.947,1
2026-09-13T09:07:07+00:00,PRESS-RTP41-DEMO,BATCH-DEMO-002,23.266,3.38,0.676,502.331,44.872,31.294,1.232,30.688,1
2026-09-13T09:07:08+00:00,PRESS-RTP41-DEMO,BATCH-DEMO-002,21.553,3.436,0.638,497.575,44.721,31.82,1.161,30.771,1
2026-09-13T09:07:09+00:00,PRESS-RTP41-DEMO,BATCH-DEMO-002,23.723,3.521,0.648,502.603,44.902,32.0,1.353,30.583,1
2026-09-13T09:07:10+00:00,PRESS-RTP41-DEMO,BATCH-DEMO-002,22.181,3.564,0.655,495.686,45.076,31.967,1.232,30.787,1
2026-09-13T09:07:11+00:00,PRESS-RTP41-DEMO,BATCH-DEMO-002,24.649,3.341,0.628,501.042,44.48,31.992,1.153,31.329,1
2026-09-13T09:07:12+00:00,PRESS-RTP41-DEMO,BATCH-DEMO-002,23.319,3.55,0.613,496.546,45.012,31.76,1.196,30.936,1
2026-09-13T09:07:13+00:00,PRESS-RTP41-DEMO,BATCH-DEMO-002,21.93,3.44,0.67,499.415,44.808,32.233,1.354,31.425,1
2026-09-13T09:07:14+00:00,PRESS-RTP41-DEMO,BATCH-DEMO-002,22.631,3.489,0.564,498.892,44.676,31.57,1.216,30.729,1
2026-09-13T09:07:15+00:00,PRESS-RTP41-DEMO,BATCH-DEMO-002,22.162,3.432,0.66,500.985,44.882,31.639,1.341,30.888,1
2026-09-13T09:07:16+00:00,PRESS-RTP41-DEMO,BATCH-DEMO-002,22.964,3.431,0.615,503.017,45.102,32.211,0.917,30.818,1
2026-09-13T09:07:17+00:00,PRESS-RTP41-DEMO,BATCH-DEMO-002,25.109,3.418,0.682,496.735,44.971,31.708,1.174,31.148,1
2026-09-13T09:07:18+00:00,PRESS-RTP41-DEMO,BATCH-DEMO-002,23.878,3.403,0.658,501.136,44.5,31.725,1.091,31.111,1
2026-09-13T09:07:19+00:00,PRESS-RTP41-DEMO,BATCH-DEMO-002,23.137,3.392,0.58,500.569,44.658,31.638,1.268,31.239,1
2026-09-13T09:07:20+00:00,PRESS-RTP41-DEMO,BATCH-DEMO-002,24.774,3.639,0.669,502.36,44.721,32.23,1.221,30.95,1
2026-09-13T09:07:21+00:00,PRESS-RTP41-DEMO,BATCH-DEMO-002,22.316,3.404,0.647,498.307,45.466,31.931,1.147,30.991,1
2026-09-13T09:07:22+00:00,PRESS-RTP41-DEMO,BATCH-DEMO-002,24.339,3.419,0.545,501.145,45.212,32.221,1.29,30.681,1
2026-09-13T09:07:23+00:00,PRESS-RTP41-DEMO,BATCH-DEMO-002,22.224,3.556,0.68,496.526,44.854,31.892,1.159,30.909,1
2026-09-13T09:07:24+00:00,PRESS-RTP41-DEMO,BATCH-DEMO-002,23.733,3.411,0.647,501.481,45.364,32.298,1.096,31.097,1
2026-09-13T09:07:25+00:00,PRESS-RTP41-DEMO,BATCH-DEMO-002,24.676,3.566,0.662,500.294,44.658,31.687,1.284,31.07,1
2026-09-13T09:07:26+00:00,PRESS-RTP41-DEMO,BATCH-DEMO-002,24.036,3.553,0.669,495.495,45.699,32.109,1.247,30.981,1
2026-09-13T09:07:27+00:00,PRESS-RTP41-DEMO,BATCH-DEMO-002,25.025,3.603,0.699,494.484,44.724,31.777,1.228,30.943,1
2026-09-13T09:07:28+00:00,PRESS-RTP41-DEMO,BATCH-DEMO-002,23.785,3.503,0.67,499.566,44.851,32.359,1.205,30.786,1
2026-09-13T09:07:29+00:00,PRESS-RTP41-DEMO,BATCH-DEMO-002,23.404,3.558,0.657,495.126,45.174,31.551,1.17,31.077,1
2026-09-13T09:07:30+00:00,PRESS-RTP41-DEMO,BATCH-DEMO-002,21.556,3.569,0.691,493.28,44.933,31.585,1.359,31.051,1
2026-09-13T09:07:31+00:00,PRESS-RTP41-DEMO,BATCH-DEMO-002,22.633,3.414,0.674,497.847,45.299,32.099,1.014,30.896,1
2026-09-13T09:07:32+00:00,PRESS-RTP41-DEMO,BATCH-DEMO-002,23.632,3.491,0.552,498.102,44.839,32.182,1.194,31.236,1
2026-09-13T09:07:33+00:00,PRESS-RTP41-DEMO,BATCH-DEMO-002,22.792,3.515,0.8,500.899,45.026,32.456,1.231,30.761,1
2026-09-13T09:07:34+00:00,PRESS-RTP41-DEMO,BATCH-DEMO-002,23.083,3.585,0.671,499.186,45.075,32.138,1.335,30.89,1
2026-09-13T09:07:35+00:00,PRESS-RTP41-DEMO,BATCH-DEMO-002,24.851,3.372,0.668,496.265,44.942,32.05,1.16,31.004,1
2026-09-13T09:07:36+00:00,PRESS-RTP41-DEMO,BATCH-DEMO-002,23.554,3.502,0.593,497.979,45.393,32.204,1.001,30.945,1
2026-09-13T09:07:37+00:00,PRESS-RTP41-DEMO,BATCH-DEMO-002,22.598,3.568,0.713,503.512,44.609,31.668,1.114,31.035,1
2026-09-13T09:07:38+00:00,PRESS-RTP41-DEMO,BATCH-DEMO-002,22.382,3.356,0.65,496.358,44.886,31.822,1.227,30.892,1
2026-09-13T09:07:39+00:00,PRESS-RTP41-DEMO,BATCH-DEMO-002,25.277,3.542,0.658,496.905,44.316,32.368,1.216,30.949,1
2026-09-13T09:07:40+00:00,PRESS-RTP41-DEMO,BATCH-DEMO-002,24.745,3.53,0.664,504.91,44.828,31.894,1.29,30.916,1
2026-09-13T09:07:41+00:00,PRESS-RTP41-DEMO,BATCH-DEMO-002,21.74,3.65,0.661,501.233,45.067,31.992,1.074,30.92,1
2026-09-13T09:07:42+00:00,PRESS-RTP41-DEMO,BATCH-DEMO-002,21.246,3.462,0.582,492.972,44.983,31.38,1.017,31.067,1
2026-09-13T09:07:43+00:00,PRESS-RTP41-DEMO,BATCH-DEMO-002,23.472,3.569,0.606,503.06,45.095,31.761,1.121,30.852,1
2026-09-13T09:07:44+00:00,PRESS-RTP41-DEMO,BATCH-DEMO-002,25.819,3.59,0.645,499.93,44.983,31.883,1.051,30.875,1
2026-09-13T09:07:45+00:00,PRESS-RTP41-DEMO,BATCH-DEMO-002,22.763,3.562,0.581,495.772,45.122,31.883,0.965,30.868,1
2026-09-13T09:07:46+00:00,PRESS-RTP41-DEMO,BATCH-DEMO-002,25.283,3.616,0.682,497.807,44.984,31.694,1.315,31.03,1
2026-09-13T09:07:47+00:00,PRESS-RTP41-DEMO,BATCH-DEMO-002,25.975,3.648,0.691,501.725,44.797,31.54,1.192,31.691,1
2026-09-13T09:07:48+00:00,PRESS-RTP41-DEMO,BATCH-DEMO-002,23.342,3.524,0.686,500.094,45.105,31.875,1.163,31.254,1
2026-09-13T09:07:49+00:00,PRESS-RTP41-DEMO,BATCH-DEMO-002,21.031,3.51,0.55,496.223,45.052,31.982,1.179,31.0,1
2026-09-13T09:07:50+00:00,PRESS-RTP41-DEMO,BATCH-DEMO-002,22.977,3.517,0.536,498.451,44.679,31.717,1.223,30.75,1
2026-09-13T09:07:51+00:00,PRESS-RTP41-DEMO,BATCH-DEMO-002,22.532,3.363,0.624,498.612,44.826,32.057,1.085,30.982,1
2026-09-13T09:07:52+00:00,PRESS-RTP41-DEMO,BATCH-DEMO-002,23.505,3.593,0.659,497.543,44.676,32.421,1.259,30.559,1
2026-09-13T09:07:53+00:00,PRESS-RTP41-DEMO,BATCH-DEMO-002,22.899,3.539,0.556,498.032,45.66,32.519,1.24,30.87,1
2026-09-13T09:07:54+00:00,PRESS-RTP41-DEMO,BATCH-DEMO-002,22.306,3.561,0.625,499.376,44.653,32.626,1.229,30.895,1
2026-09-13T09:07:55+00:00,PRESS-RTP41-DEMO,BATCH-DEMO-002,23.296,3.593,0.687,501.761,45.309,32.275,1.381,31.001,1
2026-09-13T09:07:56+00:00,PRESS-RTP41-DEMO,BATCH-DEMO-002,21.926,3.453,0.621,500.574,45.005,32.521,1.065,31.31,1
2026-09-13T09:07:57+00:00,PRESS-RTP41-DEMO,BATCH-DEMO-002,23.58,3.463,0.603,496.979,44.768,32.208,1.188,31.236,1
2026-09-13T09:07:58+00:00,PRESS-RTP41-DEMO,BATCH-DEMO-002,22.291,3.583,0.664,499.678,44.921,32.985,1.25,30.975,1
2026-09-13T09:07:59+00:00,PRESS-RTP41-DEMO,BATCH-DEMO-002,23.236,3.444,0.602,498.59,44.821,32.1,1.156,31.109,1
2026-09-13T09:08:00+00:00,PRESS-RTP41-DEMO,BATCH-DEMO-002,22.275,3.538,0.743,503.438,45.107,32.095,1.236,30.844,1
2026-09-13T09:08:01+00:00,PRESS-RTP41-DEMO,BATCH-DEMO-002,24.067,3.515,0.677,502.936,44.749,32.009,1.26,31.103,1
2026-09-13T09:08:02+00:00,PRESS-RTP41-DEMO,BATCH-DEMO-002,20.697,3.804,0.686,499.792,44.77,32.311,1.188,30.86,1
2026-09-13T09:08:03+00:00,PRESS-RTP41-DEMO,BATCH-DEMO-002,23.996,3.635,0.642,500.279,45.068,31.937,1.313,31.076,1
2026-09-13T09:08:04+00:00,PRESS-RTP41-DEMO,BATCH-DEMO-002,25.347,3.484,0.644,501.051,45.039,32.225,1.201,31.144,1
2026-09-13T09:08:05+00:00,PRESS-RTP41-DEMO,BATCH-DEMO-002,22.414,3.49,0.693,500.442,45.003,32.171,1.198,31.183,1
2026-09-13T09:08:06+00:00,PRESS-RTP41-DEMO,BATCH-DEMO-002,23.543,3.447,0.593,501.555,44.903,31.426,1.042,30.772,1
2026-09-13T09:08:07+00:00,PRESS-RTP41-DEMO,BATCH-DEMO-002,22.902,3.574,0.64,504.324,45.405,32.546,1.256,30.964,1
2026-09-13T09:08:08+00:00,PRESS-RTP41-DEMO,BATCH-DEMO-002,22.726,3.454,0.678,500.812,44.747,32.056,1.158,31.003,1
2026-09-13T09:08:09+00:00,PRESS-RTP41-DEMO,BATCH-DEMO-002,22.75,3.47,0.589,508.271,44.555,32.242,1.223,30.916,1
2026-09-13T09:08:10+00:00,PRESS-RTP41-DEMO,BATCH-DEMO-002,21.878,3.58,0.647,500.054,44.607,32.213,1.14,31.197,1
2026-09-13T09:08:11+00:00,PRESS-RTP41-DEMO,BATCH-DEMO-002,25.968,3.463,0.656,501.096,45.009,32.205,1.069,30.887,1
2026-09-13T09:08:12+00:00,PRESS-RTP41-DEMO,BATCH-DEMO-002,23.137,3.57,0.537,499.175,45.438,32.316,1.214,31.014,1
2026-09-13T09:08:13+00:00,PRESS-RTP41-DEMO,BATCH-DEMO-002,24.774,3.503,0.681,499.092,45.126,32.276,1.414,30.711,1
2026-09-13T09:08:14+00:00,PRESS-RTP41-DEMO,BATCH-DEMO-002,23.629,3.492,0.662,498.375,45.213,31.736,1.229,30.837,1
2026-09-13T09:08:15+00:00,PRESS-RTP41-DEMO,BATCH-DEMO-002,25.358,3.646,0.584,494.414,45.037,32.274,1.294,30.939,1
2026-09-13T09:08:16+00:00,PRESS-RTP41-DEMO,BATCH-DEMO-002,21.025,3.525,0.672,503.733,45.207,32.129,1.235,30.587,1
2026-09-13T09:08:17+00:00,PRESS-RTP41-DEMO,BATCH-DEMO-002,21.403,3.412,0.631,498.665,44.776,31.962,1.201,31.145,1
2026-09-13T09:08:18+00:00,PRESS-RTP41-DEMO,BATCH-DEMO-002,23.826,3.417,0.568,497.148,45.03,32.152,1.194,31.022,1
2026-09-13T09:08:19+00:00,PRESS-RTP41-DEMO,BATCH-DEMO-002,23.066,3.696,0.615,499.144,45.403,31.997,1.305,30.855,1
2026-09-13T09:08:20+00:00,PRESS-RTP41-DEMO,BATCH-DEMO-002,21.06,3.364,0.691,495.772,45.458,32.03,1.314,30.917,1
2026-09-13T09:08:21+00:00,PRESS-RTP41-DEMO,BATCH-DEMO-002,23.77,3.593,0.724,501.7,45.097,32.238,1.384,30.957,1
2026-09-13T09:08:22+00:00,PRESS-RTP41-DEMO,BATCH-DEMO-002,22.693,3.557,0.631,497.038,44.518,32.074,1.049,30.462,1
2026-09-13T09:08:23+00:00,PRESS-RTP41-DEMO,BATCH-DEMO-002,24.055,3.539,0.64,499.508,44.937,31.774,1.135,31.111,1
2026-09-13T09:08:24+00:00,PRESS-RTP41-DEMO,BATCH-DEMO-002,23.029,3.53,0.623,502.385,44.774,32.253,1.119,31.067,1
2026-09-13T09:08:25+00:00,PRESS-RTP41-DEMO,BATCH-DEMO-002,22.879,3.713,0.645,502.027,44.98,32.016,1.275,30.995,1
2026-09-13T09:08:26+00:00,PRESS-RTP41-DEMO,BATCH-DEMO-002,23.938,3.56,0.628,501.591,44.998,31.827,1.245,31.007,1
2026-09-13T09:08:27+00:00,PRESS-RTP41-DEMO,BATCH-DEMO-002,24.048,3.599,0.61,498.321,44.557,32.186,1.124,30.955,1
2026-09-13T09:08:28+00:00,PRESS-RTP41-DEMO,BATCH-DEMO-002,21.053,3.592,0.673,498.837,45.296,32.032,1.069,30.815,1
2026-09-13T09:08:29+00:00,PRESS-RTP41-DEMO,BATCH-DEMO-002,22.881,3.52,0.708,501.765,44.802,32.354,1.052,31.047,1
2026-09-13T09:08:30+00:00,PRESS-RTP41-DEMO,BATCH-DEMO-002,22.223,3.463,0.693,499.113,45.072,32.05,1.263,31.078,1
2026-09-13T09:08:31+00:00,PRESS-RTP41-DEMO,BATCH-DEMO-002,22.989,3.67,0.703,498.451,45.155,32.377,1.283,31.196,1
2026-09-13T09:08:32+00:00,PRESS-RTP41-DEMO,BATCH-DEMO-002,22.845,3.676,0.73,497.59,44.968,32.003,1.119,30.874,1
2026-09-13T09:08:33+00:00,PRESS-RTP41-DEMO,BATCH-DEMO-002,24.601,3.517,0.568,498.956,45.068,31.451,1.261,30.919,1
2026-09-13T09:08:34+00:00,PRESS-RTP41-DEMO,BATCH-DEMO-002,21.577,3.534,0.554,504.838,45.145,31.828,1.343,30.977,1
2026-09-13T09:08:35+00:00,PRESS-RTP41-DEMO,BATCH-DEMO-002,24.189,3.553,0.694,500.188,45.179,32.128,1.157,30.81,1
2026-09-13T09:08:36+00:00,PRESS-RTP41-DEMO,BATCH-DEMO-002,22.591,3.322,0.637,500.897,44.871,32.4,1.413,31.03,1
2026-09-13T09:08:37+00:00,PRESS-RTP41-DEMO,BATCH-DEMO-002,25.688,3.485,0.667,497.955,45.024,32.168,1.052,31.315,1
2026-09-13T09:08:38+00:00,PRESS-RTP41-DEMO,BATCH-DEMO-002,21.852,3.508,0.607,502.06,45.072,32.592,1.169,31.062,1
2026-09-13T09:08:39+00:00,PRESS-RTP41-DEMO,BATCH-DEMO-002,23.414,3.504,0.636,500.342,45.273,32.432,1.274,30.844,1
2026-09-13T09:08:40+00:00,PRESS-RTP41-DEMO,BATCH-DEMO-002,23.901,3.343,0.653,498.083,44.899,32.595,1.215,30.972,1
2026-09-13T09:08:41+00:00,PRESS-RTP41-DEMO,BATCH-DEMO-002,24.453,3.461,0.575,500.967,44.975,32.153,1.314,31.03,1
2026-09-13T09:08:42+00:00,PRESS-RTP41-DEMO,BATCH-DEMO-002,22.411,3.486,0.507,501.479,44.898,32.091,1.224,31.034,1
2026-09-13T09:08:43+00:00,PRESS-RTP41-DEMO,BATCH-DEMO-002,26.233,3.287,0.582,497.758,44.781,32.258,1.11,31.07,1
2026-09-13T09:08:44+00:00,PRESS-RTP41-DEMO,BATCH-DEMO-002,24.46,3.43,0.64,501.136,44.417,32.217,1.323,31.11,1
2026-09-13T09:08:45+00:00,PRESS-RTP41-DEMO,BATCH-DEMO-002,26.308,3.518,0.591,502.741,44.663,31.916,1.201,30.612,1
2026-09-13T09:08:46+00:00,PRESS-RTP41-DEMO,BATCH-DEMO-002,21.861,3.573,0.678,500.261,44.952,32.082,1.151,31.462,1
2026-09-13T09:08:47+00:00,PRESS-RTP41-DEMO,BATCH-DEMO-002,23.453,3.592,0.625,504.992,45.001,31.909,1.16,31.09,1
2026-09-13T09:08:48+00:00,PRESS-RTP41-DEMO,BATCH-DEMO-002,24.788,3.562,0.557,498.739,45.459,32.095,1.262,30.714,1
2026-09-13T09:08:49+00:00,PRESS-RTP41-DEMO,BATCH-DEMO-002,24.059,3.45,0.633,501.235,45.017,32.421,1.387,30.965,1
2026-09-13T09:08:50+00:00,PRESS-RTP41-DEMO,BATCH-DEMO-002,21.36,3.431,0.626,499.892,45.251,32.021,1.091,30.918,1
2026-09-13T09:08:51+00:00,PRESS-RTP41-DEMO,BATCH-DEMO-002,23.053,3.556,0.671,497.415,44.778,32.298,1.307,30.928,1
2026-09-13T09:08:52+00:00,PRESS-RTP41-DEMO,BATCH-DEMO-002,23.254,3.383,0.618,501.73,45.518,31.675,1.217,30.748,1
2026-09-13T09:08:53+00:00,PRESS-RTP41-DEMO,BATCH-DEMO-002,21.246,3.575,0.606,499.561,45.373,32.205,1.343,30.959,1
2026-09-13T09:08:54+00:00,PRESS-RTP41-DEMO,BATCH-DEMO-002,24.873,3.615,0.657,500.267,44.939,31.866,1.081,31.149,1
2026-09-13T09:08:55+00:00,PRESS-RTP41-DEMO,BATCH-DEMO-002,23.695,3.526,0.599,502.286,44.537,32.061,1.047,31.035,1
2026-09-13T09:08:56+00:00,PRESS-RTP41-DEMO,BATCH-DEMO-002,22.452,3.372,0.687,499.992,44.368,32.063,1.44,30.864,1
2026-09-13T09:08:57+00:00,PRESS-RTP41-DEMO,BATCH-DEMO-002,23.449,3.477,0.639,502.102,44.81,31.572,1.23,30.982,1
2026-09-13T09:08:58+00:00,PRESS-RTP41-DEMO,BATCH-DEMO-002,23.089,3.322,0.617,501.418,44.955,31.662,1.167,30.905,1
2026-09-13T09:08:59+00:00,PRESS-RTP41-DEMO,BATCH-DEMO-002,22.487,3.379,0.688,498.286,44.642,31.919,1.333,31.007,1
2026-09-13T09:09:00+00:00,PRESS-RTP41-DEMO,BATCH-DEMO-002,22.626,3.601,0.625,497.704,44.585,32.7,1.117,30.848,1
2026-09-13T09:09:01+00:00,PRESS-RTP41-DEMO,BATCH-DEMO-002,24.809,3.53,0.692,498.637,44.792,31.906,1.222,30.971,1
2026-09-13T09:09:02+00:00,PRESS-RTP41-DEMO,BATCH-DEMO-002,21.104,3.452,0.591,496.885,45.131,31.806,1.207,30.891,1
2026-09-13T09:09:03+00:00,PRESS-RTP41-DEMO,BATCH-DEMO-002,25.025,3.581,0.576,497.767,45.225,32.058,1.151,31.196,1
2026-09-13T09:09:04+00:00,PRESS-RTP41-DEMO,BATCH-DEMO-002,20.945,3.348,0.607,501.534,45.163,31.699,1.283,31.212,1
2026-09-13T09:09:05+00:00,PRESS-RTP41-DEMO,BATCH-DEMO-002,24.096,3.472,0.64,498.933,44.986,31.931,1.125,31.103,1
2026-09-13T09:09:06+00:00,PRESS-RTP41-DEMO,BATCH-DEMO-002,25.088,3.4,0.624,498.496,45.149,31.648,1.137,31.233,1
2026-09-13T09:09:07+00:00,PRESS-RTP41-DEMO,BATCH-DEMO-002,22.804,3.571,0.64,501.478,44.803,31.937,1.318,31.304,1
2026-09-13T09:09:08+00:00,PRESS-RTP41-DEMO,BATCH-DEMO-002,23.137,3.53,0.633,499.196,44.381,31.726,1.208,30.887,1
2026-09-13T09:09:09+00:00,PRESS-RTP41-DEMO,BATCH-DEMO-002,24.371,3.507,0.522,500.338,44.995,31.783,1.056,31.275,1
2026-09-13T09:09:10+00:00,PRESS-RTP41-DEMO,BATCH-DEMO-002,21.001,3.524,0.694,499.998,45.491,32.059,0.932,31.023,1
2026-09-13T09:09:11+00:00,PRESS-RTP41-DEMO,BATCH-DEMO-002,22.283,3.449,0.582,501.566,45.091,32.235,1.177,30.872,1
2026-09-13T09:09:12+00:00,PRESS-RTP41-DEMO,BATCH-DEMO-002,24.648,3.496,0.615,496.138,44.649,31.532,1.216,30.838,1
2026-09-13T09:09:13+00:00,PRESS-RTP41-DEMO,BATCH-DEMO-002,23.107,3.343,0.607,496.739,45.306,32.193,1.118,30.904,1
2026-09-13T09:09:14+00:00,PRESS-RTP41-DEMO,BATCH-DEMO-002,25.237,3.412,0.67,498.417,44.889,31.365,1.257,31.161,1
2026-09-13T09:09:15+00:00,PRESS-RTP41-DEMO,BATCH-DEMO-002,21.322,3.483,0.682,502.556,45.054,32.068,1.35,30.753,1
2026-09-13T09:09:16+00:00,PRESS-RTP41-DEMO,BATCH-DEMO-002,22.813,3.376,0.678,499.724,45.285,31.794,1.265,30.601,1
2026-09-13T09:09:17+00:00,PRESS-RTP41-DEMO,BATCH-DEMO-002,25.176,3.382,0.568,503.164,44.813,31.87,1.153,30.74,1
2026-09-13T09:09:18+00:00,PRESS-RTP41-DEMO,BATCH-DEMO-002,22.336,3.519,0.645,497.776,45.133,32.167,1.235,31.01,1
2026-09-13T09:09:19+00:00,PRESS-RTP41-DEMO,BATCH-DEMO-002,24.04,3.559,0.661,501.497,44.713,31.809,1.33,30.721,1
2026-09-13T09:09:20+00:00,PRESS-RTP41-DEMO,BATCH-DEMO-002,25.139,3.511,0.663,500.394,44.958,31.851,1.12,31.049,1
2026-09-13T09:09:21+00:00,PRESS-RTP41-DEMO,BATCH-DEMO-002,22.824,3.371,0.596,496.233,45.472,32.151,1.121,30.607,1
2026-09-13T09:09:22+00:00,PRESS-RTP41-DEMO,BATCH-DEMO-002,24.007,3.679,0.7,497.827,45.089,32.013,1.344,31.081,1
2026-09-13T09:09:23+00:00,PRESS-RTP41-DEMO,BATCH-DEMO-002,23.287,3.658,0.724,499.282,45.206,32.8,1.379,30.876,1
2026-09-13T09:09:24+00:00,PRESS-RTP41-DEMO,BATCH-DEMO-002,22.076,3.516,0.647,504.656,45.151,32.071,1.148,30.757,1
2026-09-13T09:09:25+00:00,PRESS-RTP41-DEMO,BATCH-DEMO-002,24.485,3.555,0.725,501.559,45.104,31.764,1.169,31.207,1
2026-09-13T09:09:26+00:00,PRESS-RTP41-DEMO,BATCH-DEMO-002,22.931,3.563,0.579,503.069,45.429,32.421,1.347,31.247,1
2026-09-13T09:09:27+00:00,PRESS-RTP41-DEMO,BATCH-DEMO-002,22.275,3.6,0.65,493.504,44.886,31.763,1.24,30.591,1
2026-09-13T09:09:28+00:00,PRESS-RTP41-DEMO,BATCH-DEMO-002,25.424,3.479,0.697,503.611,45.031,31.739,1.295,31.064,1
2026-09-13T09:09:29+00:00,PRESS-RTP41-DEMO,BATCH-DEMO-002,23.769,3.5,0.562,499.494,44.863,32.35,1.266,31.39,1
2026-09-13T09:09:30+00:00,PRESS-RTP41-DEMO,BATCH-DEMO-002,22.485,3.395,0.633,501.407,44.528,31.281,1.415,31.014,1
2026-09-13T09:09:31+00:00,PRESS-RTP41-DEMO,BATCH-DEMO-002,25.018,3.654,0.612,499.502,44.914,31.665,1.199,31.013,1
2026-09-13T09:09:32+00:00,PRESS-RTP41-DEMO,BATCH-DEMO-002,22.882,3.569,0.632,501.544,45.209,31.255,1.148,30.907,1
2026-09-13T09:09:33+00:00,PRESS-RTP41-DEMO,BATCH-DEMO-002,25.954,3.642,0.643,495.818,45.072,31.714,1.264,31.043,1
2026-09-13T09:09:34+00:00,PRESS-RTP41-DEMO,BATCH-DEMO-002,23.464,3.562,0.698,497.927,44.523,32.1,1.223,31.206,1
2026-09-13T09:09:35+00:00,PRESS-RTP41-DEMO,BATCH-DEMO-002,24.863,3.537,0.627,500.59,45.529,31.863,1.17,31.252,1
2026-09-13T09:09:36+00:00,PRESS-RTP41-DEMO,BATCH-DEMO-002,22.204,3.526,0.624,499.218,44.611,32.056,1.193,30.897,1
2026-09-13T09:09:37+00:00,PRESS-RTP41-DEMO,BATCH-DEMO-002,22.411,3.526,0.619,499.364,44.825,31.62,1.137,30.894,1
2026-09-13T09:09:38+00:00,PRESS-RTP41-DEMO,BATCH-DEMO-002,22.554,3.439,0.759,502.713,45.05,32.021,1.131,31.379,1
2026-09-13T09:09:39+00:00,PRESS-RTP41-DEMO,BATCH-DEMO-002,22.723,3.643,0.607,499.659,45.039,32.215,1.25,31.223,1
2026-09-13T09:09:40+00:00,PRESS-RTP41-DEMO,BATCH-DEMO-002,20.441,3.317,0.591,499.983,45.387,31.832,1.092,30.752,1
2026-09-13T09:09:41+00:00,PRESS-RTP41-DEMO,BATCH-DEMO-002,23.689,3.353,0.676,500.945,45.972,31.941,1.183,30.557,1
2026-09-13T09:09:42+00:00,PRESS-RTP41-DEMO,BATCH-DEMO-002,22.902,3.493,0.688,501.417,45.313,32.153,1.122,30.701,1
2026-09-13T09:09:43+00:00,PRESS-RTP41-DEMO,BATCH-DEMO-002,20.521,3.431,0.593,498.311,45.052,32.009,1.296,30.625,1
2026-09-13T09:09:44+00:00,PRESS-RTP41-DEMO,BATCH-DEMO-002,22.744,3.543,0.589,502.863,44.681,31.742,1.216,30.937,1
2026-09-13T09:09:45+00:00,PRESS-RTP41-DEMO,BATCH-DEMO-002,23.703,3.466,0.689,500.947,44.895,31.888,1.17,30.962,1
2026-09-13T09:09:46+00:00,PRESS-RTP41-DEMO,BATCH-DEMO-002,22.538,3.435,0.661,496.93,45.122,32.363,1.192,30.903,1
2026-09-13T09:09:47+00:00,PRESS-RTP41-DEMO,BATCH-DEMO-002,23.491,3.482,0.687,496.863,45.321,31.968,1.229,30.627,1
2026-09-13T09:09:48+00:00,PRESS-RTP41-DEMO,BATCH-DEMO-002,24.389,3.414,0.666,502.044,45.032,32.197,1.134,31.427,1
2026-09-13T09:09:49+00:00,PRESS-RTP41-DEMO,BATCH-DEMO-002,22.986,3.645,0.657,499.466,45.124,31.825,1.292,30.77,1
2026-09-13T09:09:50+00:00,PRESS-RTP41-DEMO,BATCH-DEMO-002,23.676,3.386,0.649,499.348,44.797,31.657,1.116,31.022,1
2026-09-13T09:09:51+00:00,PRESS-RTP41-DEMO,BATCH-DEMO-002,22.072,3.546,0.769,500.415,45.323,32.378,1.213,31.107,1
2026-09-13T09:09:52+00:00,PRESS-RTP41-DEMO,BATCH-DEMO-002,21.575,3.502,0.644,500.073,44.95,32.482,1.233,31.168,1
2026-09-13T09:09:53+00:00,PRESS-RTP41-DEMO,BATCH-DEMO-002,23.105,3.54,0.646,495.353,45.27,31.88,1.119,31.206,1
2026-09-13T09:09:54+00:00,PRESS-RTP41-DEMO,BATCH-DEMO-002,22.271,3.589,0.635,501.559,44.821,31.658,1.237,30.838,1
2026-09-13T09:09:55+00:00,PRESS-RTP41-DEMO,BATCH-DEMO-002,23.504,3.52,0.669,504.123,44.88,32.07,1.202,30.739,1
2026-09-13T09:09:56+00:00,PRESS-RTP41-DEMO,BATCH-DEMO-002,22.811,3.374,0.587,498.993,44.982,31.904,1.286,31.243,1
2026-09-13T09:09:57+00:00,PRESS-RTP41-DEMO,BATCH-DEMO-002,24.835,3.363,0.709,496.05,45.19,32.218,1.218,30.66,1
2026-09-13T09:09:58+00:00,PRESS-RTP41-DEMO,BATCH-DEMO-002,23.795,3.662,0.647,502.008,45.266,32.463,1.413,31.08,1
2026-09-13T09:09:59+00:00,PRESS-RTP41-DEMO,BATCH-DEMO-002,25.966,3.407,0.578,499.753,45.101,32.115,1.288,31.149,1
2026-09-13T09:10:00+00:00,PRESS-RTP41-DEMO,BATCH-DEMO-002,18.236,3.593,0.614,497.581,44.831,32.148,1.203,30.895,0
2026-09-13T09:10:01+00:00,PRESS-RTP41-DEMO,BATCH-DEMO-002,17.412,3.447,0.671,505.181,44.702,32.201,1.422,30.879,0
2026-09-13T09:10:02+00:00,PRESS-RTP41-DEMO,BATCH-DEMO-002,17.81,3.697,0.647,500.16,45.104,31.901,1.366,30.888,0
2026-09-13T09:10:03+00:00,PRESS-RTP41-DEMO,BATCH-DEMO-002,17.986,3.679,0.629,501.755,45.228,31.819,1.143,30.906,0
2026-09-13T09:10:04+00:00,PRESS-RTP41-DEMO,BATCH-DEMO-002,17.86,3.62,0.673,503.159,45.755,31.821,1.35,30.743,0
2026-09-13T09:10:05+00:00,PRESS-RTP41-DEMO,BATCH-DEMO-002,17.649,3.461,0.667,497.893,44.719,31.494,1.313,30.934,0
2026-09-13T09:10:06+00:00,PRESS-RTP41-DEMO,BATCH-DEMO-002,18.042,3.572,0.663,496.059,45.013,32.049,1.215,30.794,0
2026-09-13T09:10:07+00:00,PRESS-RTP41-DEMO,BATCH-DEMO-002,18.273,3.496,0.731,494.668,44.858,32.13,1.263,30.992,0
2026-09-13T09:10:08+00:00,PRESS-RTP41-DEMO,BATCH-DEMO-002,18.007,3.556,0.676,499.69,44.625,31.011,0.914,30.859,0
2026-09-13T09:10:09+00:00,PRESS-RTP41-DEMO,BATCH-DEMO-002,17.806,3.416,0.678,499.738,44.442,31.969,1.093,30.788,0
2026-09-13T09:10:10+00:00,PRESS-RTP41-DEMO,BATCH-DEMO-002,17.325,3.675,0.627,498.865,45.082,31.952,1.062,30.538,0
2026-09-13T09:10:11+00:00,PRESS-RTP41-DEMO,BATCH-DEMO-002,18.222,3.491,0.684,499.846,45.027,32.173,1.447,30.793,0
2026-09-13T09:10:12+00:00,PRESS-RTP41-DEMO,BATCH-DEMO-002,17.792,3.316,0.663,500.554,44.482,31.841,1.119,31.013,0
2026-09-13T09:10:13+00:00,PRESS-RTP41-DEMO,BATCH-DEMO-002,18.011,3.37,0.641,501.748,44.871,31.783,1.252,30.797,0
2026-09-13T09:10:14+00:00,PRESS-RTP41-DEMO,BATCH-DEMO-002,17.768,3.41,0.686,503.5,44.964,32.098,1.001,31.079,0
2026-09-13T09:10:15+00:00,PRESS-RTP41-DEMO,BATCH-DEMO-002,18.824,3.481,0.673,500.057,44.673,32.019,1.291,31.11,0
2026-09-13T09:10:16+00:00,PRESS-RTP41-DEMO,BATCH-DEMO-002,17.851,3.492,0.652,499.62,44.763,31.55,1.241,30.987,0
2026-09-13T09:10:17+00:00,PRESS-RTP41-DEMO,BATCH-DEMO-002,17.727,3.582,0.613,501.093,45.103,31.807,1.244,31.012,0
2026-09-13T09:10:18+00:00,PRESS-RTP41-DEMO,BATCH-DEMO-002,18.132,3.492,0.622,500.022,44.738,31.917,1.141,31.169,0
2026-09-13T09:10:19+00:00,PRESS-RTP41-DEMO,BATCH-DEMO-002,17.956,3.387,0.721,499.384,44.948,32.521,1.363,30.711,0
2026-09-13T09:10:20+00:00,PRESS-RTP41-DEMO,BATCH-DEMO-002,17.734,3.499,0.65,499.934,45.203,32.231,1.317,30.927,0
2026-09-13T09:10:21+00:00,PRESS-RTP41-DEMO,BATCH-DEMO-002,17.671,3.529,0.691,504.22,44.977,31.992,1.194,31.192,0
2026-09-13T09:10:22+00:00,PRESS-RTP41-DEMO,BATCH-DEMO-002,17.728,3.489,0.639,498.872,45.037,32.002,1.172,30.95,0
2026-09-13T09:10:23+00:00,PRESS-RTP41-DEMO,BATCH-DEMO-002,18.057,3.721,0.602,501.651,45.337,31.862,1.232,30.673,0
2026-09-13T09:10:24+00:00,PRESS-RTP41-DEMO,BATCH-DEMO-002,18.167,3.467,0.677,500.206,45.096,32.426,1.167,30.653,0
2026-09-13T09:10:25+00:00,PRESS-RTP41-DEMO,BATCH-DEMO-002,17.868,3.556,0.648,498.579,44.691,31.884,1.271,30.889,0
2026-09-13T09:10:26+00:00,PRESS-RTP41-DEMO,BATCH-DEMO-002,17.533,3.448,0.674,504.225,44.895,31.972,1.321,31.082,0
2026-09-13T09:10:27+00:00,PRESS-RTP41-DEMO,BATCH-DEMO-002,17.947,3.442,0.594,499.158,45.201,31.394,1.22,31.123,0
2026-09-13T09:10:28+00:00,PRESS-RTP41-DEMO,BATCH-DEMO-002,18.089,3.534,0.67,503.22,45.336,31.482,1.16,30.916,0
2026-09-13T09:10:29+00:00,PRESS-RTP41-DEMO,BATCH-DEMO-002,17.889,3.658,0.606,503.312,45.043,31.83,1.149,30.998,0
2026-09-13T09:10:30+00:00,PRESS-RTP41-DEMO,BATCH-DEMO-002,17.616,3.483,0.605,499.898,44.675,31.713,1.04,30.991,0
2026-09-13T09:10:31+00:00,PRESS-RTP41-DEMO,BATCH-DEMO-002,18.168,3.327,0.641,499.454,45.415,32.386,1.105,31.248,0
2026-09-13T09:10:32+00:00,PRESS-RTP41-DEMO,BATCH-DEMO-002,18.495,3.405,0.838,498.194,45.388,32.09,1.244,30.765,0
2026-09-13T09:10:33+00:00,PRESS-RTP41-DEMO,BATCH-DEMO-002,17.361,3.444,0.701,499.806,44.888,31.828,1.286,30.641,0
2026-09-13T09:10:34+00:00,PRESS-RTP41-DEMO,BATCH-DEMO-002,17.792,3.507,0.578,495.152,44.69,32.656,1.159,31.131,0
2026-09-13T09:10:35+00:00,PRESS-RTP41-DEMO,BATCH-DEMO-002,18.257,3.66,0.649,503.51,44.78,31.88,1.011,30.881,0
2026-09-13T09:10:36+00:00,PRESS-RTP41-DEMO,BATCH-DEMO-002,17.873,3.39,0.685,497.728,44.742,32.03,1.229,30.974,0
2026-09-13T09:10:37+00:00,PRESS-RTP41-DEMO,BATCH-DEMO-002,17.979,3.516,0.693,496.461,44.832,32.205,1.326,31.056,0
2026-09-13T09:10:38+00:00,PRESS-RTP41-DEMO,BATCH-DEMO-002,17.59,3.363,0.689,503.012,44.484,31.951,1.225,31.172,0
2026-09-13T09:10:39+00:00,PRESS-RTP41-DEMO,BATCH-DEMO-002,17.383,3.317,0.687,502.624,44.859,32.211,1.121,31.149,0
2026-09-13T09:10:40+00:00,PRESS-RTP41-DEMO,BATCH-DEMO-002,18.13,3.523,0.573,497.519,44.722,31.849,1.156,30.864,0
2026-09-13T09:10:41+00:00,PRESS-RTP41-DEMO,BATCH-DEMO-002,17.954,3.538,0.635,503.118,45.201,31.822,1.208,30.877,0
2026-09-13T09:10:42+00:00,PRESS-RTP41-DEMO,BATCH-DEMO-002,18.189,3.812,0.683,498.003,44.931,31.799,1.115,31.079,0
2026-09-13T09:10:43+00:00,PRESS-RTP41-DEMO,BATCH-DEMO-002,17.567,3.583,0.576,500.577,45.108,32.061,1.081,31.134,0
2026-09-13T09:10:44+00:00,PRESS-RTP41-DEMO,BATCH-DEMO-002,17.895,3.478,0.705,496.829,44.522,32.448,1.309,30.911,0
2026-09-13T09:10:45+00:00,PRESS-RTP41-DEMO,BATCH-DEMO-002,18.32,3.266,0.64,498.67,44.953,31.448,1.293,30.901,0
2026-09-13T09:10:46+00:00,PRESS-RTP41-DEMO,BATCH-DEMO-002,17.858,3.576,0.705,502.443,45.168,32.414,1.27,30.872,0
2026-09-13T09:10:47+00:00,PRESS-RTP41-DEMO,BATCH-DEMO-002,17.876,3.729,0.617,500.12,44.915,32.139,1.228,31.005,0
2026-09-13T09:10:48+00:00,PRESS-RTP41-DEMO,BATCH-DEMO-002,17.386,3.533,0.69,502.629,44.964,32.174,1.197,31.1,0
2026-09-13T09:10:49+00:00,PRESS-RTP41-DEMO,BATCH-DEMO-002,18.055,3.526,0.544,500.986,45.352,31.843,1.439,30.851,0
2026-09-13T09:10:50+00:00,PRESS-RTP41-DEMO,BATCH-DEMO-002,17.776,3.474,0.684,503.764,44.572,32.248,1.205,30.941,0
2026-09-13T09:10:51+00:00,PRESS-RTP41-DEMO,BATCH-DEMO-002,18.06,3.552,0.665,503.091,45.314,32.017,1.151,30.615,0
2026-09-13T09:10:52+00:00,PRESS-RTP41-DEMO,BATCH-DEMO-002,18.281,3.577,0.66,498.43,44.603,31.896,1.147,31.186,0
2026-09-13T09:10:53+00:00,PRESS-RTP41-DEMO,BATCH-DEMO-002,18.037,3.498,0.65,499.943,45.297,32.117,1.142,30.85,0
2026-09-13T09:10:54+00:00,PRESS-RTP41-DEMO,BATCH-DEMO-002,18.233,3.467,0.608,502.557,44.445,31.846,1.172,31.355,0
2026-09-13T09:10:55+00:00,PRESS-RTP41-DEMO,BATCH-DEMO-002,17.363,3.487,0.683,497.219,45.216,31.891,1.072,30.925,0
2026-09-13T09:10:56+00:00,PRESS-RTP41-DEMO,BATCH-DEMO-002,18.378,3.361,0.622,501.748,45.065,31.804,1.264,30.846,0
2026-09-13T09:10:57+00:00,PRESS-RTP41-DEMO,BATCH-DEMO-002,17.773,3.623,0.672,498.882,44.696,31.834,1.361,30.884,0
2026-09-13T09:10:58+00:00,PRESS-RTP41-DEMO,BATCH-DEMO-002,18.077,3.536,0.609,502.387,45.299,31.674,1.274,31.083,0
2026-09-13T09:10:59+00:00,PRESS-RTP41-DEMO,BATCH-DEMO-002,17.673,3.592,0.689,499.148,45.35,31.951,1.155,31.167,0
2026-09-13T09:11:00+00:00,PRESS-RTP41-DEMO,BATCH-DEMO-002,18.377,3.46,0.728,495.884,45.085,31.688,1.124,30.951,0
2026-09-13T09:11:01+00:00,PRESS-RTP41-DEMO,BATCH-DEMO-002,17.778,3.5,0.601,501.494,45.019,32.202,1.304,31.218,0
2026-09-13T09:11:02+00:00,PRESS-RTP41-DEMO,BATCH-DEMO-002,17.376,3.439,0.654,496.341,44.724,31.811,1.159,30.752,0
2026-09-13T09:11:03+00:00,PRESS-RTP41-DEMO,BATCH-DEMO-002,17.984,3.457,0.647,499.723,45.075,31.813,1.27,30.95,0
2026-09-13T09:11:04+00:00,PRESS-RTP41-DEMO,BATCH-DEMO-002,18.597,3.342,0.676,500.669,44.624,32.228,1.117,31.109,0
2026-09-13T09:11:05+00:00,PRESS-RTP41-DEMO,BATCH-DEMO-002,17.847,3.492,0.671,500.576,45.315,31.73,1.169,31.326,0
2026-09-13T09:11:06+00:00,PRESS-RTP41-DEMO,BATCH-DEMO-002,18.02,3.588,0.593,498.087,44.871,31.714,1.355,30.869,0
2026-09-13T09:11:07+00:00,PRESS-RTP41-DEMO,BATCH-DEMO-002,17.929,3.575,0.559,500.656,45.418,32.247,0.999,30.985,0
2026-09-13T09:11:08+00:00,PRESS-RTP41-DEMO,BATCH-DEMO-002,17.635,3.337,0.652,494.447,45.411,32.381,1.124,31.052,0
2026-09-13T09:11:09+00:00,PRESS-RTP41-DEMO,BATCH-DEMO-002,18.116,3.389,0.655,497.547,44.877,32.001,1.391,30.769,0
2026-09-13T09:11:10+00:00,PRESS-RTP41-DEMO,BATCH-DEMO-002,18.314,3.527,0.666,504.619,44.998,32.308,1.167,31.173,0
2026-09-13T09:11:11+00:00,PRESS-RTP41-DEMO,BATCH-DEMO-002,18.286,3.309,0.687,499.563,45.54,31.757,1.126,30.71,0
2026-09-13T09:11:12+00:00,PRESS-RTP41-DEMO,BATCH-DEMO-002,18.351,3.423,0.663,498.887,45.138,31.88,1.144,31.452,0
2026-09-13T09:11:13+00:00,PRESS-RTP41-DEMO,BATCH-DEMO-002,17.804,3.641,0.695,500.176,45.042,32.244,1.146,30.839,0
2026-09-13T09:11:14+00:00,PRESS-RTP41-DEMO,BATCH-DEMO-002,17.553,3.59,0.661,501.898,45.281,31.612,1.135,30.967,0
2026-09-13T09:11:15+00:00,PRESS-RTP41-DEMO,BATCH-DEMO-002,19.084,3.409,0.623,500.756,44.652,32.16,1.131,30.799,0
2026-09-13T09:11:16+00:00,PRESS-RTP41-DEMO,BATCH-DEMO-002,17.942,3.343,0.665,499.028,44.893,31.809,1.289,30.858,0
2026-09-13T09:11:17+00:00,PRESS-RTP41-DEMO,BATCH-DEMO-002,17.921,3.572,0.69,497.199,45.176,32.208,1.334,30.976,0
2026-09-13T09:11:18+00:00,PRESS-RTP41-DEMO,BATCH-DEMO-002,17.446,3.471,0.669,503.836,45.108,32.454,1.253,30.951,0
2026-09-13T09:11:19+00:00,PRESS-RTP41-DEMO,BATCH-DEMO-002,17.346,3.504,0.648,498.901,44.997,32.152,1.25,31.372,0
2026-09-13T09:11:20+00:00,PRESS-RTP41-DEMO,BATCH-DEMO-002,18.132,3.406,0.697,501.736,45.259,32.255,1.053,30.718,0
2026-09-13T09:11:21+00:00,PRESS-RTP41-DEMO,BATCH-DEMO-002,18.514,3.525,0.686,507.062,45.432,31.486,1.181,31.253,0
2026-09-13T09:11:22+00:00,PRESS-RTP41-DEMO,BATCH-DEMO-002,18.042,3.421,0.604,498.845,45.498,31.715,1.167,30.969,0
2026-09-13T09:11:23+00:00,PRESS-RTP41-DEMO,BATCH-DEMO-002,18.059,3.602,0.627,501.055,44.647,32.166,1.203,31.203,0
2026-09-13T09:11:24+00:00,PRESS-RTP41-DEMO,BATCH-DEMO-002,17.832,3.498,0.662,497.041,45.024,32.154,0.987,30.891,0
2026-09-13T09:11:25+00:00,PRESS-RTP41-DEMO,BATCH-DEMO-002,17.841,3.482,0.633,498.592,44.997,31.807,1.039,31.197,0
2026-09-13T09:11:26+00:00,PRESS-RTP41-DEMO,BATCH-DEMO-002,18.008,3.445,0.717,501.812,45.118,31.869,1.288,30.976,0
2026-09-13T09:11:27+00:00,PRESS-RTP41-DEMO,BATCH-DEMO-002,17.641,3.312,0.593,496.489,44.697,32.621,1.268,31.226,0
2026-09-13T09:11:28+00:00,PRESS-RTP41-DEMO,BATCH-DEMO-002,18.498,3.525,0.591,497.193,44.551,32.075,1.289,31.011,0
2026-09-13T09:11:29+00:00,PRESS-RTP41-DEMO,BATCH-DEMO-002,18.236,3.548,0.647,499.709,44.708,32.017,1.142,31.172,0
2026-09-13T09:11:30+00:00,PRESS-RTP41-DEMO,BATCH-DEMO-002,18.455,3.458,0.57,498.321,44.655,32.108,1.194,31.391,0
2026-09-13T09:11:31+00:00,PRESS-RTP41-DEMO,BATCH-DEMO-002,17.726,3.627,0.654,495.074,44.962,31.515,1.217,31.133,0
2026-09-13T09:11:32+00:00,PRESS-RTP41-DEMO,BATCH-DEMO-002,18.488,3.508,0.645,496.8,44.603,31.793,1.173,30.735,0
2026-09-13T09:11:33+00:00,PRESS-RTP41-DEMO,BATCH-DEMO-002,17.718,3.312,0.638,501.159,45.542,31.756,1.258,30.953,0
2026-09-13T09:11:34+00:00,PRESS-RTP41-DEMO,BATCH-DEMO-002,17.84,3.416,0.678,500.414,44.921,31.953,1.33,31.135,0
2026-09-13T09:11:35+00:00,PRESS-RTP41-DEMO,BATCH-DEMO-002,17.72,3.449,0.654,493.585,44.974,32.236,1.34,31.064,0
2026-09-13T09:11:36+00:00,PRESS-RTP41-DEMO,BATCH-DEMO-002,17.549,3.57,0.603,503.098,44.818,31.712,1.24,31.065,0
2026-09-13T09:11:37+00:00,PRESS-RTP41-DEMO,BATCH-DEMO-002,18.466,3.523,0.644,500.297,44.823,32.094,1.319,31.089,0
2026-09-13T09:11:38+00:00,PRESS-RTP41-DEMO,BATCH-DEMO-002,18.305,3.598,0.676,501.255,44.686,32.051,1.237,31.139,0
2026-09-13T09:11:39+00:00,PRESS-RTP41-DEMO,BATCH-DEMO-002,18.455,3.315,0.579,501.731,45.196,32.201,1.248,31.283,0
2026-09-13T09:11:40+00:00,PRESS-RTP41-DEMO,BATCH-DEMO-002,17.581,3.45,0.74,499.818,45.332,32.175,1.168,30.744,0
2026-09-13T09:11:41+00:00,PRESS-RTP41-DEMO,BATCH-DEMO-002,17.644,3.555,0.701,499.859,44.798,31.704,1.239,30.612,0
2026-09-13T09:11:42+00:00,PRESS-RTP41-DEMO,BATCH-DEMO-002,18.491,3.635,0.721,501.279,44.803,31.964,1.186,31.25,0
2026-09-13T09:11:43+00:00,PRESS-RTP41-DEMO,BATCH-DEMO-002,18.809,3.361,0.702,498.741,44.955,31.775,1.248,30.997,0
2026-09-13T09:11:44+00:00,PRESS-RTP41-DEMO,BATCH-DEMO-002,18.461,3.536,0.643,499.414,45.049,32.021,1.018,31.209,0
2026-09-13T09:11:45+00:00,PRESS-RTP41-DEMO,BATCH-DEMO-002,17.923,3.565,0.663,499.61,44.871,32.035,1.198,30.552,0
2026-09-13T09:11:46+00:00,PRESS-RTP41-DEMO,BATCH-DEMO-002,17.938,3.441,0.651,498.925,44.621,31.511,0.994,31.535,0
2026-09-13T09:11:47+00:00,PRESS-RTP41-DEMO,BATCH-DEMO-002,17.366,3.549,0.703,501.142,45.04,32.337,1.439,31.597,0
2026-09-13T09:11:48+00:00,PRESS-RTP41-DEMO,BATCH-DEMO-002,17.702,3.576,0.588,500.906,44.943,32.202,1.145,31.096,0
2026-09-13T09:11:49+00:00,PRESS-RTP41-DEMO,BATCH-DEMO-002,17.863,3.508,0.697,496.361,45.081,31.238,1.336,30.777,0
2026-09-13T09:11:50+00:00,PRESS-RTP41-DEMO,BATCH-DEMO-002,18.85,3.488,0.607,499.862,45.431,32.303,1.225,30.788,0
2026-09-13T09:11:51+00:00,PRESS-RTP41-DEMO,BATCH-DEMO-002,18.025,3.477,0.683,500.44,44.992,31.489,1.319,31.133,0
2026-09-13T09:11:52+00:00,PRESS-RTP41-DEMO,BATCH-DEMO-002,17.914,3.433,0.699,494.654,44.761,32.234,1.268,31.003,0
2026-09-13T09:11:53+00:00,PRESS-RTP41-DEMO,BATCH-DEMO-002,17.943,3.457,0.643,500.001,44.836,32.324,1.195,30.689,0
2026-09-13T09:11:54+00:00,PRESS-RTP41-DEMO,BATCH-DEMO-002,17.983,3.348,0.605,500.206,45.274,32.467,1.32,31.118,0
2026-09-13T09:11:55+00:00,PRESS-RTP41-DEMO,BATCH-DEMO-002,18.063,3.499,0.637,500.93,45.063,32.32,1.164,31.204,0
2026-09-13T09:11:56+00:00,PRESS-RTP41-DEMO,BATCH-DEMO-002,18.363,3.654,0.698,501.502,44.474,31.586,1.236,31.145,0
2026-09-13T09:11:57+00:00,PRESS-RTP41-DEMO,BATCH-DEMO-002,17.819,3.403,0.554,497.311,44.985,32.476,1.205,31.103,0
2026-09-13T09:11:58+00:00,PRESS-RTP41-DEMO,BATCH-DEMO-002,17.543,3.367,0.677,500.258,44.989,32.324,1.327,31.152,0
2026-09-13T09:11:59+00:00,PRESS-RTP41-DEMO,BATCH-DEMO-002,18.296,3.465,0.586,498.481,44.939,31.823,1.128,31.029,0
2026-09-13T09:12:00+00:00,PRESS-RTP41-DEMO,BATCH-DEMO-002,18.42,3.492,0.645,502.358,45.292,31.066,1.208,30.98,0
2026-09-13T09:12:01+00:00,PRESS-RTP41-DEMO,BATCH-DEMO-002,18.815,3.489,0.681,500.047,44.792,31.715,1.304,31.237,0
2026-09-13T09:12:02+00:00,PRESS-RTP41-DEMO,BATCH-DEMO-002,18.421,3.615,0.717,499.366,44.939,32.065,1.242,31.048,0
2026-09-13T09:12:03+00:00,PRESS-RTP41-DEMO,BATCH-DEMO-002,17.699,3.524,0.664,497.775,44.697,32.106,1.28,30.574,0
2026-09-13T09:12:04+00:00,PRESS-RTP41-DEMO,BATCH-DEMO-002,18.582,3.573,0.613,499.439,45.627,31.905,1.134,30.794,0
2026-09-13T09:12:05+00:00,PRESS-RTP41-DEMO,BATCH-DEMO-002,18.095,3.305,0.703,497.04,45.282,31.698,1.303,31.135,0
2026-09-13T09:12:06+00:00,PRESS-RTP41-DEMO,BATCH-DEMO-002,18.244,3.241,0.639,496.323,45.101,32.071,1.374,31.055,0
2026-09-13T09:12:07+00:00,PRESS-RTP41-DEMO,BATCH-DEMO-002,18.222,3.497,0.704,501.529,45.323,31.707,1.166,30.776,0
2026-09-13T09:12:08+00:00,PRESS-RTP41-DEMO,BATCH-DEMO-002,17.788,3.474,0.645,500.372,44.915,32.243,1.14,30.728,0
2026-09-13T09:12:09+00:00,PRESS-RTP41-DEMO,BATCH-DEMO-002,17.912,3.51,0.619,500.032,45.172,31.801,1.203,30.841,0
2026-09-13T09:12:10+00:00,PRESS-RTP41-DEMO,BATCH-DEMO-002,17.754,3.485,0.612,499.706,45.092,32.34,1.156,31.281,0
2026-09-13T09:12:11+00:00,PRESS-RTP41-DEMO,BATCH-DEMO-002,17.573,3.457,0.65,498.397,44.798,31.453,1.202,30.771,0
2026-09-13T09:12:12+00:00,PRESS-RTP41-DEMO,BATCH-DEMO-002,18.617,3.687,0.693,500.467,44.762,31.91,1.278,31.003,0
2026-09-13T09:12:13+00:00,PRESS-RTP41-DEMO,BATCH-DEMO-002,18.868,3.476,0.728,500.094,44.842,31.606,1.15,30.863,0
2026-09-13T09:12:14+00:00,PRESS-RTP41-DEMO,BATCH-DEMO-002,17.999,3.415,0.62,497.596,45.12,32.19,1.261,31.513,0
2026-09-13T09:12:15+00:00,PRESS-RTP41-DEMO,BATCH-DEMO-002,18.21,3.346,0.622,500.032,44.526,30.999,0.937,31.14,0
2026-09-13T09:12:16+00:00,PRESS-RTP41-DEMO,BATCH-DEMO-002,17.578,3.599,0.633,498.279,44.895,32.008,1.178,31.01,0
2026-09-13T09:12:17+00:00,PRESS-RTP41-DEMO,BATCH-DEMO-002,18.67,3.57,0.678,498.747,45.561,31.771,1.183,30.784,0
2026-09-13T09:12:18+00:00,PRESS-RTP41-DEMO,BATCH-DEMO-002,18.18,3.441,0.6,498.639,44.995,32.106,1.123,31.315,0
2026-09-13T09:12:19+00:00,PRESS-RTP41-DEMO,BATCH-DEMO-002,18.13,3.562,0.617,500.394,45.393,32.37,1.029,30.957,0
2026-09-13T09:12:20+00:00,PRESS-RTP41-DEMO,BATCH-DEMO-002,17.984,3.435,0.681,505.764,44.864,32.074,1.204,31.054,0
2026-09-13T09:12:21+00:00,PRESS-RTP41-DEMO,BATCH-DEMO-002,17.68,3.508,0.672,499.338,44.414,31.729,1.188,30.868,0
2026-09-13T09:12:22+00:00,PRESS-RTP41-DEMO,BATCH-DEMO-002,18.097,3.652,0.56,495.435,44.38,32.534,1.225,30.854,0
2026-09-13T09:12:23+00:00,PRESS-RTP41-DEMO,BATCH-DEMO-002,18.159,3.658,0.632,501.598,44.805,31.943,1.09,30.671,0
2026-09-13T09:12:24+00:00,PRESS-RTP41-DEMO,BATCH-DEMO-002,17.136,3.45,0.7,496.609,44.685,31.523,1.204,30.721,0
2026-09-13T09:12:25+00:00,PRESS-RTP41-DEMO,BATCH-DEMO-002,18.497,3.458,0.641,500.03,45.609,31.641,1.253,31.082,0
2026-09-13T09:12:26+00:00,PRESS-RTP41-DEMO,BATCH-DEMO-002,18.182,3.441,0.641,496.765,45.014,31.992,1.599,31.243,0
2026-09-13T09:12:27+00:00,PRESS-RTP41-DEMO,BATCH-DEMO-002,18.258,3.381,0.623,498.987,44.763,32.023,1.089,30.718,0
2026-09-13T09:12:28+00:00,PRESS-RTP41-DEMO,BATCH-DEMO-002,18.312,3.589,0.599,497.827,45.536,32.581,1.281,31.183,0
2026-09-13T09:12:29+00:00,PRESS-RTP41-DEMO,BATCH-DEMO-002,17.657,3.506,0.645,498.337,44.919,32.24,1.173,31.183,0
2026-09-13T09:12:30+00:00,PRESS-RTP41-DEMO,BATCH-DEMO-002,18.168,3.742,0.613,500.212,44.714,31.334,1.181,31.291,0
2026-09-13T09:12:31+00:00,PRESS-RTP41-DEMO,BATCH-DEMO-002,17.958,3.601,0.698,504.6,45.24,32.413,1.215,31.255,0
2026-09-13T09:12:32+00:00,PRESS-RTP41-DEMO,BATCH-DEMO-002,18.251,3.148,0.661,497.006,44.959,31.541,1.221,31.079,0
2026-09-13T09:12:33+00:00,PRESS-RTP41-DEMO,BATCH-DEMO-002,18.191,3.441,0.726,503.94,44.886,32.239,1.243,31.053,0
2026-09-13T09:12:34+00:00,PRESS-RTP41-DEMO,BATCH-DEMO-002,18.584,3.503,0.687,499.075,44.611,31.954,1.275,31.083,0
2026-09-13T09:12:35+00:00,PRESS-RTP41-DEMO,BATCH-DEMO-002,17.975,3.472,0.595,499.152,45.485,32.215,1.123,30.961,0
2026-09-13T09:12:36+00:00,PRESS-RTP41-DEMO,BATCH-DEMO-002,18.24,3.453,0.667,500.782,45.309,32.282,1.271,31.102,0
2026-09-13T09:12:37+00:00,PRESS-RTP41-DEMO,BATCH-DEMO-002,18.905,3.482,0.594,503.355,45.395,32.182,1.302,30.451,0
2026-09-13T09:12:38+00:00,PRESS-RTP41-DEMO,BATCH-DEMO-002,17.185,3.42,0.663,498.066,44.957,32.456,1.202,31.11,0
2026-09-13T09:12:39+00:00,PRESS-RTP41-DEMO,BATCH-DEMO-002,18.457,3.538,0.619,499.251,45.363,32.54,1.1,31.38,0
2026-09-13T09:12:40+00:00,PRESS-RTP41-DEMO,BATCH-DEMO-002,17.891,3.435,0.577,499.022,44.976,31.8,1.439,31.182,0
2026-09-13T09:12:41+00:00,PRESS-RTP41-DEMO,BATCH-DEMO-002,18.346,3.542,0.585,497.751,45.111,31.653,1.105,30.85,0
2026-09-13T09:12:42+00:00,PRESS-RTP41-DEMO,BATCH-DEMO-002,17.725,3.571,0.602,498.376,44.69,31.619,1.17,31.061,0
2026-09-13T09:12:43+00:00,PRESS-RTP41-DEMO,BATCH-DEMO-002,18.535,3.455,0.636,499.596,44.942,31.563,1.417,30.824,0
2026-09-13T09:12:44+00:00,PRESS-RTP41-DEMO,BATCH-DEMO-002,17.834,3.408,0.692,497.866,44.854,31.939,1.231,30.853,0
2026-09-13T09:12:45+00:00,PRESS-RTP41-DEMO,BATCH-DEMO-002,17.946,3.383,0.63,500.484,45.324,32.152,1.342,31.352,0
2026-09-13T09:12:46+00:00,PRESS-RTP41-DEMO,BATCH-DEMO-002,17.398,3.538,0.747,500.546,45.232,32.271,1.118,31.748,0
2026-09-13T09:12:47+00:00,PRESS-RTP41-DEMO,BATCH-DEMO-002,18.366,3.628,0.683,498.057,44.815,31.544,1.133,31.241,0
2026-09-13T09:12:48+00:00,PRESS-RTP41-DEMO,BATCH-DEMO-002,17.772,3.667,0.673,494.383,44.905,32.265,1.06,30.901,0
2026-09-13T09:12:49+00:00,PRESS-RTP41-DEMO,BATCH-DEMO-002,17.973,3.454,0.633,501.735,44.965,32.02,1.193,30.671,0
2026-09-13T09:12:50+00:00,PRESS-RTP41-DEMO,BATCH-DEMO-002,17.713,3.471,0.669,495.839,45.076,31.8,0.946,31.133,0
2026-09-13T09:12:51+00:00,PRESS-RTP41-DEMO,BATCH-DEMO-002,18.131,3.646,0.664,502.721,44.927,32.265,1.102,31.068,0
2026-09-13T09:12:52+00:00,PRESS-RTP41-DEMO,BATCH-DEMO-002,18.408,3.507,0.648,498.536,44.971,31.9,1.298,31.221,0
2026-09-13T09:12:53+00:00,PRESS-RTP41-DEMO,BATCH-DEMO-002,18.304,3.234,0.736,501.903,45.188,31.368,1.17,31.102,0
2026-09-13T09:12:54+00:00,PRESS-RTP41-DEMO,BATCH-DEMO-002,18.563,3.516,0.634,501.39,44.743,31.662,1.194,31.131,0
2026-09-13T09:12:55+00:00,PRESS-RTP41-DEMO,BATCH-DEMO-002,17.891,3.59,0.711,504.525,44.853,31.922,1.281,30.817,0
2026-09-13T09:12:56+00:00,PRESS-RTP41-DEMO,BATCH-DEMO-002,18.718,3.562,0.701,499.073,44.818,31.994,1.185,31.038,0
2026-09-13T09:12:57+00:00,PRESS-RTP41-DEMO,BATCH-DEMO-002,18.32,3.426,0.694,506.065,45.399,32.058,1.206,31.067,0
2026-09-13T09:12:58+00:00,PRESS-RTP41-DEMO,BATCH-DEMO-002,18.793,3.527,0.701,502.401,44.495,31.974,1.116,30.987,0
2026-09-13T09:12:59+00:00,PRESS-RTP41-DEMO,BATCH-DEMO-002,17.77,3.545,0.581,501.225,44.826,32.11,1.196,31.04,0
2026-09-13T09:13:00+00:00,PRESS-RTP41-DEMO,BATCH-DEMO-002,17.788,3.403,0.605,501.263,44.784,32.31,1.413,30.968,0
2026-09-13T09:13:01+00:00,PRESS-RTP41-DEMO,BATCH-DEMO-002,17.676,3.58,0.562,505.067,44.579,32.108,1.233,30.943,0
2026-09-13T09:13:02+00:00,PRESS-RTP41-DEMO,BATCH-DEMO-002,18.029,3.52,0.743,496.717,45.846,32.443,1.326,31.115,0
2026-09-13T09:13:03+00:00,PRESS-RTP41-DEMO,BATCH-DEMO-002,18.127,3.554,0.765,499.823,44.474,31.738,1.239,31.223,0
2026-09-13T09:13:04+00:00,PRESS-RTP41-DEMO,BATCH-DEMO-002,17.876,3.483,0.649,500.201,44.77,32.316,1.383,31.25,0
2026-09-13T09:13:05+00:00,PRESS-RTP41-DEMO,BATCH-DEMO-002,17.995,3.517,0.7,499.457,45.203,32.275,1.109,30.804,0
2026-09-13T09:13:06+00:00,PRESS-RTP41-DEMO,BATCH-DEMO-002,18.599,3.558,0.606,500.691,45.107,31.891,1.147,31.196,0
2026-09-13T09:13:07+00:00,PRESS-RTP41-DEMO,BATCH-DEMO-002,18.191,3.511,0.618,498.088,44.713,31.773,1.211,31.212,0
2026-09-13T09:13:08+00:00,PRESS-RTP41-DEMO,BATCH-DEMO-002,18.146,3.527,0.6,493.929,45.139,32.255,1.05,30.831,0
2026-09-13T09:13:09+00:00,PRESS-RTP41-DEMO,BATCH-DEMO-002,17.771,3.471,0.653,496.39,45.003,32.19,1.108,30.443,0
2026-09-13T09:13:10+00:00,PRESS-RTP41-DEMO,BATCH-DEMO-002,18.188,3.455,0.737,500.215,45.219,32.194,1.223,30.701,0
2026-09-13T09:13:11+00:00,PRESS-RTP41-DEMO,BATCH-DEMO-002,18.006,3.483,0.595,500.126,45.308,32.193,1.149,31.081,0
2026-09-13T09:13:12+00:00,PRESS-RTP41-DEMO,BATCH-DEMO-002,17.712,3.422,0.6,499.444,44.859,32.237,1.157,30.866,0
2026-09-13T09:13:13+00:00,PRESS-RTP41-DEMO,BATCH-DEMO-002,17.891,3.623,0.604,499.324,44.95,31.471,1.16,30.924,0
2026-09-13T09:13:14+00:00,PRESS-RTP41-DEMO,BATCH-DEMO-002,17.561,3.335,0.668,502.317,45.097,32.458,1.227,31.411,0
2026-09-13T09:13:15+00:00,PRESS-RTP41-DEMO,BATCH-DEMO-002,18.356,3.416,0.628,505.472,44.78,31.968,1.291,31.084,0
2026-09-13T09:13:16+00:00,PRESS-RTP41-DEMO,BATCH-DEMO-002,18.04,3.286,0.655,503.478,45.068,32.387,1.227,30.938,0
2026-09-13T09:13:17+00:00,PRESS-RTP41-DEMO,BATCH-DEMO-002,17.945,3.643,0.6,499.809,44.992,31.913,1.207,31.185,0
2026-09-13T09:13:18+00:00,PRESS-RTP41-DEMO,BATCH-DEMO-002,18.407,3.475,0.65,499.997,44.749,31.696,1.126,30.959,0
2026-09-13T09:13:19+00:00,PRESS-RTP41-DEMO,BATCH-DEMO-002,17.85,3.463,0.628,502.264,44.641,32.075,1.024,30.998,0
2026-09-13T09:13:20+00:00,PRESS-RTP41-DEMO,BATCH-DEMO-002,18.816,3.564,0.627,498.607,44.692,32.008,1.122,31.109,0
2026-09-13T09:13:21+00:00,PRESS-RTP41-DEMO,BATCH-DEMO-002,18.086,3.331,0.778,501.155,44.937,32.263,1.262,30.79,0
2026-09-13T09:13:22+00:00,PRESS-RTP41-DEMO,BATCH-DEMO-002,17.502,3.65,0.642,492.364,45.335,32.402,0.958,30.948,0
2026-09-13T09:13:23+00:00,PRESS-RTP41-DEMO,BATCH-DEMO-002,18.345,3.564,0.666,500.428,44.953,31.527,1.224,30.903,0
2026-09-13T09:13:24+00:00,PRESS-RTP41-DEMO,BATCH-DEMO-002,17.814,3.679,0.598,498.523,45.318,32.743,1.315,30.824,0
2026-09-13T09:13:25+00:00,PRESS-RTP41-DEMO,BATCH-DEMO-002,17.311,3.33,0.581,503.638,44.353,31.851,1.295,30.817,0
2026-09-13T09:13:26+00:00,PRESS-RTP41-DEMO,BATCH-DEMO-002,17.539,3.414,0.745,500.604,45.097,31.574,1.098,31.071,0
2026-09-13T09:13:27+00:00,PRESS-RTP41-DEMO,BATCH-DEMO-002,17.66,3.635,0.695,498.847,45.657,31.957,1.16,31.065,0
2026-09-13T09:13:28+00:00,PRESS-RTP41-DEMO,BATCH-DEMO-002,17.9,3.409,0.674,496.919,45.132,31.745,1.252,31.03,0
2026-09-13T09:13:29+00:00,PRESS-RTP41-DEMO,BATCH-DEMO-002,18.004,3.552,0.715,498.412,44.683,31.609,1.317,31.175,0
2026-09-13T09:13:30+00:00,PRESS-RTP41-DEMO,BATCH-DEMO-002,17.79,3.553,0.621,498.646,45.033,32.227,1.449,30.977,0
2026-09-13T09:13:31+00:00,PRESS-RTP41-DEMO,BATCH-DEMO-002,17.032,3.52,0.603,501.3,45.622,31.868,1.168,30.887,0
2026-09-13T09:13:32+00:00,PRESS-RTP41-DEMO,BATCH-DEMO-002,17.805,3.606,0.691,495.395,44.833,31.844,1.316,30.982,0
2026-09-13T09:13:33+00:00,PRESS-RTP41-DEMO,BATCH-DEMO-002,18.4,3.528,0.686,495.35,45.061,31.568,1.251,30.958,0
2026-09-13T09:13:34+00:00,PRESS-RTP41-DEMO,BATCH-DEMO-002,17.694,3.595,0.598,501.631,44.857,32.034,0.983,31.146,0
2026-09-13T09:13:35+00:00,PRESS-RTP41-DEMO,BATCH-DEMO-002,17.577,3.439,0.664,500.51,45.066,32.198,1.116,31.042,0
2026-09-13T09:13:36+00:00,PRESS-RTP41-DEMO,BATCH-DEMO-002,18.047,3.383,0.607,502.015,44.691,31.93,1.139,30.693,0
2026-09-13T09:13:37+00:00,PRESS-RTP41-DEMO,BATCH-DEMO-002,18.777,3.503,0.606,506.463,45.402,31.914,1.111,30.92,0
2026-09-13T09:13:38+00:00,PRESS-RTP41-DEMO,BATCH-DEMO-002,17.841,3.444,0.623,498.014,44.929,31.71,1.033,31.065,0
2026-09-13T09:13:39+00:00,PRESS-RTP41-DEMO,BATCH-DEMO-002,17.893,3.588,0.689,504.587,45.174,31.986,1.317,31.026,0
2026-09-13T09:13:40+00:00,PRESS-RTP41-DEMO,BATCH-DEMO-002,18.052,3.519,0.624,500.942,45.091,31.685,1.136,31.098,0
2026-09-13T09:13:41+00:00,PRESS-RTP41-DEMO,BATCH-DEMO-002,17.581,3.594,0.706,499.246,45.111,32.358,1.072,30.953,0
2026-09-13T09:13:42+00:00,PRESS-RTP41-DEMO,BATCH-DEMO-002,18.252,3.517,0.677,497.83,44.799,31.906,1.215,30.953,0
2026-09-13T09:13:43+00:00,PRESS-RTP41-DEMO,BATCH-DEMO-002,17.93,3.623,0.627,499.647,44.774,32.04,1.229,31.055,0
2026-09-13T09:13:44+00:00,PRESS-RTP41-DEMO,BATCH-DEMO-002,17.502,3.454,0.737,501.587,45.072,32.334,1.188,30.646,0
2026-09-13T09:13:45+00:00,PRESS-RTP41-DEMO,BATCH-DEMO-002,17.785,3.353,0.606,502.517,44.737,31.836,1.157,31.288,0
2026-09-13T09:13:46+00:00,PRESS-RTP41-DEMO,BATCH-DEMO-002,18.366,3.502,0.647,496.115,44.972,31.663,1.118,30.555,0
2026-09-13T09:13:47+00:00,PRESS-RTP41-DEMO,BATCH-DEMO-002,17.754,3.514,0.685,499.896,45.494,31.69,1.169,31.111,0
2026-09-13T09:13:48+00:00,PRESS-RTP41-DEMO,BATCH-DEMO-002,17.869,3.527,0.62,498.37,45.145,31.737,1.28,31.209,0
2026-09-13T09:13:49+00:00,PRESS-RTP41-DEMO,BATCH-DEMO-002,18.279,3.415,0.642,498.156,45.185,32.248,1.192,30.672,0
2026-09-13T09:13:50+00:00,PRESS-RTP41-DEMO,BATCH-DEMO-002,18.204,3.461,0.66,501.746,44.824,32.039,1.016,31.321,0
2026-09-13T09:13:51+00:00,PRESS-RTP41-DEMO,BATCH-DEMO-002,18.013,3.558,0.635,503.743,44.479,32.299,1.157,30.488,0
2026-09-13T09:13:52+00:00,PRESS-RTP41-DEMO,BATCH-DEMO-002,18.009,3.48,0.678,499.631,44.88,31.709,1.125,30.884,0
2026-09-13T09:13:53+00:00,PRESS-RTP41-DEMO,BATCH-DEMO-002,17.911,3.509,0.628,495.402,44.981,32.278,1.184,31.165,0
2026-09-13T09:13:54+00:00,PRESS-RTP41-DEMO,BATCH-DEMO-002,18.244,3.621,0.649,496.099,44.58,31.898,1.341,31.172,0
2026-09-13T09:13:55+00:00,PRESS-RTP41-DEMO,BATCH-DEMO-002,17.706,3.508,0.667,500.564,44.947,32.148,1.146,30.744,0
2026-09-13T09:13:56+00:00,PRESS-RTP41-DEMO,BATCH-DEMO-002,18.53,3.336,0.613,501.8,44.596,32.27,1.225,31.106,0
2026-09-13T09:13:57+00:00,PRESS-RTP41-DEMO,BATCH-DEMO-002,17.966,3.444,0.699,503.081,44.621,31.853,1.337,31.12,0
2026-09-13T09:13:58+00:00,PRESS-RTP41-DEMO,BATCH-DEMO-002,17.942,3.553,0.555,496.776,45.064,32.052,1.153,31.187,0
2026-09-13T09:13:59+00:00,PRESS-RTP41-DEMO,BATCH-DEMO-002,17.779,3.546,0.709,500.501,44.671,32.121,1.325,30.859,0
2026-09-13T09:14:00+00:00,PRESS-RTP41-DEMO,BATCH-DEMO-002,18.33,3.594,0.719,504.185,45.218,31.612,1.23,31.244,0
2026-09-13T09:14:01+00:00,PRESS-RTP41-DEMO,BATCH-DEMO-002,17.764,3.729,0.707,503.536,45.087,32.114,1.258,30.886,0
2026-09-13T09:14:02+00:00,PRESS-RTP41-DEMO,BATCH-DEMO-002,17.309,3.563,0.755,497.545,44.824,31.667,1.202,30.866,0
2026-09-13T09:14:03+00:00,PRESS-RTP41-DEMO,BATCH-DEMO-002,18.236,3.342,0.601,496.462,45.839,32.169,1.094,30.751,0
2026-09-13T09:14:04+00:00,PRESS-RTP41-DEMO,BATCH-DEMO-002,17.843,3.663,0.684,497.403,44.791,31.981,1.121,30.882,0
2026-09-13T09:14:05+00:00,PRESS-RTP41-DEMO,BATCH-DEMO-002,17.921,3.454,0.683,500.457,45.138,32.227,1.182,30.953,0
2026-09-13T09:14:06+00:00,PRESS-RTP41-DEMO,BATCH-DEMO-002,17.498,3.456,0.544,500.783,45.018,32.308,1.07,30.829,0
2026-09-13T09:14:07+00:00,PRESS-RTP41-DEMO,BATCH-DEMO-002,18.079,3.463,0.663,498.727,44.946,32.046,1.185,31.267,0
2026-09-13T09:14:08+00:00,PRESS-RTP41-DEMO,BATCH-DEMO-002,17.766,3.426,0.646,501.654,44.742,32.444,1.271,30.774,0
2026-09-13T09:14:09+00:00,PRESS-RTP41-DEMO,BATCH-DEMO-002,17.848,3.549,0.663,501.69,44.909,32.142,1.223,30.919,0
2026-09-13T09:14:10+00:00,PRESS-RTP41-DEMO,BATCH-DEMO-002,17.477,3.447,0.62,504.022,44.873,32.266,1.2,30.937,0
2026-09-13T09:14:11+00:00,PRESS-RTP41-DEMO,BATCH-DEMO-002,17.584,3.548,0.614,496.287,45.566,31.693,1.237,31.063,0
2026-09-13T09:14:12+00:00,PRESS-RTP41-DEMO,BATCH-DEMO-002,17.76,3.36,0.731,495.78,45.38,32.207,1.18,30.923,0
2026-09-13T09:14:13+00:00,PRESS-RTP41-DEMO,BATCH-DEMO-002,18.313,3.4,0.727,498.511,44.414,32.314,1.078,31.394,0
2026-09-13T09:14:14+00:00,PRESS-RTP41-DEMO,BATCH-DEMO-002,18.004,3.313,0.599,502.059,44.775,32.184,1.154,30.909,0
2026-09-13T09:14:15+00:00,PRESS-RTP41-DEMO,BATCH-DEMO-002,17.872,3.523,0.545,500.748,44.934,31.83,1.175,31.012,0
2026-09-13T09:14:16+00:00,PRESS-RTP41-DEMO,BATCH-DEMO-002,17.911,3.442,0.669,502.649,44.965,32.478,0.987,30.902,0
2026-09-13T09:14:17+00:00,PRESS-RTP41-DEMO,BATCH-DEMO-002,17.998,3.636,0.64,502.999,44.798,31.241,1.31,30.359,0
2026-09-13T09:14:18+00:00,PRESS-RTP41-DEMO,BATCH-DEMO-002,17.859,3.539,0.752,501.1,45.228,31.958,1.352,30.757,0
2026-09-13T09:14:19+00:00,PRESS-RTP41-DEMO,BATCH-DEMO-002,17.747,3.635,0.655,502.708,45.589,32.628,1.326,31.32,0
2026-09-13T09:14:20+00:00,PRESS-RTP41-DEMO,BATCH-DEMO-002,18.431,3.647,0.63,501.234,45.002,32.331,1.435,31.191,0
2026-09-13T09:14:21+00:00,PRESS-RTP41-DEMO,BATCH-DEMO-002,17.657,3.449,0.669,498.185,44.956,31.723,1.262,31.085,0
2026-09-13T09:14:22+00:00,PRESS-RTP41-DEMO,BATCH-DEMO-002,17.568,3.565,0.697,502.441,45.358,31.935,1.268,31.134,0
2026-09-13T09:14:23+00:00,PRESS-RTP41-DEMO,BATCH-DEMO-002,17.861,3.518,0.702,497.638,44.685,31.899,1.124,30.787,0
2026-09-13T09:14:24+00:00,PRESS-RTP41-DEMO,BATCH-DEMO-002,18.104,3.583,0.632,499.545,44.948,31.682,1.121,31.022,0
2026-09-13T09:14:25+00:00,PRESS-RTP41-DEMO,BATCH-DEMO-002,18.086,3.495,0.59,503.661,44.664,32.653,1.265,30.959,0
2026-09-13T09:14:26+00:00,PRESS-RTP41-DEMO,BATCH-DEMO-002,17.808,3.329,0.666,500.938,44.971,32.383,1.228,30.682,0
2026-09-13T09:14:27+00:00,PRESS-RTP41-DEMO,BATCH-DEMO-002,18.303,3.393,0.594,505.504,45.094,31.501,1.218,30.941,0
2026-09-13T09:14:28+00:00,PRESS-RTP41-DEMO,BATCH-DEMO-002,17.671,3.644,0.668,499.848,45.034,32.087,1.298,30.857,0
2026-09-13T09:14:29+00:00,PRESS-RTP41-DEMO,BATCH-DEMO-002,17.539,3.565,0.671,500.544,44.792,31.475,1.133,30.793,0
2026-09-13T09:14:30+00:00,PRESS-RTP41-DEMO,BATCH-DEMO-002,18.164,3.432,0.671,501.489,44.805,31.492,1.178,31.26,0
2026-09-13T09:14:31+00:00,PRESS-RTP41-DEMO,BATCH-DEMO-002,18.25,3.393,0.597,500.783,44.919,32.006,1.135,31.113,0
2026-09-13T09:14:32+00:00,PRESS-RTP41-DEMO,BATCH-DEMO-002,17.964,3.295,0.61,498.836,44.539,31.751,1.323,30.959,0
2026-09-13T09:14:33+00:00,PRESS-RTP41-DEMO,BATCH-DEMO-002,18.1,3.424,0.604,503.856,45.718,32.273,1.213,31.049,0
2026-09-13T09:14:34+00:00,PRESS-RTP41-DEMO,BATCH-DEMO-002,18.623,3.474,0.608,500.726,44.45,31.966,1.323,31.134,0
2026-09-13T09:14:35+00:00,PRESS-RTP41-DEMO,BATCH-DEMO-002,18.878,3.565,0.638,497.364,45.163,31.986,1.24,31.08,0
2026-09-13T09:14:36+00:00,PRESS-RTP41-DEMO,BATCH-DEMO-002,17.847,3.549,0.674,505.74,45.259,32.426,1.255,30.854,0
2026-09-13T09:14:37+00:00,PRESS-RTP41-DEMO,BATCH-DEMO-002,18.049,3.566,0.595,499.115,44.547,31.452,1.15,31.07,0
2026-09-13T09:14:38+00:00,PRESS-RTP41-DEMO,BATCH-DEMO-002,17.479,3.582,0.624,499.462,44.972,32.275,1.221,30.732,0
2026-09-13T09:14:39+00:00,PRESS-RTP41-DEMO,BATCH-DEMO-002,17.594,3.582,0.617,501.56,45.348,32.153,1.336,30.982,0
2026-09-13T09:14:40+00:00,PRESS-RTP41-DEMO,BATCH-DEMO-002,18.034,3.501,0.666,496.33,45.295,32.648,1.158,30.806,0
2026-09-13T09:14:41+00:00,PRESS-RTP41-DEMO,BATCH-DEMO-002,18.071,3.433,0.656,502.881,45.029,32.326,1.298,31.188,0
2026-09-13T09:14:42+00:00,PRESS-RTP41-DEMO,BATCH-DEMO-002,18.115,3.616,0.655,501.141,45.089,32.288,1.238,30.654,0
2026-09-13T09:14:43+00:00,PRESS-RTP41-DEMO,BATCH-DEMO-002,18.436,3.614,0.709,500.081,44.793,31.943,1.128,31.144,0
2026-09-13T09:14:44+00:00,PRESS-RTP41-DEMO,BATCH-DEMO-002,18.117,3.358,0.693,499.34,45.148,31.941,1.228,31.404,0
2026-09-13T09:14:45+00:00,PRESS-RTP41-DEMO,BATCH-DEMO-002,18.086,3.519,0.697,501.126,44.649,31.902,1.395,30.695,0
2026-09-13T09:14:46+00:00,PRESS-RTP41-DEMO,BATCH-DEMO-002,17.798,3.471,0.682,501.527,44.701,32.046,1.188,31.215,0
2026-09-13T09:14:47+00:00,PRESS-RTP41-DEMO,BATCH-DEMO-002,18.005,3.656,0.691,495.104,45.289,32.204,1.383,31.133,0
2026-09-13T09:14:48+00:00,PRESS-RTP41-DEMO,BATCH-DEMO-002,17.797,3.487,0.646,502.254,45.375,31.63,1.115,31.076,0
2026-09-13T09:14:49+00:00,PRESS-RTP41-DEMO,BATCH-DEMO-002,18.288,3.545,0.69,495.433,45.318,31.899,1.265,31.095,0
2026-09-13T09:14:50+00:00,PRESS-RTP41-DEMO,BATCH-DEMO-002,18.239,3.562,0.59,500.19,44.851,31.846,1.221,31.173,0
2026-09-13T09:14:51+00:00,PRESS-RTP41-DEMO,BATCH-DEMO-002,17.832,3.551,0.641,497.976,44.797,31.355,1.246,30.798,0
2026-09-13T09:14:52+00:00,PRESS-RTP41-DEMO,BATCH-DEMO-002,18.062,3.435,0.625,496.495,45.061,32.317,1.135,30.652,0
2026-09-13T09:14:53+00:00,PRESS-RTP41-DEMO,BATCH-DEMO-002,18.51,3.549,0.72,504.556,45.313,32.312,1.153,30.831,0
2026-09-13T09:14:54+00:00,PRESS-RTP41-DEMO,BATCH-DEMO-002,18.567,3.443,0.663,497.89,45.423,32.541,1.207,31.083,0
2026-09-13T09:14:55+00:00,PRESS-RTP41-DEMO,BATCH-DEMO-002,18.071,3.353,0.637,503.582,44.813,32.584,1.298,31.109,0
2026-09-13T09:14:56+00:00,PRESS-RTP41-DEMO,BATCH-DEMO-002,18.681,3.543,0.733,499.844,45.404,31.82,1.162,31.093,0
2026-09-13T09:14:57+00:00,PRESS-RTP41-DEMO,BATCH-DEMO-002,18.321,3.432,0.684,498.789,45.122,32.316,1.404,30.985,0
2026-09-13T09:14:58+00:00,PRESS-RTP41-DEMO,BATCH-DEMO-002,17.84,3.64,0.602,500.878,44.937,31.927,1.058,31.077,0
2026-09-13T09:14:59+00:00,PRESS-RTP41-DEMO,BATCH-DEMO-002,17.956,3.387,0.742,498.245,45.144,31.948,1.207,31.128,0
2026-09-13T09:15:00+00:00,PRESS-RTP41-DEMO,BATCH-DEMO-002,16.856,3.657,0.72,498.911,44.686,32.071,1.252,30.943,0
2026-09-13T09:15:01+00:00,PRESS-RTP41-DEMO,BATCH-DEMO-002,17.892,3.392,0.722,512.493,44.628,31.928,1.23,31.155,1
2026-09-13T09:15:02+00:00,PRESS-RTP41-DEMO,BATCH-DEMO-002,17.604,3.315,0.611,497.014,45.179,31.439,1.109,31.083,0
2026-09-13T09:15:03+00:00,PRESS-RTP41-DEMO,BATCH-DEMO-002,18.312,3.408,0.587,507.793,45.002,32.3,1.223,30.835,0
2026-09-13T09:15:04+00:00,PRESS-RTP41-DEMO,BATCH-DEMO-002,18.54,3.481,0.65,490.088,44.403,32.673,1.274,31.357,0
2026-09-13T09:15:05+00:00,PRESS-RTP41-DEMO,BATCH-DEMO-002,18.022,3.403,0.679,494.817,45.312,32.131,1.291,30.938,0
2026-09-13T09:15:06+00:00,PRESS-RTP41-DEMO,BATCH-DEMO-002,17.439,3.546,0.584,507.028,44.671,31.806,1.18,30.931,0
2026-09-13T09:15:07+00:00,PRESS-RTP41-DEMO,BATCH-DEMO-002,18.052,3.639,0.712,495.055,44.896,32.036,1.128,30.853,0
2026-09-13T09:15:08+00:00,PRESS-RTP41-DEMO,BATCH-DEMO-002,17.708,3.668,0.643,512.576,44.577,31.701,1.187,31.425,1
2026-09-13T09:15:09+00:00,PRESS-RTP41-DEMO,BATCH-DEMO-002,17.956,3.523,0.61,480.583,45.508,31.95,1.169,31.185,1
2026-09-13T09:15:10+00:00,PRESS-RTP41-DEMO,BATCH-DEMO-002,18.233,3.446,0.706,494.117,44.885,32.301,1.302,30.921,0
2026-09-13T09:15:11+00:00,PRESS-RTP41-DEMO,BATCH-DEMO-002,17.899,3.636,0.633,503.197,44.816,31.643,1.101,30.916,0
2026-09-13T09:15:12+00:00,PRESS-RTP41-DEMO,BATCH-DEMO-002,17.556,3.614,0.704,514.863,44.808,31.986,1.289,31.293,1
2026-09-13T09:15:13+00:00,PRESS-RTP41-DEMO,BATCH-DEMO-002,17.469,3.424,0.677,498.932,45.07,32.03,1.366,30.789,0
2026-09-13T09:15:14+00:00,PRESS-RTP41-DEMO,BATCH-DEMO-002,18.135,3.365,0.65,491.443,44.951,32.351,1.214,31.352,0
2026-09-13T09:15:15+00:00,PRESS-RTP41-DEMO,BATCH-DEMO-002,18.245,3.493,0.668,486.567,45.133,31.784,1.099,30.714,1
2026-09-13T09:15:16+00:00,PRESS-RTP41-DEMO,BATCH-DEMO-002,18.869,3.547,0.676,500.445,44.891,31.812,1.327,30.88,0
2026-09-13T09:15:17+00:00,PRESS-RTP41-DEMO,BATCH-DEMO-002,17.182,3.523,0.622,500.77,44.504,32.272,1.259,30.991,0
2026-09-13T09:15:18+00:00,PRESS-RTP41-DEMO,BATCH-DEMO-002,18.337,3.504,0.586,497.432,44.807,32.186,1.145,30.677,0
2026-09-13T09:15:19+00:00,PRESS-RTP41-DEMO,BATCH-DEMO-002,17.44,3.565,0.547,505.772,45.33,31.712,0.994,31.061,0
2026-09-13T09:15:20+00:00,PRESS-RTP41-DEMO,BATCH-DEMO-002,18.615,3.604,0.645,501.533,45.177,32.486,1.248,30.993,0
2026-09-13T09:15:21+00:00,PRESS-RTP41-DEMO,BATCH-DEMO-002,17.786,3.581,0.621,499.385,45.28,32.504,1.081,30.835,0
2026-09-13T09:15:22+00:00,PRESS-RTP41-DEMO,BATCH-DEMO-002,17.882,3.461,0.698,498.286,45.297,32.141,1.139,31.094,0
2026-09-13T09:15:23+00:00,PRESS-RTP41-DEMO,BATCH-DEMO-002,18.478,3.425,0.544,502.547,44.95,31.781,1.152,31.083,0
2026-09-13T09:15:24+00:00,PRESS-RTP41-DEMO,BATCH-DEMO-002,17.443,3.407,0.618,510.691,44.633,31.718,1.468,30.739,1
2026-09-13T09:15:25+00:00,PRESS-RTP41-DEMO,BATCH-DEMO-002,18.066,3.505,0.745,493.796,44.731,31.906,1.354,30.7,0
2026-09-13T09:15:26+00:00,PRESS-RTP41-DEMO,BATCH-DEMO-002,18.177,3.504,0.68,499.67,44.934,31.751,1.163,30.981,0
2026-09-13T09:15:27+00:00,PRESS-RTP41-DEMO,BATCH-DEMO-002,18.072,3.377,0.623,507.933,45.18,32.065,1.28,30.846,0
2026-09-13T09:15:28+00:00,PRESS-RTP41-DEMO,BATCH-DEMO-002,18.839,3.436,0.665,493.305,44.69,32.244,1.278,31.003,0
2026-09-13T09:15:29+00:00,PRESS-RTP41-DEMO,BATCH-DEMO-002,17.491,3.625,0.691,506.772,45.308,31.905,1.266,30.882,0
2026-09-13T09:15:30+00:00,PRESS-RTP41-DEMO,BATCH-DEMO-002,17.82,3.476,0.687,496.477,44.239,32.51,1.333,31.399,0
2026-09-13T09:15:31+00:00,PRESS-RTP41-DEMO,BATCH-DEMO-002,18.013,3.478,0.531,497.16,45.504,32.077,1.059,30.994,0
2026-09-13T09:15:32+00:00,PRESS-RTP41-DEMO,BATCH-DEMO-002,17.932,3.398,0.669,492.031,45.029,32.086,1.178,31.037,0
2026-09-13T09:15:33+00:00,PRESS-RTP41-DEMO,BATCH-DEMO-002,17.911,3.606,0.632,496.297,45.279,31.64,1.242,30.892,0
2026-09-13T09:15:34+00:00,PRESS-RTP41-DEMO,BATCH-DEMO-002,17.392,3.67,0.616,508.702,44.876,32.173,1.086,30.824,0
2026-09-13T09:15:35+00:00,PRESS-RTP41-DEMO,BATCH-DEMO-002,18.566,3.387,0.635,504.186,44.804,32.008,1.337,31.097,0
2026-09-13T09:15:36+00:00,PRESS-RTP41-DEMO,BATCH-DEMO-002,18.021,3.654,0.649,504.599,44.587,31.411,1.188,31.272,0
2026-09-13T09:15:37+00:00,PRESS-RTP41-DEMO,BATCH-DEMO-002,18.625,3.363,0.71,498.019,45.558,31.921,1.343,31.135,0
2026-09-13T09:15:38+00:00,PRESS-RTP41-DEMO,BATCH-DEMO-002,17.561,3.502,0.741,503.174,44.3,32.008,1.304,31.263,0
2026-09-13T09:15:39+00:00,PRESS-RTP41-DEMO,BATCH-DEMO-002,18.225,3.604,0.605,492.327,45.003,32.189,1.259,30.901,0
2026-09-13T09:15:40+00:00,PRESS-RTP41-DEMO,BATCH-DEMO-002,18.609,3.722,0.735,503.427,45.097,31.334,1.182,30.908,0
2026-09-13T09:15:41+00:00,PRESS-RTP41-DEMO,BATCH-DEMO-002,17.586,3.626,0.636,502.857,44.868,32.464,1.191,30.971,0
2026-09-13T09:15:42+00:00,PRESS-RTP41-DEMO,BATCH-DEMO-002,17.826,3.732,0.601,499.896,45.202,31.758,1.195,30.764,0
2026-09-13T09:15:43+00:00,PRESS-RTP41-DEMO,BATCH-DEMO-002,18.13,3.379,0.696,489.448,44.789,32.459,1.175,31.213,1
2026-09-13T09:15:44+00:00,PRESS-RTP41-DEMO,BATCH-DEMO-002,17.293,3.579,0.587,510.703,45.064,32.08,1.384,31.228,1
2026-09-13T09:15:45+00:00,PRESS-RTP41-DEMO,BATCH-DEMO-002,17.877,3.39,0.725,498.785,44.767,31.555,1.184,31.397,0
2026-09-13T09:15:46+00:00,PRESS-RTP41-DEMO,BATCH-DEMO-002,18.045,3.584,0.669,504.921,45.45,32.067,1.132,31.121,0
2026-09-13T09:15:47+00:00,PRESS-RTP41-DEMO,BATCH-DEMO-002,17.401,3.586,0.713,504.731,44.888,32.281,1.402,31.176,0
2026-09-13T09:15:48+00:00,PRESS-RTP41-DEMO,BATCH-DEMO-002,17.876,3.568,0.709,509.436,45.153,31.562,1.255,30.502,0
2026-09-13T09:15:49+00:00,PRESS-RTP41-DEMO,BATCH-DEMO-002,18.616,3.583,0.662,503.819,45.056,31.994,1.295,31.028,0
2026-09-13T09:15:50+00:00,PRESS-RTP41-DEMO,BATCH-DEMO-002,18.005,3.371,0.729,506.447,44.873,31.846,1.299,31.114,0
2026-09-13T09:15:51+00:00,PRESS-RTP41-DEMO,BATCH-DEMO-002,17.804,3.465,0.618,519.034,45.287,31.561,1.027,31.029,1
2026-09-13T09:15:52+00:00,PRESS-RTP41-DEMO,BATCH-DEMO-002,17.679,3.57,0.584,502.99,45.064,31.766,1.013,31.212,0
2026-09-13T09:15:53+00:00,PRESS-RTP41-DEMO,BATCH-DEMO-002,17.413,3.594,0.619,500.12,44.966,32.206,1.182,30.891,0
2026-09-13T09:15:54+00:00,PRESS-RTP41-DEMO,BATCH-DEMO-002,18.074,3.479,0.663,493.174,44.924,32.182,1.219,30.981,0
2026-09-13T09:15:55+00:00,PRESS-RTP41-DEMO,BATCH-DEMO-002,18.08,3.607,0.667,499.477,44.412,31.899,1.177,31.132,0
2026-09-13T09:15:56+00:00,PRESS-RTP41-DEMO,BATCH-DEMO-002,18.635,3.459,0.644,489.87,45.04,31.921,1.088,31.246,1
2026-09-13T09:15:57+00:00,PRESS-RTP41-DEMO,BATCH-DEMO-002,17.558,3.434,0.63,488.45,45.398,31.937,1.27,30.794,1
2026-09-13T09:15:58+00:00,PRESS-RTP41-DEMO,BATCH-DEMO-002,17.786,3.528,0.674,492.072,44.773,31.734,1.172,31.062,0
2026-09-13T09:15:59+00:00,PRESS-RTP41-DEMO,BATCH-DEMO-002,18.156,3.537,0.678,513.277,44.617,31.647,1.26,30.567,1
2026-09-13T09:16:00+00:00,PRESS-RTP41-DEMO,BATCH-DEMO-002,17.802,3.599,0.645,493.28,44.825,31.989,1.116,31.11,0
2026-09-13T09:16:01+00:00,PRESS-RTP41-DEMO,BATCH-DEMO-002,17.903,3.364,0.649,497.07,45.229,31.733,1.202,31.519,0
2026-09-13T09:16:02+00:00,PRESS-RTP41-DEMO,BATCH-DEMO-002,17.834,3.402,0.677,488.701,44.104,31.515,1.168,30.821,1
2026-09-13T09:16:03+00:00,PRESS-RTP41-DEMO,BATCH-DEMO-002,17.839,3.504,0.633,498.361,45.067,32.415,1.134,31.102,0
2026-09-13T09:16:04+00:00,PRESS-RTP41-DEMO,BATCH-DEMO-002,17.758,3.315,0.613,502.122,44.605,31.808,1.168,30.719,0
2026-09-13T09:16:05+00:00,PRESS-RTP41-DEMO,BATCH-DEMO-002,18.019,3.317,0.626,487.8,45.112,32.059,1.153,30.908,1
2026-09-13T09:16:06+00:00,PRESS-RTP41-DEMO,BATCH-DEMO-002,18.181,3.355,0.639,488.223,45.25,31.784,1.153,30.706,1
2026-09-13T09:16:07+00:00,PRESS-RTP41-DEMO,BATCH-DEMO-002,18.38,3.351,0.526,498.863,45.362,31.899,1.062,31.181,0
2026-09-13T09:16:08+00:00,PRESS-RTP41-DEMO,BATCH-DEMO-002,18.975,3.445,0.661,519.885,45.277,31.542,1.181,31.048,1
2026-09-13T09:16:09+00:00,PRESS-RTP41-DEMO,BATCH-DEMO-002,17.191,3.684,0.64,500.747,45.219,32.031,1.347,31.069,0
2026-09-13T09:16:10+00:00,PRESS-RTP41-DEMO,BATCH-DEMO-002,17.974,3.589,0.59,519.784,45.19,31.336,1.132,30.928,1
2026-09-13T09:16:11+00:00,PRESS-RTP41-DEMO,BATCH-DEMO-002,18.308,3.566,0.66,491.405,44.334,31.896,1.077,31.308,0
2026-09-13T09:16:12+00:00,PRESS-RTP41-DEMO,BATCH-DEMO-002,17.567,3.446,0.691,487.706,44.887,32.159,1.096,31.101,1
2026-09-13T09:16:13+00:00,PRESS-RTP41-DEMO,BATCH-DEMO-002,18.053,3.455,0.607,474.66,44.847,32.45,1.205,31.332,1
2026-09-13T09:16:14+00:00,PRESS-RTP41-DEMO,BATCH-DEMO-002,18.167,3.467,0.616,494.904,45.58,32.468,0.965,30.648,0
2026-09-13T09:16:15+00:00,PRESS-RTP41-DEMO,BATCH-DEMO-002,18.599,3.54,0.636,483.317,44.482,31.645,1.169,31.023,1
2026-09-13T09:16:16+00:00,PRESS-RTP41-DEMO,BATCH-DEMO-002,17.551,3.636,0.746,510.156,45.112,31.936,1.418,31.211,1
2026-09-13T09:16:17+00:00,PRESS-RTP41-DEMO,BATCH-DEMO-002,18.254,3.459,0.671,514.677,44.965,31.813,1.241,31.183,1
2026-09-13T09:16:18+00:00,PRESS-RTP41-DEMO,BATCH-DEMO-002,18.031,3.494,0.639,511.39,44.917,31.952,1.069,31.178,1
2026-09-13T09:16:19+00:00,PRESS-RTP41-DEMO,BATCH-DEMO-002,18.058,3.437,0.705,511.546,44.744,32.116,1.252,30.869,1
2026-09-13T09:16:20+00:00,PRESS-RTP41-DEMO,BATCH-DEMO-002,18.502,3.58,0.539,498.486,45.502,32.027,1.214,31.14,0
2026-09-13T09:16:21+00:00,PRESS-RTP41-DEMO,BATCH-DEMO-002,17.884,3.435,0.712,502.671,44.925,31.676,1.324,30.649,0
2026-09-13T09:16:22+00:00,PRESS-RTP41-DEMO,BATCH-DEMO-002,17.671,3.58,0.742,508.164,45.089,32.55,1.212,30.972,0
2026-09-13T09:16:23+00:00,PRESS-RTP41-DEMO,BATCH-DEMO-002,18.201,3.647,0.693,506.086,45.003,31.782,1.086,31.237,0
2026-09-13T09:16:24+00:00,PRESS-RTP41-DEMO,BATCH-DEMO-002,17.848,3.611,0.641,496.384,45.102,31.841,1.226,31.207,0
2026-09-13T09:16:25+00:00,PRESS-RTP41-DEMO,BATCH-DEMO-002,18.619,3.561,0.742,491.527,45.547,32.349,1.234,30.586,0
2026-09-13T09:16:26+00:00,PRESS-RTP41-DEMO,BATCH-DEMO-002,18.227,3.552,0.641,508.243,44.783,31.595,1.317,31.303,0
2026-09-13T09:16:27+00:00,PRESS-RTP41-DEMO,BATCH-DEMO-002,18.397,3.548,0.657,502.645,44.791,31.876,1.128,31.155,0
2026-09-13T09:16:28+00:00,PRESS-RTP41-DEMO,BATCH-DEMO-002,18.272,3.461,0.702,502.914,44.735,32.626,1.22,30.851,0
2026-09-13T09:16:29+00:00,PRESS-RTP41-DEMO,BATCH-DEMO-002,17.799,3.443,0.703,508.164,45.172,31.821,1.227,30.877,0
2026-09-13T09:16:30+00:00,PRESS-RTP41-DEMO,BATCH-DEMO-002,17.41,3.456,0.699,492.256,45.147,31.96,1.225,30.965,0
2026-09-13T09:16:31+00:00,PRESS-RTP41-DEMO,BATCH-DEMO-002,18.432,3.544,0.706,490.399,44.872,32.384,1.385,30.901,0
2026-09-13T09:16:32+00:00,PRESS-RTP41-DEMO,BATCH-DEMO-002,18.019,3.517,0.667,503.149,44.792,32.153,1.003,31.208,0
2026-09-13T09:16:33+00:00,PRESS-RTP41-DEMO,BATCH-DEMO-002,18.767,3.534,0.612,496.561,44.795,32.315,1.178,31.242,0
2026-09-13T09:16:34+00:00,PRESS-RTP41-DEMO,BATCH-DEMO-002,18.032,3.654,0.556,485.889,44.991,31.877,1.333,31.217,1
2026-09-13T09:16:35+00:00,PRESS-RTP41-DEMO,BATCH-DEMO-002,17.469,3.547,0.63,504.64,44.972,32.152,1.034,30.593,0
2026-09-13T09:16:36+00:00,PRESS-RTP41-DEMO,BATCH-DEMO-002,17.618,3.269,0.634,509.553,45.254,32.144,1.352,31.076,0
2026-09-13T09:16:37+00:00,PRESS-RTP41-DEMO,BATCH-DEMO-002,17.281,3.599,0.716,502.67,45.46,32.018,1.204,31.12,0
2026-09-13T09:16:38+00:00,PRESS-RTP41-DEMO,BATCH-DEMO-002,17.537,3.549,0.65,502.826,44.648,31.75,1.114,30.381,0
2026-09-13T09:16:39+00:00,PRESS-RTP41-DEMO,BATCH-DEMO-002,17.622,3.409,0.697,492.132,44.903,32.247,1.277,30.797,0
2026-09-13T09:16:40+00:00,PRESS-RTP41-DEMO,BATCH-DEMO-002,17.425,3.509,0.675,503.906,45.412,32.101,1.129,30.897,0
2026-09-13T09:16:41+00:00,PRESS-RTP41-DEMO,BATCH-DEMO-002,18.023,3.62,0.675,504.414,44.881,31.909,1.038,31.078,0
2026-09-13T09:16:42+00:00,PRESS-RTP41-DEMO,BATCH-DEMO-002,17.702,3.545,0.666,486.714,44.913,31.783,1.218,30.95,1
2026-09-13T09:16:43+00:00,PRESS-RTP41-DEMO,BATCH-DEMO-002,18.462,3.359,0.613,515.695,44.737,32.249,1.355,31.001,1
2026-09-13T09:16:44+00:00,PRESS-RTP41-DEMO,BATCH-DEMO-002,18.243,3.636,0.586,492.442,44.909,31.816,1.15,31.249,0
2026-09-13T09:16:45+00:00,PRESS-RTP41-DEMO,BATCH-DEMO-002,17.207,3.533,0.737,510.872,45.326,32.111,1.306,31.16,1
2026-09-13T09:16:46+00:00,PRESS-RTP41-DEMO,BATCH-DEMO-002,18.046,3.533,0.695,484.501,45.061,32.136,1.116,30.944,1
2026-09-13T09:16:47+00:00,PRESS-RTP41-DEMO,BATCH-DEMO-002,17.518,3.64,0.614,499.743,45.234,32.543,1.104,31.031,0
2026-09-13T09:16:48+00:00,PRESS-RTP41-DEMO,BATCH-DEMO-002,18.026,3.422,0.71,510.747,44.493,32.086,1.199,31.139,1
2026-09-13T09:16:49+00:00,PRESS-RTP41-DEMO,BATCH-DEMO-002,18.409,3.54,0.72,514.99,44.774,32.192,1.119,31.123,1
2026-09-13T09:16:50+00:00,PRESS-RTP41-DEMO,BATCH-DEMO-002,17.976,3.356,0.637,493.967,44.818,32.242,1.111,30.935,0
2026-09-13T09:16:51+00:00,PRESS-RTP41-DEMO,BATCH-DEMO-002,18.063,3.518,0.601,516.149,44.952,31.768,1.133,30.647,1
2026-09-13T09:16:52+00:00,PRESS-RTP41-DEMO,BATCH-DEMO-002,17.65,3.423,0.576,507.057,44.522,31.804,1.12,30.993,0
2026-09-13T09:16:53+00:00,PRESS-RTP41-DEMO,BATCH-DEMO-002,17.544,3.43,0.626,512.96,45.164,31.599,1.307,31.082,1
2026-09-13T09:16:54+00:00,PRESS-RTP41-DEMO,BATCH-DEMO-002,18.718,3.717,0.641,493.939,44.843,32.443,1.33,31.171,0
2026-09-13T09:16:55+00:00,PRESS-RTP41-DEMO,BATCH-DEMO-002,18.705,3.608,0.607,506.331,44.762,32.318,1.086,30.893,0
2026-09-13T09:16:56+00:00,PRESS-RTP41-DEMO,BATCH-DEMO-002,17.791,3.435,0.644,512.344,44.725,32.047,1.057,30.736,1
2026-09-13T09:16:57+00:00,PRESS-RTP41-DEMO,BATCH-DEMO-002,17.522,3.618,0.662,493.334,44.579,31.893,1.306,30.99,0
2026-09-13T09:16:58+00:00,PRESS-RTP41-DEMO,BATCH-DEMO-002,17.616,3.423,0.647,504.329,44.87,32.163,1.246,31.341,0
2026-09-13T09:16:59+00:00,PRESS-RTP41-DEMO,BATCH-DEMO-002,18.176,3.527,0.703,489.694,44.825,32.009,1.135,30.804,1
2026-09-13T09:17:00+00:00,PRESS-RTP41-DEMO,BATCH-DEMO-002,18.154,3.535,0.641,496.938,45.323,31.873,1.296,30.89,0
2026-09-13T09:17:01+00:00,PRESS-RTP41-DEMO,BATCH-DEMO-002,18.289,3.538,0.605,507.322,44.746,31.803,1.138,31.08,0
2026-09-13T09:17:02+00:00,PRESS-RTP41-DEMO,BATCH-DEMO-002,17.558,3.593,0.621,496.128,45.138,31.824,1.189,31.12,0
2026-09-13T09:17:03+00:00,PRESS-RTP41-DEMO,BATCH-DEMO-002,18.68,3.572,0.714,497.548,45.514,31.937,1.169,30.952,0
2026-09-13T09:17:04+00:00,PRESS-RTP41-DEMO,BATCH-DEMO-002,17.603,3.541,0.624,513.748,45.051,32.373,1.131,30.789,1
2026-09-13T09:17:05+00:00,PRESS-RTP41-DEMO,BATCH-DEMO-002,17.888,3.388,0.727,484.282,45.446,31.322,1.138,30.732,1
2026-09-13T09:17:06+00:00,PRESS-RTP41-DEMO,BATCH-DEMO-002,18.459,3.583,0.565,515.415,45.14,32.287,1.169,31.04,1
2026-09-13T09:17:07+00:00,PRESS-RTP41-DEMO,BATCH-DEMO-002,18.082,3.443,0.655,491.273,44.786,32.557,1.254,31.373,0
2026-09-13T09:17:08+00:00,PRESS-RTP41-DEMO,BATCH-DEMO-002,18.477,3.457,0.704,508.165,45.05,32.136,0.903,30.975,0
2026-09-13T09:17:09+00:00,PRESS-RTP41-DEMO,BATCH-DEMO-002,16.971,3.43,0.584,507.481,45.728,32.487,1.2,31.059,0
2026-09-13T09:17:10+00:00,PRESS-RTP41-DEMO,BATCH-DEMO-002,17.977,3.452,0.609,501.217,45.084,32.163,1.158,30.972,0
2026-09-13T09:17:11+00:00,PRESS-RTP41-DEMO,BATCH-DEMO-002,17.386,3.425,0.685,498.538,44.7,32.06,1.106,31.39,0
2026-09-13T09:17:12+00:00,PRESS-RTP41-DEMO,BATCH-DEMO-002,17.739,3.647,0.674,489.597,45.453,32.259,1.062,31.144,1
2026-09-13T09:17:13+00:00,PRESS-RTP41-DEMO,BATCH-DEMO-002,18.118,3.359,0.644,506.98,45.138,32.493,1.239,30.971,0
2026-09-13T09:17:14+00:00,PRESS-RTP41-DEMO,BATCH-DEMO-002,18.643,3.746,0.66,482.04,45.076,31.562,1.291,30.84,1
2026-09-13T09:17:15+00:00,PRESS-RTP41-DEMO,BATCH-DEMO-002,17.665,3.285,0.641,497.738,45.286,31.98,1.251,30.913,0
2026-09-13T09:17:16+00:00,PRESS-RTP41-DEMO,BATCH-DEMO-002,18.273,3.583,0.609,497.768,45.276,31.895,1.189,31.124,0
2026-09-13T09:17:17+00:00,PRESS-RTP41-DEMO,BATCH-DEMO-002,18.02,3.576,0.612,501.2,45.325,31.58,1.105,31.397,0
2026-09-13T09:17:18+00:00,PRESS-RTP41-DEMO,BATCH-DEMO-002,17.719,3.368,0.682,496.498,45.274,31.922,1.37,31.17,0
2026-09-13T09:17:19+00:00,PRESS-RTP41-DEMO,BATCH-DEMO-002,18.3,3.576,0.645,500.25,44.929,32.342,1.12,31.104,0
2026-09-13T09:17:20+00:00,PRESS-RTP41-DEMO,BATCH-DEMO-002,17.331,3.592,0.638,507.158,45.06,31.659,1.136,30.913,0
2026-09-13T09:17:21+00:00,PRESS-RTP41-DEMO,BATCH-DEMO-002,18.205,3.397,0.681,513.164,44.75,31.78,1.202,31.25,1
2026-09-13T09:17:22+00:00,PRESS-RTP41-DEMO,BATCH-DEMO-002,17.845,3.353,0.621,505.576,45.127,32.441,1.196,30.982,0
2026-09-13T09:17:23+00:00,PRESS-RTP41-DEMO,BATCH-DEMO-002,18.091,3.618,0.632,496.623,45.13,32.197,1.034,31.085,0
2026-09-13T09:17:24+00:00,PRESS-RTP41-DEMO,BATCH-DEMO-002,17.988,3.44,0.656,516.719,45.242,31.857,1.083,30.842,1
2026-09-13T09:17:25+00:00,PRESS-RTP41-DEMO,BATCH-DEMO-002,18.337,3.425,0.662,507.378,44.738,31.716,1.127,30.913,0
2026-09-13T09:17:26+00:00,PRESS-RTP41-DEMO,BATCH-DEMO-002,18.169,3.507,0.724,513.971,45.485,32.155,1.174,30.795,1
2026-09-13T09:17:27+00:00,PRESS-RTP41-DEMO,BATCH-DEMO-002,17.748,3.418,0.671,498.979,45.291,31.51,1.374,31.024,0
2026-09-13T09:17:28+00:00,PRESS-RTP41-DEMO,BATCH-DEMO-002,17.575,3.519,0.698,502.92,44.758,32.094,1.259,31.253,0
2026-09-13T09:17:29+00:00,PRESS-RTP41-DEMO,BATCH-DEMO-002,17.476,3.632,0.677,522.144,44.868,31.808,1.143,30.636,1
2026-09-13T09:17:30+00:00,PRESS-RTP41-DEMO,BATCH-DEMO-002,17.837,3.536,0.661,495.911,45.003,32.154,1.299,30.888,0
2026-09-13T09:17:31+00:00,PRESS-RTP41-DEMO,BATCH-DEMO-002,18.245,3.456,0.711,491.133,44.505,32.041,1.03,31.065,0
2026-09-13T09:17:32+00:00,PRESS-RTP41-DEMO,BATCH-DEMO-002,18.337,3.474,0.653,495.896,44.996,32.395,1.116,30.783,0
2026-09-13T09:17:33+00:00,PRESS-RTP41-DEMO,BATCH-DEMO-002,18.092,3.536,0.653,500.708,45.127,31.707,1.365,30.824,0
2026-09-13T09:17:34+00:00,PRESS-RTP41-DEMO,BATCH-DEMO-002,17.568,3.4,0.635,503.494,44.522,32.513,1.298,31.201,0
2026-09-13T09:17:35+00:00,PRESS-RTP41-DEMO,BATCH-DEMO-002,18.244,3.374,0.624,477.488,45.339,31.957,1.17,31.119,1
2026-09-13T09:17:36+00:00,PRESS-RTP41-DEMO,BATCH-DEMO-002,17.474,3.524,0.713,503.463,45.194,31.895,1.397,31.09,0
2026-09-13T09:17:37+00:00,PRESS-RTP41-DEMO,BATCH-DEMO-002,18.247,3.516,0.717,513.808,45.187,32.54,1.307,31.025,1
2026-09-13T09:17:38+00:00,PRESS-RTP41-DEMO,BATCH-DEMO-002,18.845,3.515,0.605,502.752,44.993,32.036,1.209,31.312,0
2026-09-13T09:17:39+00:00,PRESS-RTP41-DEMO,BATCH-DEMO-002,17.972,3.483,0.703,489.915,45.248,32.118,1.197,30.775,1
2026-09-13T09:17:40+00:00,PRESS-RTP41-DEMO,BATCH-DEMO-002,17.665,3.511,0.654,510.548,45.142,32.252,1.369,30.831,1
2026-09-13T09:17:41+00:00,PRESS-RTP41-DEMO,BATCH-DEMO-002,17.48,3.364,0.582,496.2,45.78,31.554,1.191,30.797,0
2026-09-13T09:17:42+00:00,PRESS-RTP41-DEMO,BATCH-DEMO-002,18.685,3.425,0.667,504.064,45.065,32.306,1.234,31.167,0
2026-09-13T09:17:43+00:00,PRESS-RTP41-DEMO,BATCH-DEMO-002,18.508,3.367,0.662,520.476,45.121,32.169,1.146,30.967,1
2026-09-13T09:17:44+00:00,PRESS-RTP41-DEMO,BATCH-DEMO-002,18.535,3.337,0.655,491.176,45.335,32.101,1.117,31.0,0
2026-09-13T09:17:45+00:00,PRESS-RTP41-DEMO,BATCH-DEMO-002,18.314,3.384,0.66,504.832,45.089,32.467,1.225,31.207,0
2026-09-13T09:17:46+00:00,PRESS-RTP41-DEMO,BATCH-DEMO-002,18.2,3.683,0.654,497.176,44.676,31.781,1.052,31.093,0
2026-09-13T09:17:47+00:00,PRESS-RTP41-DEMO,BATCH-DEMO-002,18.559,3.518,0.685,506.832,44.795,31.447,1.287,31.148,0
2026-09-13T09:17:48+00:00,PRESS-RTP41-DEMO,BATCH-DEMO-002,18.455,3.546,0.569,490.168,44.587,31.614,1.121,31.152,0
2026-09-13T09:17:49+00:00,PRESS-RTP41-DEMO,BATCH-DEMO-002,18.311,3.508,0.628,510.963,45.455,32.698,1.194,31.006,1
2026-09-13T09:17:50+00:00,PRESS-RTP41-DEMO,BATCH-DEMO-002,18.122,3.487,0.644,483.717,44.843,31.415,1.168,30.822,1
2026-09-13T09:17:51+00:00,PRESS-RTP41-DEMO,BATCH-DEMO-002,18.204,3.623,0.615,497.299,45.164,32.344,1.312,30.795,0
2026-09-13T09:17:52+00:00,PRESS-RTP41-DEMO,BATCH-DEMO-002,17.758,3.399,0.6,494.17,44.738,31.567,1.235,30.661,0
2026-09-13T09:17:53+00:00,PRESS-RTP41-DEMO,BATCH-DEMO-002,17.924,3.776,0.691,507.354,45.476,31.825,1.09,30.841,0
2026-09-13T09:17:54+00:00,PRESS-RTP41-DEMO,BATCH-DEMO-002,18.298,3.377,0.633,509.815,44.799,31.953,1.22,30.788,0
2026-09-13T09:17:55+00:00,PRESS-RTP41-DEMO,BATCH-DEMO-002,17.588,3.483,0.688,493.197,44.974,32.339,1.206,31.109,0
2026-09-13T09:17:56+00:00,PRESS-RTP41-DEMO,BATCH-DEMO-002,17.918,3.407,0.635,498.962,44.819,31.757,1.318,30.995,0
2026-09-13T09:17:57+00:00,PRESS-RTP41-DEMO,BATCH-DEMO-002,19.118,3.698,0.633,502.627,45.06,32.056,1.286,31.12,0
2026-09-13T09:17:58+00:00,PRESS-RTP41-DEMO,BATCH-DEMO-002,17.479,3.54,0.663,501.272,44.702,31.713,1.173,30.857,0
2026-09-13T09:17:59+00:00,PRESS-RTP41-DEMO,BATCH-DEMO-002,18.082,3.5,0.589,500.533,45.021,31.651,1.357,30.857,0
2026-09-13T09:18:00+00:00,PRESS-RTP41-DEMO,BATCH-DEMO-002,17.852,3.47,0.597,483.479,45.341,32.152,1.185,31.008,1
2026-09-13T09:18:01+00:00,PRESS-RTP41-DEMO,BATCH-DEMO-002,17.874,3.417,0.74,504.014,44.56,32.376,1.116,31.082,0
2026-09-13T09:18:02+00:00,PRESS-RTP41-DEMO,BATCH-DEMO-002,18.211,3.451,0.619,489.264,44.986,31.461,1.159,30.851,1
2026-09-13T09:18:03+00:00,PRESS-RTP41-DEMO,BATCH-DEMO-002,18.003,3.579,0.708,524.79,44.9,32.498,1.181,31.174,1
2026-09-13T09:18:04+00:00,PRESS-RTP41-DEMO,BATCH-DEMO-002,17.719,3.434,0.703,505.76,45.05,31.921,1.021,31.296,0
2026-09-13T09:18:05+00:00,PRESS-RTP41-DEMO,BATCH-DEMO-002,17.323,3.464,0.72,492.072,44.694,31.518,1.155,31.33,0
2026-09-13T09:18:06+00:00,PRESS-RTP41-DEMO,BATCH-DEMO-002,18.576,3.511,0.609,514.481,44.935,32.197,1.213,30.783,1
2026-09-13T09:18:07+00:00,PRESS-RTP41-DEMO,BATCH-DEMO-002,17.526,3.718,0.611,515.034,45.172,31.933,1.11,30.822,1
2026-09-13T09:18:08+00:00,PRESS-RTP41-DEMO,BATCH-DEMO-002,17.399,3.638,0.662,496.128,45.362,31.498,1.2,30.933,0
2026-09-13T09:18:09+00:00,PRESS-RTP41-DEMO,BATCH-DEMO-002,17.495,3.166,0.676,502.001,45.731,32.299,1.092,30.73,0
2026-09-13T09:18:10+00:00,PRESS-RTP41-DEMO,BATCH-DEMO-002,18.07,3.624,0.744,490.706,45.419,32.295,1.192,31.181,0
2026-09-13T09:18:11+00:00,PRESS-RTP41-DEMO,BATCH-DEMO-002,17.618,3.51,0.669,506.61,45.179,31.605,1.134,30.815,0
2026-09-13T09:18:12+00:00,PRESS-RTP41-DEMO,BATCH-DEMO-002,17.419,3.41,0.793,492.493,44.756,31.879,1.248,31.106,0
2026-09-13T09:18:13+00:00,PRESS-RTP41-DEMO,BATCH-DEMO-002,18.017,3.382,0.692,481.693,45.094,31.868,1.398,30.987,1
2026-09-13T09:18:14+00:00,PRESS-RTP41-DEMO,BATCH-DEMO-002,18.004,3.434,0.647,497.281,44.316,31.675,1.222,31.05,0
2026-09-13T09:18:15+00:00,PRESS-RTP41-DEMO,BATCH-DEMO-002,18.37,3.64,0.556,499.263,44.993,32.138,1.259,31.397,0
2026-09-13T09:18:16+00:00,PRESS-RTP41-DEMO,BATCH-DEMO-002,18.459,3.423,0.685,480.985,45.08,31.985,1.184,31.155,1
2026-09-13T09:18:17+00:00,PRESS-RTP41-DEMO,BATCH-DEMO-002,18.708,3.495,0.677,508.647,44.929,31.479,1.196,31.193,0
2026-09-13T09:18:18+00:00,PRESS-RTP41-DEMO,BATCH-DEMO-002,18.111,3.555,0.687,490.197,45.077,31.904,1.239,31.171,0
2026-09-13T09:18:19+00:00,PRESS-RTP41-DEMO,BATCH-DEMO-002,17.587,3.502,0.732,505.526,45.093,31.857,1.343,31.29,0
2026-09-13T09:18:20+00:00,PRESS-RTP41-DEMO,BATCH-DEMO-002,17.862,3.323,0.765,482.892,45.349,32.176,1.337,31.013,1
2026-09-13T09:18:21+00:00,PRESS-RTP41-DEMO,BATCH-DEMO-002,18.578,3.749,0.721,486.696,44.876,32.519,1.18,30.825,1
2026-09-13T09:18:22+00:00,PRESS-RTP41-DEMO,BATCH-DEMO-002,17.82,3.41,0.579,496.898,45.07,31.79,1.201,30.774,0
2026-09-13T09:18:23+00:00,PRESS-RTP41-DEMO,BATCH-DEMO-002,17.815,3.569,0.569,486.909,45.018,32.099,1.098,31.175,1
2026-09-13T09:18:24+00:00,PRESS-RTP41-DEMO,BATCH-DEMO-002,17.298,3.475,0.668,504.81,44.581,31.665,1.341,30.77,0
2026-09-13T09:18:25+00:00,PRESS-RTP41-DEMO,BATCH-DEMO-002,17.636,3.401,0.687,492.002,44.511,32.0,1.289,31.225,0
2026-09-13T09:18:26+00:00,PRESS-RTP41-DEMO,BATCH-DEMO-002,17.503,3.56,0.622,488.708,44.824,32.209,1.155,31.218,1
2026-09-13T09:18:27+00:00,PRESS-RTP41-DEMO,BATCH-DEMO-002,18.362,3.464,0.54,513.398,44.912,31.68,1.109,31.21,1
2026-09-13T09:18:28+00:00,PRESS-RTP41-DEMO,BATCH-DEMO-002,17.37,3.36,0.593,510.018,45.022,31.854,1.235,31.405,1
2026-09-13T09:18:29+00:00,PRESS-RTP41-DEMO,BATCH-DEMO-002,18.47,3.502,0.772,503.662,44.584,32.021,1.177,30.607,0
2026-09-13T09:18:30+00:00,PRESS-RTP41-DEMO,BATCH-DEMO-002,18.283,3.719,0.586,515.922,45.191,32.189,1.202,30.612,1
2026-09-13T09:18:31+00:00,PRESS-RTP41-DEMO,BATCH-DEMO-002,18.209,3.445,0.608,479.381,45.199,31.942,1.26,31.079,1
2026-09-13T09:18:32+00:00,PRESS-RTP41-DEMO,BATCH-DEMO-002,18.081,3.589,0.578,488.884,45.384,31.854,1.183,31.249,1
2026-09-13T09:18:33+00:00,PRESS-RTP41-DEMO,BATCH-DEMO-002,17.685,3.533,0.721,489.769,45.265,31.739,1.321,31.165,1
2026-09-13T09:18:34+00:00,PRESS-RTP41-DEMO,BATCH-DEMO-002,17.98,3.43,0.609,502.118,44.344,31.932,1.153,31.256,0
2026-09-13T09:18:35+00:00,PRESS-RTP41-DEMO,BATCH-DEMO-002,18.109,3.531,0.618,502.41,45.18,31.997,1.27,30.898,0
2026-09-13T09:18:36+00:00,PRESS-RTP41-DEMO,BATCH-DEMO-002,18.308,3.581,0.639,490.148,45.033,32.137,1.181,31.217,0
2026-09-13T09:18:37+00:00,PRESS-RTP41-DEMO,BATCH-DEMO-002,17.686,3.72,0.686,506.641,44.874,31.84,1.164,31.252,0
2026-09-13T09:18:38+00:00,PRESS-RTP41-DEMO,BATCH-DEMO-002,18.331,3.529,0.623,495.417,45.113,31.918,1.12,31.288,0
2026-09-13T09:18:39+00:00,PRESS-RTP41-DEMO,BATCH-DEMO-002,17.714,3.342,0.656,476.675,44.464,32.152,1.183,31.004,1
2026-09-13T09:18:40+00:00,PRESS-RTP41-DEMO,BATCH-DEMO-002,17.503,3.391,0.73,488.018,44.787,31.705,1.196,30.948,1
2026-09-13T09:18:41+00:00,PRESS-RTP41-DEMO,BATCH-DEMO-002,17.616,3.554,0.726,509.91,44.952,31.7,1.089,31.024,0
2026-09-13T09:18:42+00:00,PRESS-RTP41-DEMO,BATCH-DEMO-002,18.579,3.448,0.664,491.781,44.27,32.136,1.321,30.962,0
2026-09-13T09:18:43+00:00,PRESS-RTP41-DEMO,BATCH-DEMO-002,17.676,3.545,0.595,504.882,45.186,31.749,1.05,31.356,0
2026-09-13T09:18:44+00:00,PRESS-RTP41-DEMO,BATCH-DEMO-002,18.022,3.576,0.56,499.577,44.539,31.718,1.126,31.02,0
2026-09-13T09:18:45+00:00,PRESS-RTP41-DEMO,BATCH-DEMO-002,18.242,3.571,0.629,496.162,45.21,32.003,1.251,30.365,0
2026-09-13T09:18:46+00:00,PRESS-RTP41-DEMO,BATCH-DEMO-002,17.975,3.42,0.688,491.605,45.338,31.921,1.319,31.055,0
2026-09-13T09:18:47+00:00,PRESS-RTP41-DEMO,BATCH-DEMO-002,17.629,3.433,0.632,498.48,45.104,31.984,1.207,30.984,0
2026-09-13T09:18:48+00:00,PRESS-RTP41-DEMO,BATCH-DEMO-002,18.026,3.617,0.66,506.145,45.326,32.314,1.205,31.029,0
2026-09-13T09:18:49+00:00,PRESS-RTP41-DEMO,BATCH-DEMO-002,18.224,3.497,0.638,506.998,44.686,32.185,1.27,30.734,0
2026-09-13T09:18:50+00:00,PRESS-RTP41-DEMO,BATCH-DEMO-002,17.815,3.611,0.655,506.659,45.429,32.317,1.25,31.181,0
2026-09-13T09:18:51+00:00,PRESS-RTP41-DEMO,BATCH-DEMO-002,18.289,3.524,0.721,506.222,45.461,31.916,1.119,30.711,0
2026-09-13T09:18:52+00:00,PRESS-RTP41-DEMO,BATCH-DEMO-002,18.487,3.361,0.746,508.933,45.307,32.028,1.071,30.733,0
2026-09-13T09:18:53+00:00,PRESS-RTP41-DEMO,BATCH-DEMO-002,17.554,3.621,0.626,504.214,44.874,31.974,1.222,30.763,0
2026-09-13T09:18:54+00:00,PRESS-RTP41-DEMO,BATCH-DEMO-002,17.696,3.506,0.591,504.236,44.918,31.7,1.311,30.849,0
2026-09-13T09:18:55+00:00,PRESS-RTP41-DEMO,BATCH-DEMO-002,18.468,3.564,0.664,512.633,45.473,31.434,1.284,30.372,1
2026-09-13T09:18:56+00:00,PRESS-RTP41-DEMO,BATCH-DEMO-002,18.646,3.646,0.646,503.302,44.747,31.431,1.281,30.783,0
2026-09-13T09:18:57+00:00,PRESS-RTP41-DEMO,BATCH-DEMO-002,18.635,3.459,0.665,504.166,45.048,31.837,1.278,30.798,0
2026-09-13T09:18:58+00:00,PRESS-RTP41-DEMO,BATCH-DEMO-002,17.873,3.675,0.673,490.352,44.519,31.736,1.22,30.594,0
2026-09-13T09:18:59+00:00,PRESS-RTP41-DEMO,BATCH-DEMO-002,17.784,3.582,0.68,512.081,44.888,32.594,1.319,30.774,1
2026-09-13T09:19:00+00:00,PRESS-RTP41-DEMO,BATCH-DEMO-002,18.221,3.572,0.663,499.717,44.748,31.961,1.174,31.109,0
2026-09-13T09:19:01+00:00,PRESS-RTP41-DEMO,BATCH-DEMO-002,18.167,3.581,0.695,515.098,45.076,32.266,1.252,31.123,1
2026-09-13T09:19:02+00:00,PRESS-RTP41-DEMO,BATCH-DEMO-002,17.957,3.555,0.578,500.181,44.996,32.127,1.126,30.971,0
2026-09-13T09:19:03+00:00,PRESS-RTP41-DEMO,BATCH-DEMO-002,18.496,3.55,0.637,494.067,45.324,32.144,1.379,30.777,0
2026-09-13T09:19:04+00:00,PRESS-RTP41-DEMO,BATCH-DEMO-002,18.488,3.484,0.627,499.542,45.261,31.188,1.096,30.838,0
2026-09-13T09:19:05+00:00,PRESS-RTP41-DEMO,BATCH-DEMO-002,18.248,3.476,0.617,498.641,44.919,31.89,1.111,31.132,0
2026-09-13T09:19:06+00:00,PRESS-RTP41-DEMO,BATCH-DEMO-002,17.782,3.362,0.533,505.111,45.188,32.323,0.968,31.052,0
2026-09-13T09:19:07+00:00,PRESS-RTP41-DEMO,BATCH-DEMO-002,18.537,3.58,0.605,510.451,44.673,32.32,1.188,30.98,1
2026-09-13T09:19:08+00:00,PRESS-RTP41-DEMO,BATCH-DEMO-002,18.396,3.629,0.627,495.715,44.521,32.235,1.243,31.021,0
2026-09-13T09:19:09+00:00,PRESS-RTP41-DEMO,BATCH-DEMO-002,18.291,3.349,0.713,497.81,45.123,31.607,1.017,30.753,0
2026-09-13T09:19:10+00:00,PRESS-RTP41-DEMO,BATCH-DEMO-002,18.702,3.536,0.612,502.716,44.741,32.098,1.237,30.997,0
2026-09-13T09:19:11+00:00,PRESS-RTP41-DEMO,BATCH-DEMO-002,17.508,3.633,0.617,492.045,44.929,31.686,1.209,31.083,0
2026-09-13T09:19:12+00:00,PRESS-RTP41-DEMO,BATCH-DEMO-002,17.827,3.394,0.703,501.141,45.238,31.711,1.17,31.045,0
2026-09-13T09:19:13+00:00,PRESS-RTP41-DEMO,BATCH-DEMO-002,17.833,3.581,0.678,497.682,44.994,31.926,1.221,31.241,0
2026-09-13T09:19:14+00:00,PRESS-RTP41-DEMO,BATCH-DEMO-002,17.721,3.396,0.63,487.062,44.457,32.178,1.011,31.136,1
2026-09-13T09:19:15+00:00,PRESS-RTP41-DEMO,BATCH-DEMO-002,17.584,3.508,0.638,502.904,44.29,31.986,1.245,31.03,0
2026-09-13T09:19:16+00:00,PRESS-RTP41-DEMO,BATCH-DEMO-002,17.992,3.33,0.621,488.837,44.979,32.519,1.279,30.806,1
2026-09-13T09:19:17+00:00,PRESS-RTP41-DEMO,BATCH-DEMO-002,17.338,3.522,0.685,506.807,45.073,32.094,1.276,30.778,0
2026-09-13T09:19:18+00:00,PRESS-RTP41-DEMO,BATCH-DEMO-002,18.22,3.563,0.655,502.786,44.253,32.696,1.126,30.975,0
2026-09-13T09:19:19+00:00,PRESS-RTP41-DEMO,BATCH-DEMO-002,18.011,3.409,0.668,493.196,45.465,31.675,1.192,31.025,0
2026-09-13T09:19:20+00:00,PRESS-RTP41-DEMO,BATCH-DEMO-002,17.685,3.524,0.623,491.778,44.768,31.966,1.128,30.903,0
2026-09-13T09:19:21+00:00,PRESS-RTP41-DEMO,BATCH-DEMO-002,18.012,3.426,0.696,507.508,44.946,32.283,1.231,31.036,0
2026-09-13T09:19:22+00:00,PRESS-RTP41-DEMO,BATCH-DEMO-002,18.123,3.577,0.692,501.524,45.166,31.636,1.132,30.901,0
2026-09-13T09:19:23+00:00,PRESS-RTP41-DEMO,BATCH-DEMO-002,18.019,3.56,0.628,495.529,45.039,31.867,1.352,30.978,0
2026-09-13T09:19:24+00:00,PRESS-RTP41-DEMO,BATCH-DEMO-002,17.796,3.514,0.638,506.889,45.164,32.418,1.142,31.348,0
2026-09-13T09:19:25+00:00,PRESS-RTP41-DEMO,BATCH-DEMO-002,17.781,3.462,0.675,502.912,44.702,32.275,1.155,31.139,0
2026-09-13T09:19:26+00:00,PRESS-RTP41-DEMO,BATCH-DEMO-002,17.922,3.573,0.69,503.681,45.182,31.921,1.137,31.266,0
2026-09-13T09:19:27+00:00,PRESS-RTP41-DEMO,BATCH-DEMO-002,17.889,3.457,0.691,490.752,45.11,32.238,1.172,30.877,0
2026-09-13T09:19:28+00:00,PRESS-RTP41-DEMO,BATCH-DEMO-002,17.08,3.402,0.71,487.933,45.133,32.604,1.017,30.959,1
2026-09-13T09:19:29+00:00,PRESS-RTP41-DEMO,BATCH-DEMO-002,17.746,3.728,0.647,498.778,44.641,31.831,1.243,30.909,0
2026-09-13T09:19:30+00:00,PRESS-RTP41-DEMO,BATCH-DEMO-002,17.786,3.406,0.721,518.431,44.912,31.919,1.185,30.985,1
2026-09-13T09:19:31+00:00,PRESS-RTP41-DEMO,BATCH-DEMO-002,18.412,3.655,0.671,500.377,45.181,31.513,1.115,30.859,0
2026-09-13T09:19:32+00:00,PRESS-RTP41-DEMO,BATCH-DEMO-002,17.474,3.617,0.649,496.488,45.418,32.187,1.181,30.623,0
2026-09-13T09:19:33+00:00,PRESS-RTP41-DEMO,BATCH-DEMO-002,18.06,3.623,0.587,506.215,45.006,32.272,1.276,31.122,0
2026-09-13T09:19:34+00:00,PRESS-RTP41-DEMO,BATCH-DEMO-002,18.13,3.626,0.592,501.959,45.131,32.042,1.261,31.358,0
2026-09-13T09:19:35+00:00,PRESS-RTP41-DEMO,BATCH-DEMO-002,18.715,3.668,0.647,497.827,45.65,32.623,1.131,31.144,0
2026-09-13T09:19:36+00:00,PRESS-RTP41-DEMO,BATCH-DEMO-002,16.919,3.507,0.614,502.544,45.511,32.04,1.257,31.248,0
2026-09-13T09:19:37+00:00,PRESS-RTP41-DEMO,BATCH-DEMO-002,18.206,3.599,0.707,511.946,45.385,32.186,1.091,30.731,1
2026-09-13T09:19:38+00:00,PRESS-RTP41-DEMO,BATCH-DEMO-002,17.902,3.554,0.719,494.999,45.078,32.125,1.32,30.977,0
2026-09-13T09:19:39+00:00,PRESS-RTP41-DEMO,BATCH-DEMO-002,17.967,3.615,0.589,507.805,45.189,32.104,1.15,31.094,0
2026-09-13T09:19:40+00:00,PRESS-RTP41-DEMO,BATCH-DEMO-002,17.466,3.521,0.676,494.333,45.032,32.088,1.315,30.805,0
2026-09-13T09:19:41+00:00,PRESS-RTP41-DEMO,BATCH-DEMO-002,18.188,3.492,0.669,499.232,45.064,32.234,1.133,30.911,0
2026-09-13T09:19:42+00:00,PRESS-RTP41-DEMO,BATCH-DEMO-002,17.881,3.494,0.634,491.984,44.745,32.252,1.148,31.198,0
2026-09-13T09:19:43+00:00,PRESS-RTP41-DEMO,BATCH-DEMO-002,18.28,3.531,0.655,489.551,45.143,32.313,1.014,31.271,1
2026-09-13T09:19:44+00:00,PRESS-RTP41-DEMO,BATCH-DEMO-002,18.042,3.428,0.679,489.804,45.567,31.437,1.028,30.629,1
2026-09-13T09:19:45+00:00,PRESS-RTP41-DEMO,BATCH-DEMO-002,17.686,3.412,0.696,495.999,44.919,32.174,1.158,31.083,0
2026-09-13T09:19:46+00:00,PRESS-RTP41-DEMO,BATCH-DEMO-002,18.833,3.349,0.685,504.133,45.165,32.254,1.269,30.848,0
2026-09-13T09:19:47+00:00,PRESS-RTP41-DEMO,BATCH-DEMO-002,18.421,3.462,0.634,506.207,45.124,32.066,1.124,31.174,0
2026-09-13T09:19:48+00:00,PRESS-RTP41-DEMO,BATCH-DEMO-002,17.414,3.569,0.624,503.88,44.7,32.355,1.186,30.94,0
2026-09-13T09:19:49+00:00,PRESS-RTP41-DEMO,BATCH-DEMO-002,18.227,3.283,0.672,497.3,45.094,32.169,1.217,31.135,0
2026-09-13T09:19:50+00:00,PRESS-RTP41-DEMO,BATCH-DEMO-002,17.815,3.362,0.679,517.126,45.35,31.954,1.062,30.669,1
2026-09-13T09:19:51+00:00,PRESS-RTP41-DEMO,BATCH-DEMO-002,17.892,3.526,0.642,501.449,44.609,31.841,1.217,31.32,0
2026-09-13T09:19:52+00:00,PRESS-RTP41-DEMO,BATCH-DEMO-002,18.047,3.504,0.686,507.478,45.091,31.894,1.128,30.647,0
2026-09-13T09:19:53+00:00,PRESS-RTP41-DEMO,BATCH-DEMO-002,17.972,3.435,0.745,500.719,45.009,32.084,1.451,31.324,0
2026-09-13T09:19:54+00:00,PRESS-RTP41-DEMO,BATCH-DEMO-002,17.955,3.522,0.576,496.305,44.657,32.417,1.17,30.548,0
2026-09-13T09:19:55+00:00,PRESS-RTP41-DEMO,BATCH-DEMO-002,17.524,3.615,0.66,486.79,45.445,31.861,1.113,30.757,1
2026-09-13T09:19:56+00:00,PRESS-RTP41-DEMO,BATCH-DEMO-002,17.621,3.409,0.671,492.106,44.987,32.041,1.185,31.063,0
2026-09-13T09:19:57+00:00,PRESS-RTP41-DEMO,BATCH-DEMO-002,18.308,3.497,0.701,512.787,44.779,31.949,1.118,30.661,1
2026-09-13T09:19:58+00:00,PRESS-RTP41-DEMO,BATCH-DEMO-002,17.694,3.489,0.686,497.302,44.326,32.181,1.143,30.818,0
2026-09-13T09:19:59+00:00,PRESS-RTP41-DEMO,BATCH-DEMO-002,17.546,3.595,0.644,503.444,44.713,32.15,1.165,31.352,0
2026-09-13T09:20:00+00:00,PRESS-RTP41-DEMO,BATCH-DEMO-002,18.031,3.567,0.667,503.53,45.294,31.742,1.011,30.781,0
2026-09-13T09:20:01+00:00,PRESS-RTP41-DEMO,BATCH-DEMO-002,18.161,3.364,0.716,497.799,45.076,31.525,1.138,31.066,0
2026-09-13T09:20:02+00:00,PRESS-RTP41-DEMO,BATCH-DEMO-002,18.622,3.458,0.633,501.841,45.042,32.225,1.248,31.021,0
2026-09-13T09:20:03+00:00,PRESS-RTP41-DEMO,BATCH-DEMO-002,17.787,3.378,0.662,498.313,44.55,31.766,1.254,31.327,0
2026-09-13T09:20:04+00:00,PRESS-RTP41-DEMO,BATCH-DEMO-002,17.99,3.387,0.641,502.35,44.719,32.168,1.208,31.087,0
2026-09-13T09:20:05+00:00,PRESS-RTP41-DEMO,BATCH-DEMO-002,17.72,3.547,0.56,498.218,45.006,31.679,1.263,31.315,0
2026-09-13T09:20:06+00:00,PRESS-RTP41-DEMO,BATCH-DEMO-002,17.92,3.553,0.719,499.599,45.438,31.584,1.139,31.175,0
2026-09-13T09:20:07+00:00,PRESS-RTP41-DEMO,BATCH-DEMO-002,18.36,3.579,0.731,497.299,45.865,32.071,1.313,30.571,0
2026-09-13T09:20:08+00:00,PRESS-RTP41-DEMO,BATCH-DEMO-002,17.958,3.572,0.631,498.248,45.311,32.113,1.171,31.04,0
2026-09-13T09:20:09+00:00,PRESS-RTP41-DEMO,BATCH-DEMO-002,18.671,3.406,0.645,503.23,44.822,32.204,1.047,31.121,0
2026-09-13T09:20:10+00:00,PRESS-RTP41-DEMO,BATCH-DEMO-002,17.401,3.521,0.673,499.418,44.741,32.023,1.023,30.92,0
2026-09-13T09:20:11+00:00,PRESS-RTP41-DEMO,BATCH-DEMO-002,18.211,3.635,0.758,496.825,44.376,32.457,1.19,31.156,0
2026-09-13T09:20:12+00:00,PRESS-RTP41-DEMO,BATCH-DEMO-002,17.6,3.566,0.638,501.534,45.373,31.643,1.295,30.7,0
2026-09-13T09:20:13+00:00,PRESS-RTP41-DEMO,BATCH-DEMO-002,17.431,3.645,0.73,500.097,44.834,32.084,1.215,30.726,0
2026-09-13T09:20:14+00:00,PRESS-RTP41-DEMO,BATCH-DEMO-002,18.584,3.421,0.589,497.774,45.063,31.398,1.151,31.162,0
2026-09-13T09:20:15+00:00,PRESS-RTP41-DEMO,BATCH-DEMO-002,17.784,3.463,0.632,503.343,44.892,31.922,1.243,31.31,0
2026-09-13T09:20:16+00:00,PRESS-RTP41-DEMO,BATCH-DEMO-002,18.393,3.504,0.615,499.413,44.943,32.181,1.103,31.134,0
2026-09-13T09:20:17+00:00,PRESS-RTP41-DEMO,BATCH-DEMO-002,17.982,3.595,0.605,495.928,45.165,31.693,1.228,31.057,0
2026-09-13T09:20:18+00:00,PRESS-RTP41-DEMO,BATCH-DEMO-002,18.367,3.607,0.628,501.151,44.874,32.309,1.292,30.781,0
2026-09-13T09:20:19+00:00,PRESS-RTP41-DEMO,BATCH-DEMO-002,17.912,3.282,0.661,495.71,44.794,31.952,1.121,30.89,0
2026-09-13T09:20:20+00:00,PRESS-RTP41-DEMO,BATCH-DEMO-002,18.109,3.749,0.624,499.301,44.754,32.024,1.105,31.059,0
2026-09-13T09:20:21+00:00,PRESS-RTP41-DEMO,BATCH-DEMO-002,17.61,3.404,0.63,500.343,45.088,32.047,1.162,31.001,0
2026-09-13T09:20:22+00:00,PRESS-RTP41-DEMO,BATCH-DEMO-002,18.557,3.445,0.716,501.989,45.163,32.3,1.404,31.177,0
2026-09-13T09:20:23+00:00,PRESS-RTP41-DEMO,BATCH-DEMO-002,17.361,3.426,0.692,503.043,44.666,32.244,1.243,31.164,0
2026-09-13T09:20:24+00:00,PRESS-RTP41-DEMO,BATCH-DEMO-002,17.735,3.532,0.576,501.47,44.577,31.621,1.201,31.277,0
2026-09-13T09:20:25+00:00,PRESS-RTP41-DEMO,BATCH-DEMO-002,18.395,3.509,0.602,500.752,44.775,32.232,1.295,31.151,0
2026-09-13T09:20:26+00:00,PRESS-RTP41-DEMO,BATCH-DEMO-002,17.649,3.529,0.673,497.626,45.398,31.573,1.246,31.413,0
2026-09-13T09:20:27+00:00,PRESS-RTP41-DEMO,BATCH-DEMO-002,18.328,3.481,0.563,490.534,45.089,32.207,1.278,31.128,0
2026-09-13T09:20:28+00:00,PRESS-RTP41-DEMO,BATCH-DEMO-002,17.72,3.451,0.639,499.116,44.779,32.451,1.266,31.131,0
2026-09-13T09:20:29+00:00,PRESS-RTP41-DEMO,BATCH-DEMO-002,17.427,3.334,0.606,501.424,45.48,32.293,1.071,31.255,0
2026-09-13T09:20:30+00:00,PRESS-RTP41-DEMO,BATCH-DEMO-002,18.047,3.65,0.646,497.649,44.622,31.758,1.303,31.096,0
2026-09-13T09:20:31+00:00,PRESS-RTP41-DEMO,BATCH-DEMO-002,17.506,3.483,0.676,499.866,45.183,32.335,1.064,31.013,0
2026-09-13T09:20:32+00:00,PRESS-RTP41-DEMO,BATCH-DEMO-002,18.54,3.619,0.716,498.165,44.989,32.281,1.237,30.553,0
2026-09-13T09:20:33+00:00,PRESS-RTP41-DEMO,BATCH-DEMO-002,17.816,3.592,0.584,495.639,45.099,31.84,1.375,30.844,0
2026-09-13T09:20:34+00:00,PRESS-RTP41-DEMO,BATCH-DEMO-002,18.369,3.514,0.628,500.938,45.229,32.194,1.363,31.179,0
2026-09-13T09:20:35+00:00,PRESS-RTP41-DEMO,BATCH-DEMO-002,18.57,3.578,0.622,498.239,44.835,32.044,1.123,30.867,0
2026-09-13T09:20:36+00:00,PRESS-RTP41-DEMO,BATCH-DEMO-002,17.977,3.316,0.666,500.816,45.039,32.256,1.23,31.057,0
2026-09-13T09:20:37+00:00,PRESS-RTP41-DEMO,BATCH-DEMO-002,18.231,3.533,0.697,503.761,44.68,31.469,1.206,31.014,0
2026-09-13T09:20:38+00:00,PRESS-RTP41-DEMO,BATCH-DEMO-002,18.332,3.468,0.651,501.711,44.797,31.747,1.24,31.193,0
2026-09-13T09:20:39+00:00,PRESS-RTP41-DEMO,BATCH-DEMO-002,17.572,3.454,0.656,502.397,45.082,32.581,1.328,30.93,0
2026-09-13T09:20:40+00:00,PRESS-RTP41-DEMO,BATCH-DEMO-002,17.918,3.404,0.627,500.064,44.706,31.631,1.299,31.089,0
2026-09-13T09:20:41+00:00,PRESS-RTP41-DEMO,BATCH-DEMO-002,17.788,3.401,0.656,499.434,45.096,32.058,1.339,30.838,0
2026-09-13T09:20:42+00:00,PRESS-RTP41-DEMO,BATCH-DEMO-002,17.609,3.389,0.728,502.405,44.906,31.897,1.105,30.793,0
2026-09-13T09:20:43+00:00,PRESS-RTP41-DEMO,BATCH-DEMO-002,18.642,3.484,0.629,500.747,45.013,32.314,1.214,31.051,0
2026-09-13T09:20:44+00:00,PRESS-RTP41-DEMO,BATCH-DEMO-002,17.288,3.476,0.652,500.76,44.915,32.315,1.149,31.33,0
2026-09-13T09:20:45+00:00,PRESS-RTP41-DEMO,BATCH-DEMO-002,18.081,3.482,0.674,498.467,45.156,32.641,1.263,31.002,0
2026-09-13T09:20:46+00:00,PRESS-RTP41-DEMO,BATCH-DEMO-002,17.949,3.616,0.663,501.567,45.441,32.089,1.179,31.093,0
2026-09-13T09:20:47+00:00,PRESS-RTP41-DEMO,BATCH-DEMO-002,17.934,3.531,0.575,500.535,44.939,31.825,1.278,31.237,0
2026-09-13T09:20:48+00:00,PRESS-RTP41-DEMO,BATCH-DEMO-002,18.205,3.506,0.559,496.863,45.688,32.45,1.326,31.221,0
2026-09-13T09:20:49+00:00,PRESS-RTP41-DEMO,BATCH-DEMO-002,16.945,3.53,0.657,500.28,45.019,32.393,1.197,31.207,0
2026-09-13T09:20:50+00:00,PRESS-RTP41-DEMO,BATCH-DEMO-002,17.278,3.41,0.649,498.114,44.836,31.378,1.233,30.932,0
2026-09-13T09:20:51+00:00,PRESS-RTP41-DEMO,BATCH-DEMO-002,18.961,3.468,0.631,499.619,45.129,31.699,1.175,30.968,0
2026-09-13T09:20:52+00:00,PRESS-RTP41-DEMO,BATCH-DEMO-002,18.179,3.55,0.631,500.591,44.607,32.282,1.279,31.284,0
2026-09-13T09:20:53+00:00,PRESS-RTP41-DEMO,BATCH-DEMO-002,17.332,3.635,0.682,499.881,44.613,31.95,1.23,30.946,0
2026-09-13T09:20:54+00:00,PRESS-RTP41-DEMO,BATCH-DEMO-002,18.116,3.567,0.598,500.943,44.892,32.595,1.102,30.987,0
2026-09-13T09:20:55+00:00,PRESS-RTP41-DEMO,BATCH-DEMO-002,17.663,3.486,0.626,498.062,45.241,32.51,1.207,30.946,0
2026-09-13T09:20:56+00:00,PRESS-RTP41-DEMO,BATCH-DEMO-002,17.618,3.425,0.611,502.194,45.328,31.996,1.025,30.708,0
2026-09-13T09:20:57+00:00,PRESS-RTP41-DEMO,BATCH-DEMO-002,17.872,3.443,0.613,500.562,45.108,32.197,1.292,31.096,0
2026-09-13T09:20:58+00:00,PRESS-RTP41-DEMO,BATCH-DEMO-002,18.084,3.509,0.671,497.87,45.038,32.404,1.283,31.019,0
2026-09-13T09:20:59+00:00,PRESS-RTP41-DEMO,BATCH-DEMO-002,17.488,3.552,0.629,504.313,45.188,32.21,1.256,30.795,0
2026-09-13T09:21:00+00:00,PRESS-RTP41-DEMO,BATCH-DEMO-002,18.443,3.487,0.64,501.541,45.029,31.738,1.13,30.897,0
2026-09-13T09:21:01+00:00,PRESS-RTP41-DEMO,BATCH-DEMO-002,17.712,3.617,0.739,499.187,44.764,31.974,1.191,31.121,0
2026-09-13T09:21:02+00:00,PRESS-RTP41-DEMO,BATCH-DEMO-002,18.021,3.483,0.654,498.485,45.763,31.903,1.252,30.98,0
2026-09-13T09:21:03+00:00,PRESS-RTP41-DEMO,BATCH-DEMO-002,18.149,3.487,0.697,497.988,44.768,32.23,1.233,30.987,0
2026-09-13T09:21:04+00:00,PRESS-RTP41-DEMO,BATCH-DEMO-002,18.171,3.47,0.641,500.047,44.641,32.712,1.162,30.967,0
2026-09-13T09:21:05+00:00,PRESS-RTP41-DEMO,BATCH-DEMO-002,18.149,3.396,0.665,503.587,45.066,31.96,1.244,30.597,0
2026-09-13T09:21:06+00:00,PRESS-RTP41-DEMO,BATCH-DEMO-002,17.837,3.674,0.767,498.133,44.99,31.879,1.135,30.779,0
2026-09-13T09:21:07+00:00,PRESS-RTP41-DEMO,BATCH-DEMO-002,18.025,3.538,0.747,494.614,44.742,32.385,1.13,31.336,0
2026-09-13T09:21:08+00:00,PRESS-RTP41-DEMO,BATCH-DEMO-002,17.065,3.513,0.689,501.328,45.216,31.983,0.993,30.889,0
2026-09-13T09:21:09+00:00,PRESS-RTP41-DEMO,BATCH-DEMO-002,18.15,3.668,0.647,501.343,45.756,31.915,1.339,30.652,0
2026-09-13T09:21:10+00:00,PRESS-RTP41-DEMO,BATCH-DEMO-002,18.23,3.345,0.724,501.432,45.939,31.868,1.259,30.959,0
2026-09-13T09:21:11+00:00,PRESS-RTP41-DEMO,BATCH-DEMO-002,19.129,3.368,0.602,504.345,44.676,31.714,1.255,30.917,0
2026-09-13T09:21:12+00:00,PRESS-RTP41-DEMO,BATCH-DEMO-002,17.613,3.384,0.543,500.485,45.128,32.068,1.382,30.921,0
2026-09-13T09:21:13+00:00,PRESS-RTP41-DEMO,BATCH-DEMO-002,17.899,3.582,0.644,502.839,45.198,31.833,1.14,31.026,0
2026-09-13T09:21:14+00:00,PRESS-RTP41-DEMO,BATCH-DEMO-002,18.942,3.588,0.651,498.571,45.206,31.841,1.349,31.255,0
2026-09-13T09:21:15+00:00,PRESS-RTP41-DEMO,BATCH-DEMO-002,18.222,3.518,0.614,501.376,45.302,32.035,0.97,31.271,0
2026-09-13T09:21:16+00:00,PRESS-RTP41-DEMO,BATCH-DEMO-002,17.925,3.566,0.636,503.301,45.253,32.123,1.201,31.205,0
2026-09-13T09:21:17+00:00,PRESS-RTP41-DEMO,BATCH-DEMO-002,17.651,3.414,0.664,498.892,45.354,31.82,1.294,31.134,0
2026-09-13T09:21:18+00:00,PRESS-RTP41-DEMO,BATCH-DEMO-002,17.553,3.613,0.704,501.778,45.377,31.886,1.046,30.871,0
2026-09-13T09:21:19+00:00,PRESS-RTP41-DEMO,BATCH-DEMO-002,18.372,3.492,0.662,497.259,44.919,31.999,1.045,31.162,0
2026-09-13T09:21:20+00:00,PRESS-RTP41-DEMO,BATCH-DEMO-002,17.852,3.518,0.595,506.162,44.96,32.642,1.166,31.208,0
2026-09-13T09:21:21+00:00,PRESS-RTP41-DEMO,BATCH-DEMO-002,17.363,3.423,0.586,497.746,45.124,32.112,1.176,30.567,0
2026-09-13T09:21:22+00:00,PRESS-RTP41-DEMO,BATCH-DEMO-002,17.955,3.581,0.651,496.501,44.619,32.243,1.149,31.127,0
2026-09-13T09:21:23+00:00,PRESS-RTP41-DEMO,BATCH-DEMO-002,17.249,3.471,0.622,500.443,44.362,31.843,1.279,31.072,0
2026-09-13T09:21:24+00:00,PRESS-RTP41-DEMO,BATCH-DEMO-002,18.265,3.665,0.57,503.71,44.935,31.505,1.214,31.196,0
2026-09-13T09:21:25+00:00,PRESS-RTP41-DEMO,BATCH-DEMO-002,17.255,3.614,0.604,501.851,44.712,31.812,1.139,30.875,0
2026-09-13T09:21:26+00:00,PRESS-RTP41-DEMO,BATCH-DEMO-002,18.411,3.657,0.743,499.844,44.815,31.738,1.279,31.043,0
2026-09-13T09:21:27+00:00,PRESS-RTP41-DEMO,BATCH-DEMO-002,17.185,3.52,0.662,501.448,45.434,32.214,1.373,30.802,0
2026-09-13T09:21:28+00:00,PRESS-RTP41-DEMO,BATCH-DEMO-002,18.012,3.525,0.658,496.215,44.647,32.421,1.031,31.155,0
2026-09-13T09:21:29+00:00,PRESS-RTP41-DEMO,BATCH-DEMO-002,18.129,3.22,0.643,502.85,44.784,31.874,1.349,31.378,0
2026-09-13T09:21:30+00:00,PRESS-RTP41-DEMO,BATCH-DEMO-002,17.862,3.513,0.717,499.86,45.11,32.332,1.247,30.772,0
2026-09-13T09:21:31+00:00,PRESS-RTP41-DEMO,BATCH-DEMO-002,17.461,3.72,0.65,498.459,45.351,32.012,1.234,30.933,0
2026-09-13T09:21:32+00:00,PRESS-RTP41-DEMO,BATCH-DEMO-002,18.431,3.461,0.72,502.201,45.017,32.361,1.212,31.235,0
2026-09-13T09:21:33+00:00,PRESS-RTP41-DEMO,BATCH-DEMO-002,17.897,3.452,0.637,499.865,45.217,31.987,1.235,31.1,0
2026-09-13T09:21:34+00:00,PRESS-RTP41-DEMO,BATCH-DEMO-002,18.745,3.524,0.66,498.115,44.218,31.516,1.258,31.114,0
2026-09-13T09:21:35+00:00,PRESS-RTP41-DEMO,BATCH-DEMO-002,18.043,3.538,0.671,499.287,44.906,32.545,1.307,30.799,0
2026-09-13T09:21:36+00:00,PRESS-RTP41-DEMO,BATCH-DEMO-002,18.228,3.564,0.565,502.105,45.29,31.936,1.24,30.67,0
2026-09-13T09:21:37+00:00,PRESS-RTP41-DEMO,BATCH-DEMO-002,17.707,3.466,0.637,499.618,44.634,32.4,1.105,30.778,0
2026-09-13T09:21:38+00:00,PRESS-RTP41-DEMO,BATCH-DEMO-002,17.831,3.41,0.601,499.312,45.338,31.717,1.291,30.958,0
2026-09-13T09:21:39+00:00,PRESS-RTP41-DEMO,BATCH-DEMO-002,18.12,3.647,0.695,498.169,44.821,32.301,1.128,31.105,0
2026-09-13T09:21:40+00:00,PRESS-RTP41-DEMO,BATCH-DEMO-002,17.904,3.562,0.58,498.099,44.652,31.768,1.147,30.883,0
2026-09-13T09:21:41+00:00,PRESS-RTP41-DEMO,BATCH-DEMO-002,17.876,3.531,0.727,501.352,44.831,32.423,1.343,31.135,0
2026-09-13T09:21:42+00:00,PRESS-RTP41-DEMO,BATCH-DEMO-002,17.851,3.54,0.699,498.143,44.93,32.474,1.142,30.764,0
2026-09-13T09:21:43+00:00,PRESS-RTP41-DEMO,BATCH-DEMO-002,18.52,3.235,0.755,502.403,45.451,31.613,1.28,31.311,0
2026-09-13T09:21:44+00:00,PRESS-RTP41-DEMO,BATCH-DEMO-002,17.631,3.356,0.632,499.6,45.401,31.728,1.113,30.729,0
2026-09-13T09:21:45+00:00,PRESS-RTP41-DEMO,BATCH-DEMO-002,18.354,3.613,0.669,501.519,44.903,32.052,1.28,31.061,0
2026-09-13T09:21:46+00:00,PRESS-RTP41-DEMO,BATCH-DEMO-002,18.024,3.426,0.674,497.519,45.391,31.766,1.369,31.01,0
2026-09-13T09:21:47+00:00,PRESS-RTP41-DEMO,BATCH-DEMO-002,18.05,3.624,0.623,501.123,44.902,32.272,1.228,30.895,0
2026-09-13T09:21:48+00:00,PRESS-RTP41-DEMO,BATCH-DEMO-002,17.259,3.498,0.637,501.33,45.225,31.834,1.305,30.926,0
2026-09-13T09:21:49+00:00,PRESS-RTP41-DEMO,BATCH-DEMO-002,18.171,3.474,0.662,501.957,45.212,31.894,1.207,30.91,0
2026-09-13T09:21:50+00:00,PRESS-RTP41-DEMO,BATCH-DEMO-002,17.939,3.441,0.678,502.842,44.881,31.666,1.159,31.1,0
2026-09-13T09:21:51+00:00,PRESS-RTP41-DEMO,BATCH-DEMO-002,18.059,3.368,0.767,501.509,44.909,32.29,1.194,31.295,0
2026-09-13T09:21:52+00:00,PRESS-RTP41-DEMO,BATCH-DEMO-002,18.076,3.739,0.627,500.455,44.944,31.694,1.099,30.997,0
2026-09-13T09:21:53+00:00,PRESS-RTP41-DEMO,BATCH-DEMO-002,17.524,3.59,0.659,500.424,45.063,32.297,1.106,31.191,0
2026-09-13T09:21:54+00:00,PRESS-RTP41-DEMO,BATCH-DEMO-002,18.037,3.556,0.694,497.822,45.37,31.708,1.038,31.128,0
2026-09-13T09:21:55+00:00,PRESS-RTP41-DEMO,BATCH-DEMO-002,17.737,3.483,0.578,499.082,45.526,31.917,0.938,30.868,0
2026-09-13T09:21:56+00:00,PRESS-RTP41-DEMO,BATCH-DEMO-002,17.67,3.361,0.656,501.263,45.04,31.431,1.108,30.812,0
2026-09-13T09:21:57+00:00,PRESS-RTP41-DEMO,BATCH-DEMO-002,17.454,3.464,0.611,493.314,44.95,32.163,1.368,30.949,0
2026-09-13T09:21:58+00:00,PRESS-RTP41-DEMO,BATCH-DEMO-002,18.021,3.583,0.632,500.702,45.072,32.153,1.268,30.833,0
2026-09-13T09:21:59+00:00,PRESS-RTP41-DEMO,BATCH-DEMO-002,17.966,3.626,0.711,498.947,44.8,32.068,1.28,30.924,0
2026-09-13T09:22:00+00:00,PRESS-RTP41-DEMO,BATCH-DEMO-002,18.321,3.496,0.597,494.348,44.969,31.866,1.098,31.126,0
2026-09-13T09:22:01+00:00,PRESS-RTP41-DEMO,BATCH-DEMO-002,17.781,3.468,0.647,500.708,45.378,31.979,1.09,30.856,0
2026-09-13T09:22:02+00:00,PRESS-RTP41-DEMO,BATCH-DEMO-002,18.247,3.465,0.67,503.086,45.314,32.107,1.1,30.897,0
2026-09-13T09:22:03+00:00,PRESS-RTP41-DEMO,BATCH-DEMO-002,18.074,3.548,0.691,501.656,45.592,31.835,1.172,31.225,0
2026-09-13T09:22:04+00:00,PRESS-RTP41-DEMO,BATCH-DEMO-002,17.664,3.471,0.65,497.394,44.892,32.275,1.275,30.841,0
2026-09-13T09:22:05+00:00,PRESS-RTP41-DEMO,BATCH-DEMO-002,19.14,3.455,0.566,495.181,44.979,31.643,1.192,30.969,0
2026-09-13T09:22:06+00:00,PRESS-RTP41-DEMO,BATCH-DEMO-002,17.45,3.475,0.595,503.283,44.828,31.604,1.087,31.173,0
2026-09-13T09:22:07+00:00,PRESS-RTP41-DEMO,BATCH-DEMO-002,18.492,3.354,0.711,499.592,45.255,31.742,1.359,30.995,0
2026-09-13T09:22:08+00:00,PRESS-RTP41-DEMO,BATCH-DEMO-002,17.648,3.572,0.62,501.438,45.226,31.603,1.091,30.936,0
2026-09-13T09:22:09+00:00,PRESS-RTP41-DEMO,BATCH-DEMO-002,18.263,3.564,0.69,494.803,45.313,32.07,1.112,31.227,0
2026-09-13T09:22:10+00:00,PRESS-RTP41-DEMO,BATCH-DEMO-002,17.397,3.328,0.598,495.139,45.252,31.386,1.272,30.973,0
2026-09-13T09:22:11+00:00,PRESS-RTP41-DEMO,BATCH-DEMO-002,17.513,3.553,0.681,501.219,44.93,32.089,1.39,31.004,0
2026-09-13T09:22:12+00:00,PRESS-RTP41-DEMO,BATCH-DEMO-002,17.302,3.372,0.708,501.152,45.297,31.954,1.048,31.025,0
2026-09-13T09:22:13+00:00,PRESS-RTP41-DEMO,BATCH-DEMO-002,17.679,3.389,0.576,500.772,45.105,32.105,1.162,30.92,0
2026-09-13T09:22:14+00:00,PRESS-RTP41-DEMO,BATCH-DEMO-002,17.973,3.454,0.643,501.917,45.248,31.383,1.321,31.26,0
2026-09-13T09:22:15+00:00,PRESS-RTP41-DEMO,BATCH-DEMO-002,18.378,3.634,0.647,497.602,44.969,31.865,1.224,31.112,0
2026-09-13T09:22:16+00:00,PRESS-RTP41-DEMO,BATCH-DEMO-002,17.57,3.287,0.63,502.045,45.27,31.855,1.235,31.005,0
2026-09-13T09:22:17+00:00,PRESS-RTP41-DEMO,BATCH-DEMO-002,17.979,3.555,0.672,497.709,44.635,31.852,1.246,30.82,0
2026-09-13T09:22:18+00:00,PRESS-RTP41-DEMO,BATCH-DEMO-002,18.442,3.553,0.638,498.165,44.808,32.136,1.369,31.063,0
2026-09-13T09:22:19+00:00,PRESS-RTP41-DEMO,BATCH-DEMO-002,18.425,3.509,0.679,501.34,45.222,31.886,1.322,30.934,0
2026-09-13T09:22:20+00:00,PRESS-RTP41-DEMO,BATCH-DEMO-002,17.15,3.383,0.654,502.787,45.148,32.07,1.209,30.543,0
2026-09-13T09:22:21+00:00,PRESS-RTP41-DEMO,BATCH-DEMO-002,18.096,3.425,0.572,502.001,45.229,32.226,1.189,30.805,0
2026-09-13T09:22:22+00:00,PRESS-RTP41-DEMO,BATCH-DEMO-002,17.922,3.415,0.646,499.463,44.977,32.067,1.074,31.159,0
2026-09-13T09:22:23+00:00,PRESS-RTP41-DEMO,BATCH-DEMO-002,18.363,3.688,0.688,503.941,45.11,32.004,1.319,31.088,0
2026-09-13T09:22:24+00:00,PRESS-RTP41-DEMO,BATCH-DEMO-002,18.662,3.576,0.649,497.383,44.978,31.663,1.316,30.85,0
2026-09-13T09:22:25+00:00,PRESS-RTP41-DEMO,BATCH-DEMO-002,17.88,3.477,0.691,496.309,44.686,32.047,1.057,30.974,0
2026-09-13T09:22:26+00:00,PRESS-RTP41-DEMO,BATCH-DEMO-002,18.195,3.466,0.682,501.298,45.149,32.293,1.259,31.205,0
2026-09-13T09:22:27+00:00,PRESS-RTP41-DEMO,BATCH-DEMO-002,18.266,3.635,0.714,496.756,45.193,32.505,1.295,30.914,0
2026-09-13T09:22:28+00:00,PRESS-RTP41-DEMO,BATCH-DEMO-002,17.392,3.465,0.638,498.227,44.919,31.363,1.167,30.99,0
2026-09-13T09:22:29+00:00,PRESS-RTP41-DEMO,BATCH-DEMO-002,17.194,3.365,0.616,496.529,44.966,32.273,1.167,30.992,0
2026-09-13T09:22:30+00:00,PRESS-RTP41-DEMO,BATCH-DEMO-002,17.409,3.652,0.593,502.783,45.15,32.04,1.113,30.968,0
2026-09-13T09:22:31+00:00,PRESS-RTP41-DEMO,BATCH-DEMO-002,18.354,3.448,0.613,500.503,45.482,32.198,1.218,31.189,0
2026-09-13T09:22:32+00:00,PRESS-RTP41-DEMO,BATCH-DEMO-002,17.943,3.512,0.637,501.084,45.174,31.705,1.227,30.993,0
2026-09-13T09:22:33+00:00,PRESS-RTP41-DEMO,BATCH-DEMO-002,17.902,3.619,0.58,504.653,45.092,32.245,1.087,30.743,0
2026-09-13T09:22:34+00:00,PRESS-RTP41-DEMO,BATCH-DEMO-002,17.774,3.578,0.645,502.577,45.109,32.091,1.143,31.177,0
2026-09-13T09:22:35+00:00,PRESS-RTP41-DEMO,BATCH-DEMO-002,18.451,3.547,0.644,500.576,44.916,32.464,0.898,31.152,0
2026-09-13T09:22:36+00:00,PRESS-RTP41-DEMO,BATCH-DEMO-002,18.147,3.5,0.694,502.162,45.032,32.234,1.211,30.917,0
2026-09-13T09:22:37+00:00,PRESS-RTP41-DEMO,BATCH-DEMO-002,18.102,3.498,0.656,496.41,45.009,32.03,1.229,31.079,0
2026-09-13T09:22:38+00:00,PRESS-RTP41-DEMO,BATCH-DEMO-002,17.651,3.447,0.617,497.149,44.722,32.34,1.301,30.656,0
2026-09-13T09:22:39+00:00,PRESS-RTP41-DEMO,BATCH-DEMO-002,17.895,3.516,0.659,497.692,45.216,31.969,1.16,31.097,0
2026-09-13T09:22:40+00:00,PRESS-RTP41-DEMO,BATCH-DEMO-002,17.661,3.532,0.6,502.268,45.09,32.456,1.132,30.951,0
2026-09-13T09:22:41+00:00,PRESS-RTP41-DEMO,BATCH-DEMO-002,17.674,3.514,0.782,503.473,45.491,31.856,1.326,31.275,0
2026-09-13T09:22:42+00:00,PRESS-RTP41-DEMO,BATCH-DEMO-002,18.404,3.449,0.662,501.765,45.112,32.313,1.36,31.455,0
2026-09-13T09:22:43+00:00,PRESS-RTP41-DEMO,BATCH-DEMO-002,18.108,3.532,0.627,500.545,45.283,31.76,1.245,31.066,0
2026-09-13T09:22:44+00:00,PRESS-RTP41-DEMO,BATCH-DEMO-002,18.405,3.485,0.6,505.16,44.721,31.394,1.236,31.221,0
2026-09-13T09:22:45+00:00,PRESS-RTP41-DEMO,BATCH-DEMO-002,18.074,3.593,0.706,499.278,45.04,32.021,1.228,31.161,0
2026-09-13T09:22:46+00:00,PRESS-RTP41-DEMO,BATCH-DEMO-002,18.282,3.545,0.622,502.279,44.924,31.994,1.12,30.735,0
2026-09-13T09:22:47+00:00,PRESS-RTP41-DEMO,BATCH-DEMO-002,17.352,3.496,0.683,502.081,44.392,31.899,1.038,31.133,0
2026-09-13T09:22:48+00:00,PRESS-RTP41-DEMO,BATCH-DEMO-002,17.598,3.393,0.663,505.469,45.33,31.98,1.303,30.998,0
2026-09-13T09:22:49+00:00,PRESS-RTP41-DEMO,BATCH-DEMO-002,17.325,3.617,0.639,502.579,44.702,32.465,1.188,30.911,0
2026-09-13T09:22:50+00:00,PRESS-RTP41-DEMO,BATCH-DEMO-002,17.478,3.513,0.669,501.989,45.348,32.105,1.273,30.828,0
2026-09-13T09:22:51+00:00,PRESS-RTP41-DEMO,BATCH-DEMO-002,18.656,3.516,0.66,500.708,45.409,31.947,1.318,30.784,0
2026-09-13T09:22:52+00:00,PRESS-RTP41-DEMO,BATCH-DEMO-002,17.651,3.294,0.687,498.413,45.085,31.802,1.299,31.014,0
2026-09-13T09:22:53+00:00,PRESS-RTP41-DEMO,BATCH-DEMO-002,17.888,3.384,0.623,501.548,45.095,32.273,1.17,30.995,0
2026-09-13T09:22:54+00:00,PRESS-RTP41-DEMO,BATCH-DEMO-002,17.678,3.387,0.558,499.069,45.563,31.941,1.207,30.776,0
2026-09-13T09:22:55+00:00,PRESS-RTP41-DEMO,BATCH-DEMO-002,17.848,3.591,0.712,498.634,44.658,32.049,1.123,30.741,0
2026-09-13T09:22:56+00:00,PRESS-RTP41-DEMO,BATCH-DEMO-002,18.086,3.493,0.653,499.591,44.279,31.508,1.188,31.217,0
2026-09-13T09:22:57+00:00,PRESS-RTP41-DEMO,BATCH-DEMO-002,18.598,3.446,0.649,499.779,44.723,32.021,1.152,31.266,0
2026-09-13T09:22:58+00:00,PRESS-RTP41-DEMO,BATCH-DEMO-002,18.261,3.566,0.64,501.102,45.141,32.201,1.228,31.18,0
2026-09-13T09:22:59+00:00,PRESS-RTP41-DEMO,BATCH-DEMO-002,18.419,3.538,0.646,499.546,44.97,31.699,1.288,30.843,0
2026-09-13T09:23:00+00:00,PRESS-RTP41-DEMO,BATCH-DEMO-002,17.562,3.676,0.662,497.838,45.287,31.429,0.989,30.981,0
2026-09-13T09:23:01+00:00,PRESS-RTP41-DEMO,BATCH-DEMO-002,18.249,3.667,0.649,503.408,44.957,32.393,1.328,31.243,0
2026-09-13T09:23:02+00:00,PRESS-RTP41-DEMO,BATCH-DEMO-002,18.453,3.424,0.704,498.333,45.35,32.008,1.186,31.292,0
2026-09-13T09:23:03+00:00,PRESS-RTP41-DEMO,BATCH-DEMO-002,18.156,3.552,0.709,502.612,45.184,31.872,1.119,31.335,0
2026-09-13T09:23:04+00:00,PRESS-RTP41-DEMO,BATCH-DEMO-002,17.114,3.39,0.684,499.989,44.463,32.197,1.318,31.132,0
2026-09-13T09:23:05+00:00,PRESS-RTP41-DEMO,BATCH-DEMO-002,18.05,3.436,0.766,497.686,45.069,31.252,1.162,30.769,0
2026-09-13T09:23:06+00:00,PRESS-RTP41-DEMO,BATCH-DEMO-002,17.48,3.519,0.6,498.494,45.609,32.322,1.301,31.059,0
2026-09-13T09:23:07+00:00,PRESS-RTP41-DEMO,BATCH-DEMO-002,17.655,3.518,0.707,499.27,44.868,32.137,1.325,30.975,0
2026-09-13T09:23:08+00:00,PRESS-RTP41-DEMO,BATCH-DEMO-002,18.255,3.688,0.665,496.913,44.552,32.26,1.27,31.201,0
2026-09-13T09:23:09+00:00,PRESS-RTP41-DEMO,BATCH-DEMO-002,17.386,3.453,0.7,497.516,44.942,32.035,1.319,30.96,0
2026-09-13T09:23:10+00:00,PRESS-RTP41-DEMO,BATCH-DEMO-002,18.246,3.618,0.724,498.639,45.187,32.028,1.151,31.192,0
2026-09-13T09:23:11+00:00,PRESS-RTP41-DEMO,BATCH-DEMO-002,18.413,3.461,0.613,498.316,44.818,32.058,1.237,31.019,0
2026-09-13T09:23:12+00:00,PRESS-RTP41-DEMO,BATCH-DEMO-002,17.924,3.466,0.688,504.77,44.811,32.358,1.298,31.013,0
2026-09-13T09:23:13+00:00,PRESS-RTP41-DEMO,BATCH-DEMO-002,18.593,3.56,0.588,501.545,44.999,32.041,1.255,31.054,0
2026-09-13T09:23:14+00:00,PRESS-RTP41-DEMO,BATCH-DEMO-002,17.318,3.636,0.758,503.614,44.758,32.198,1.285,31.453,0
2026-09-13T09:23:15+00:00,PRESS-RTP41-DEMO,BATCH-DEMO-002,18.277,3.613,0.628,495.538,45.233,31.743,1.387,30.938,0
2026-09-13T09:23:16+00:00,PRESS-RTP41-DEMO,BATCH-DEMO-002,17.889,3.43,0.564,504.602,45.308,31.496,1.34,31.142,0
2026-09-13T09:23:17+00:00,PRESS-RTP41-DEMO,BATCH-DEMO-002,18.16,3.755,0.61,504.376,44.701,31.815,1.121,31.042,0
2026-09-13T09:23:18+00:00,PRESS-RTP41-DEMO,BATCH-DEMO-002,18.304,3.338,0.72,499.127,44.985,32.44,1.177,31.033,0
2026-09-13T09:23:19+00:00,PRESS-RTP41-DEMO,BATCH-DEMO-002,18.304,3.571,0.67,502.601,44.287,31.854,1.287,30.874,0
2026-09-13T09:23:20+00:00,PRESS-RTP41-DEMO,BATCH-DEMO-002,18.052,3.334,0.643,498.057,44.736,32.142,1.396,31.311,0
2026-09-13T09:23:21+00:00,PRESS-RTP41-DEMO,BATCH-DEMO-002,18.457,3.522,0.7,500.907,45.153,31.671,1.277,31.16,0
2026-09-13T09:23:22+00:00,PRESS-RTP41-DEMO,BATCH-DEMO-002,18.882,3.467,0.705,499.005,44.709,32.522,1.157,30.988,0
2026-09-13T09:23:23+00:00,PRESS-RTP41-DEMO,BATCH-DEMO-002,18.385,3.476,0.629,497.921,45.042,32.109,1.116,31.282,0
2026-09-13T09:23:24+00:00,PRESS-RTP41-DEMO,BATCH-DEMO-002,17.556,3.517,0.577,500.131,45.129,31.585,1.323,31.11,0
2026-09-13T09:23:25+00:00,PRESS-RTP41-DEMO,BATCH-DEMO-002,18.151,3.622,0.7,499.733,45.099,31.903,1.201,30.709,0
2026-09-13T09:23:26+00:00,PRESS-RTP41-DEMO,BATCH-DEMO-002,18.927,3.51,0.655,500.799,45.17,31.905,1.026,30.899,0
2026-09-13T09:23:27+00:00,PRESS-RTP41-DEMO,BATCH-DEMO-002,17.688,3.47,0.734,497.936,44.979,32.241,1.137,31.2,0
2026-09-13T09:23:28+00:00,PRESS-RTP41-DEMO,BATCH-DEMO-002,18.783,3.453,0.69,501.254,44.931,32.107,1.31,31.109,0
2026-09-13T09:23:29+00:00,PRESS-RTP41-DEMO,BATCH-DEMO-002,18.573,3.604,0.628,496.378,45.313,32.008,1.115,31.05,0
2026-09-13T09:23:30+00:00,PRESS-RTP41-DEMO,BATCH-DEMO-002,18.054,3.337,0.607,494.178,44.834,32.404,1.229,31.102,0
2026-09-13T09:23:31+00:00,PRESS-RTP41-DEMO,BATCH-DEMO-002,18.837,3.761,0.753,495.005,45.04,31.952,1.087,30.85,0
2026-09-13T09:23:32+00:00,PRESS-RTP41-DEMO,BATCH-DEMO-002,17.776,3.493,0.682,496.934,44.995,31.953,1.367,31.032,0
2026-09-13T09:23:33+00:00,PRESS-RTP41-DEMO,BATCH-DEMO-002,18.533,3.628,0.592,500.814,45.191,31.791,1.172,31.036,0
2026-09-13T09:23:34+00:00,PRESS-RTP41-DEMO,BATCH-DEMO-002,18.283,3.327,0.692,496.784,44.637,31.698,1.225,30.81,0
2026-09-13T09:23:35+00:00,PRESS-RTP41-DEMO,BATCH-DEMO-002,18.358,3.527,0.613,505.481,44.895,31.7,1.16,31.022,0
2026-09-13T09:23:36+00:00,PRESS-RTP41-DEMO,BATCH-DEMO-002,17.9,3.356,0.623,497.258,44.822,32.073,1.207,31.053,0
2026-09-13T09:23:37+00:00,PRESS-RTP41-DEMO,BATCH-DEMO-002,17.714,3.65,0.692,502.906,45.047,31.897,1.264,30.982,0
2026-09-13T09:23:38+00:00,PRESS-RTP41-DEMO,BATCH-DEMO-002,18.237,3.488,0.528,503.471,45.671,32.402,1.386,30.876,0
2026-09-13T09:23:39+00:00,PRESS-RTP41-DEMO,BATCH-DEMO-002,17.037,3.446,0.737,501.598,45.074,31.735,1.127,30.634,0
2026-09-13T09:23:40+00:00,PRESS-RTP41-DEMO,BATCH-DEMO-002,17.973,3.454,0.67,496.24,44.951,32.383,1.207,31.095,0
2026-09-13T09:23:41+00:00,PRESS-RTP41-DEMO,BATCH-DEMO-002,18.218,3.417,0.65,500.22,45.209,32.241,1.193,30.907,0
2026-09-13T09:23:42+00:00,PRESS-RTP41-DEMO,BATCH-DEMO-002,18.118,3.615,0.66,499.134,44.968,32.101,1.333,31.211,0
2026-09-13T09:23:43+00:00,PRESS-RTP41-DEMO,BATCH-DEMO-002,17.614,3.473,0.62,501.678,45.364,31.65,1.286,30.858,0
2026-09-13T09:23:44+00:00,PRESS-RTP41-DEMO,BATCH-DEMO-002,17.754,3.586,0.663,499.888,44.748,32.398,1.017,31.079,0
2026-09-13T09:23:45+00:00,PRESS-RTP41-DEMO,BATCH-DEMO-002,18.042,3.511,0.683,498.753,44.996,31.838,1.343,31.074,0
2026-09-13T09:23:46+00:00,PRESS-RTP41-DEMO,BATCH-DEMO-002,18.052,3.42,0.631,501.358,45.275,32.283,1.21,31.08,0
2026-09-13T09:23:47+00:00,PRESS-RTP41-DEMO,BATCH-DEMO-002,18.409,3.523,0.619,501.938,44.603,32.508,1.281,31.149,0
2026-09-13T09:23:48+00:00,PRESS-RTP41-DEMO,BATCH-DEMO-002,17.523,3.488,0.693,499.11,45.027,31.71,1.178,31.012,0
2026-09-13T09:23:49+00:00,PRESS-RTP41-DEMO,BATCH-DEMO-002,17.702,3.473,0.733,502.384,44.71,31.686,1.266,30.91,0
2026-09-13T09:23:50+00:00,PRESS-RTP41-DEMO,BATCH-DEMO-002,18.339,3.528,0.735,502.407,45.097,31.926,1.314,30.907,0
2026-09-13T09:23:51+00:00,PRESS-RTP41-DEMO,BATCH-DEMO-002,18.208,3.446,0.607,497.715,45.063,31.863,1.206,31.037,0
2026-09-13T09:23:52+00:00,PRESS-RTP41-DEMO,BATCH-DEMO-002,17.434,3.53,0.738,503.037,45.688,32.16,1.081,30.874,0
2026-09-13T09:23:53+00:00,PRESS-RTP41-DEMO,BATCH-DEMO-002,18.454,3.616,0.73,500.917,44.929,32.068,1.17,31.319,0
2026-09-13T09:23:54+00:00,PRESS-RTP41-DEMO,BATCH-DEMO-002,17.937,3.427,0.711,499.387,44.422,31.626,1.132,31.212,0
2026-09-13T09:23:55+00:00,PRESS-RTP41-DEMO,BATCH-DEMO-002,17.119,3.52,0.594,505.008,44.955,31.88,1.173,30.748,0
2026-09-13T09:23:56+00:00,PRESS-RTP41-DEMO,BATCH-DEMO-002,17.431,3.498,0.591,499.253,45.328,32.113,1.177,31.152,0
2026-09-13T09:23:57+00:00,PRESS-RTP41-DEMO,BATCH-DEMO-002,17.489,3.561,0.675,499.785,44.982,32.063,1.146,31.2,0
2026-09-13T09:23:58+00:00,PRESS-RTP41-DEMO,BATCH-DEMO-002,17.938,3.424,0.548,499.167,44.896,31.496,1.135,30.991,0
2026-09-13T09:23:59+00:00,PRESS-RTP41-DEMO,BATCH-DEMO-002,18.228,3.565,0.609,499.793,44.94,32.563,1.255,31.015,0
2026-09-13T09:24:00+00:00,PRESS-RTP41-DEMO,BATCH-DEMO-002,18.218,3.392,0.665,499.736,45.308,32.125,1.081,30.998,0
2026-09-13T09:24:01+00:00,PRESS-RTP41-DEMO,BATCH-DEMO-002,17.525,3.45,0.658,498.903,44.886,32.023,1.083,31.061,0
2026-09-13T09:24:02+00:00,PRESS-RTP41-DEMO,BATCH-DEMO-002,17.444,3.623,0.65,498.462,44.819,32.275,1.118,31.298,0
2026-09-13T09:24:03+00:00,PRESS-RTP41-DEMO,BATCH-DEMO-002,18.111,3.405,0.744,501.179,44.901,32.131,1.066,30.916,0
2026-09-13T09:24:04+00:00,PRESS-RTP41-DEMO,BATCH-DEMO-002,18.238,3.458,0.591,502.081,44.571,32.103,1.122,30.639,0
2026-09-13T09:24:05+00:00,PRESS-RTP41-DEMO,BATCH-DEMO-002,18.353,3.68,0.682,502.332,45.145,32.007,1.301,31.03,0
2026-09-13T09:24:06+00:00,PRESS-RTP41-DEMO,BATCH-DEMO-002,17.194,3.551,0.668,496.637,45.223,32.355,1.148,31.055,0
2026-09-13T09:24:07+00:00,PRESS-RTP41-DEMO,BATCH-DEMO-002,17.879,3.384,0.66,505.851,45.128,32.435,0.97,31.103,0
2026-09-13T09:24:08+00:00,PRESS-RTP41-DEMO,BATCH-DEMO-002,18.261,3.33,0.774,500.92,45.079,31.617,1.237,30.919,0
2026-09-13T09:24:09+00:00,PRESS-RTP41-DEMO,BATCH-DEMO-002,18.382,3.508,0.637,501.642,44.957,32.209,1.132,30.895,0
2026-09-13T09:24:10+00:00,PRESS-RTP41-DEMO,BATCH-DEMO-002,17.726,3.525,0.721,499.345,45.281,31.804,1.081,31.325,0
2026-09-13T09:24:11+00:00,PRESS-RTP41-DEMO,BATCH-DEMO-002,17.501,3.365,0.657,501.304,44.964,31.485,1.115,30.837,0
2026-09-13T09:24:12+00:00,PRESS-RTP41-DEMO,BATCH-DEMO-002,18.531,3.484,0.709,498.783,45.092,31.964,1.254,31.047,0
2026-09-13T09:24:13+00:00,PRESS-RTP41-DEMO,BATCH-DEMO-002,17.772,3.353,0.576,497.386,44.729,32.069,1.059,30.944,0
2026-09-13T09:24:14+00:00,PRESS-RTP41-DEMO,BATCH-DEMO-002,18.258,3.412,0.696,504.008,45.257,31.839,1.202,31.187,0
2026-09-13T09:24:15+00:00,PRESS-RTP41-DEMO,BATCH-DEMO-002,17.96,3.442,0.695,504.038,45.117,31.437,1.088,30.948,0
2026-09-13T09:24:16+00:00,PRESS-RTP41-DEMO,BATCH-DEMO-002,18.185,3.529,0.593,499.955,44.513,31.625,1.343,31.239,0
2026-09-13T09:24:17+00:00,PRESS-RTP41-DEMO,BATCH-DEMO-002,18.403,3.612,0.638,499.461,45.032,32.241,1.179,31.154,0
2026-09-13T09:24:18+00:00,PRESS-RTP41-DEMO,BATCH-DEMO-002,17.736,3.29,0.586,501.236,44.855,32.055,1.335,31.218,0
2026-09-13T09:24:19+00:00,PRESS-RTP41-DEMO,BATCH-DEMO-002,17.823,3.354,0.617,501.269,44.836,32.137,1.191,30.617,0
2026-09-13T09:24:20+00:00,PRESS-RTP41-DEMO,BATCH-DEMO-002,18.2,3.345,0.649,499.919,44.92,32.297,1.103,30.746,0
2026-09-13T09:24:21+00:00,PRESS-RTP41-DEMO,BATCH-DEMO-002,17.944,3.47,0.6,495.843,45.212,32.506,1.151,30.886,0
2026-09-13T09:24:22+00:00,PRESS-RTP41-DEMO,BATCH-DEMO-002,17.776,3.568,0.634,501.639,45.158,31.902,1.249,31.064,0
2026-09-13T09:24:23+00:00,PRESS-RTP41-DEMO,BATCH-DEMO-002,17.731,3.59,0.659,506.388,44.978,31.765,1.236,31.036,0
2026-09-13T09:24:24+00:00,PRESS-RTP41-DEMO,BATCH-DEMO-002,18.612,3.363,0.632,498.706,45.34,31.762,1.134,30.804,0
2026-09-13T09:24:25+00:00,PRESS-RTP41-DEMO,BATCH-DEMO-002,17.72,3.582,0.675,498.327,45.179,31.983,0.98,30.932,0
2026-09-13T09:24:26+00:00,PRESS-RTP41-DEMO,BATCH-DEMO-002,17.482,3.323,0.751,499.153,45.205,31.59,1.245,31.18,0
2026-09-13T09:24:27+00:00,PRESS-RTP41-DEMO,BATCH-DEMO-002,18.112,3.465,0.679,500.477,44.759,31.592,1.226,31.148,0
2026-09-13T09:24:28+00:00,PRESS-RTP41-DEMO,BATCH-DEMO-002,18.919,3.501,0.668,499.766,44.87,32.098,1.333,31.069,0
2026-09-13T09:24:29+00:00,PRESS-RTP41-DEMO,BATCH-DEMO-002,17.827,3.376,0.607,500.691,44.955,31.745,1.129,30.948,0
2026-09-13T09:24:30+00:00,PRESS-RTP41-DEMO,BATCH-DEMO-002,18.628,3.457,0.642,495.952,45.26,32.43,1.128,30.859,0
2026-09-13T09:24:31+00:00,PRESS-RTP41-DEMO,BATCH-DEMO-002,18.338,3.547,0.717,497.254,45.001,31.984,1.022,31.213,0
2026-09-13T09:24:32+00:00,PRESS-RTP41-DEMO,BATCH-DEMO-002,18.112,3.706,0.582,500.566,44.653,31.916,0.988,30.776,0
2026-09-13T09:24:33+00:00,PRESS-RTP41-DEMO,BATCH-DEMO-002,18.109,3.511,0.591,500.588,44.799,32.339,1.221,30.765,0
2026-09-13T09:24:34+00:00,PRESS-RTP41-DEMO,BATCH-DEMO-002,17.587,3.466,0.694,497.896,44.831,32.25,1.21,30.778,0
2026-09-13T09:24:35+00:00,PRESS-RTP41-DEMO,BATCH-DEMO-002,18.238,3.516,0.675,496.788,45.052,31.806,0.869,30.875,0
2026-09-13T09:24:36+00:00,PRESS-RTP41-DEMO,BATCH-DEMO-002,17.693,3.573,0.724,498.799,44.553,32.095,1.18,31.104,0
2026-09-13T09:24:37+00:00,PRESS-RTP41-DEMO,BATCH-DEMO-002,17.728,3.548,0.607,502.211,44.889,32.04,1.129,31.043,0
2026-09-13T09:24:38+00:00,PRESS-RTP41-DEMO,BATCH-DEMO-002,18.43,3.509,0.662,500.582,45.417,32.247,1.289,31.321,0
2026-09-13T09:24:39+00:00,PRESS-RTP41-DEMO,BATCH-DEMO-002,18.199,3.388,0.618,500.861,44.929,31.886,1.219,31.131,0
2026-09-13T09:24:40+00:00,PRESS-RTP41-DEMO,BATCH-DEMO-002,17.608,3.507,0.711,500.114,45.348,32.107,1.125,30.729,0
2026-09-13T09:24:41+00:00,PRESS-RTP41-DEMO,BATCH-DEMO-002,17.918,3.582,0.726,499.407,45.012,32.252,1.231,30.925,0
2026-09-13T09:24:42+00:00,PRESS-RTP41-DEMO,BATCH-DEMO-002,17.9,3.594,0.686,501.479,45.169,31.961,1.141,30.47,0
2026-09-13T09:24:43+00:00,PRESS-RTP41-DEMO,BATCH-DEMO-002,18.017,3.401,0.666,501.032,45.465,32.328,1.169,31.278,0
2026-09-13T09:24:44+00:00,PRESS-RTP41-DEMO,BATCH-DEMO-002,18.442,3.349,0.622,501.359,44.864,32.06,1.106,31.02,0
2026-09-13T09:24:45+00:00,PRESS-RTP41-DEMO,BATCH-DEMO-002,17.955,3.469,0.662,499.579,44.976,32.274,1.216,31.077,0
2026-09-13T09:24:46+00:00,PRESS-RTP41-DEMO,BATCH-DEMO-002,18.471,3.477,0.657,507.962,44.554,32.029,1.199,31.016,0
2026-09-13T09:24:47+00:00,PRESS-RTP41-DEMO,BATCH-DEMO-002,18.14,3.577,0.588,500.225,45.39,32.535,1.3,31.081,0
2026-09-13T09:24:48+00:00,PRESS-RTP41-DEMO,BATCH-DEMO-002,17.802,3.317,0.647,497.756,44.807,32.086,1.246,30.942,0
2026-09-13T09:24:49+00:00,PRESS-RTP41-DEMO,BATCH-DEMO-002,18.365,3.477,0.637,498.745,45.183,32.167,0.99,30.745,0
2026-09-13T09:24:50+00:00,PRESS-RTP41-DEMO,BATCH-DEMO-002,18.254,3.739,0.634,502.014,45.063,31.726,1.305,31.208,0
2026-09-13T09:24:51+00:00,PRESS-RTP41-DEMO,BATCH-DEMO-002,18.671,3.329,0.692,498.081,45.17,31.534,1.015,30.987,0
2026-09-13T09:24:52+00:00,PRESS-RTP41-DEMO,BATCH-DEMO-002,17.769,3.488,0.656,499.958,45.637,31.72,1.182,30.77,0
2026-09-13T09:24:53+00:00,PRESS-RTP41-DEMO,BATCH-DEMO-002,17.481,3.458,0.602,499.031,45.411,31.877,1.418,31.258,0
2026-09-13T09:24:54+00:00,PRESS-RTP41-DEMO,BATCH-DEMO-002,17.269,3.537,0.665,500.734,45.118,32.02,1.243,31.084,0
2026-09-13T09:24:55+00:00,PRESS-RTP41-DEMO,BATCH-DEMO-002,17.483,3.572,0.57,500.529,44.707,32.283,1.188,31.005,0
2026-09-13T09:24:56+00:00,PRESS-RTP41-DEMO,BATCH-DEMO-002,18.779,3.42,0.723,499.19,45.237,31.871,1.189,31.01,0
2026-09-13T09:24:57+00:00,PRESS-RTP41-DEMO,BATCH-DEMO-002,17.694,3.565,0.641,499.232,45.347,31.808,1.195,30.802,0
2026-09-13T09:24:58+00:00,PRESS-RTP41-DEMO,BATCH-DEMO-002,17.487,3.401,0.724,501.656,45.054,32.008,1.243,30.833,0
2026-09-13T09:24:59+00:00,PRESS-RTP41-DEMO,BATCH-DEMO-002,17.332,3.488,0.663,508.914,44.979,32.065,1.244,30.741,0
2026-09-13T09:25:00+00:00,PRESS-RTP41-DEMO,BATCH-DEMO-002,18.118,3.495,1.259,500.295,44.936,32.132,1.109,31.067,1
2026-09-13T09:25:01+00:00,PRESS-RTP41-DEMO,BATCH-DEMO-002,18.252,3.541,1.209,504.864,44.866,31.315,1.228,30.869,1
2026-09-13T09:25:02+00:00,PRESS-RTP41-DEMO,BATCH-DEMO-002,18.598,3.458,0.915,492.777,44.524,31.66,1.326,31.049,1
2026-09-13T09:25:03+00:00,PRESS-RTP41-DEMO,BATCH-DEMO-002,17.527,3.5,1.586,498.158,44.697,32.105,1.244,31.279,1
2026-09-13T09:25:04+00:00,PRESS-RTP41-DEMO,BATCH-DEMO-002,18.087,3.574,1.78,504.224,45.151,32.461,1.097,31.033,1
2026-09-13T09:25:05+00:00,PRESS-RTP41-DEMO,BATCH-DEMO-002,18.446,3.364,1.3,497.755,44.704,31.729,1.21,31.418,1
2026-09-13T09:25:06+00:00,PRESS-RTP41-DEMO,BATCH-DEMO-002,17.945,3.639,0.899,497.546,45.082,31.817,1.259,31.161,1
2026-09-13T09:25:07+00:00,PRESS-RTP41-DEMO,BATCH-DEMO-002,17.82,3.488,1.928,498.513,45.243,32.031,1.234,31.138,1
2026-09-13T09:25:08+00:00,PRESS-RTP41-DEMO,BATCH-DEMO-002,18.272,3.599,1.486,507.597,45.533,31.873,1.135,30.991,1
2026-09-13T09:25:09+00:00,PRESS-RTP41-DEMO,BATCH-DEMO-002,17.977,3.623,1.338,497.718,45.427,31.934,1.274,30.996,1
2026-09-13T09:25:10+00:00,PRESS-RTP41-DEMO,BATCH-DEMO-002,17.754,3.422,1.16,502.405,44.681,31.849,1.191,30.945,1
2026-09-13T09:25:11+00:00,PRESS-RTP41-DEMO,BATCH-DEMO-002,18.016,3.459,1.608,500.779,45.03,32.707,1.008,31.012,1
2026-09-13T09:25:12+00:00,PRESS-RTP41-DEMO,BATCH-DEMO-002,18.208,3.636,1.371,500.645,44.804,31.844,1.144,31.226,1
2026-09-13T09:25:13+00:00,PRESS-RTP41-DEMO,BATCH-DEMO-002,18.171,3.33,1.512,502.474,45.31,32.242,1.128,30.897,1
2026-09-13T09:25:14+00:00,PRESS-RTP41-DEMO,BATCH-DEMO-002,17.752,3.661,1.017,501.652,45.345,31.511,1.391,30.894,1
2026-09-13T09:25:15+00:00,PRESS-RTP41-DEMO,BATCH-DEMO-002,18.13,3.445,1.728,497.04,45.091,32.054,1.171,30.747,1
2026-09-13T09:25:16+00:00,PRESS-RTP41-DEMO,BATCH-DEMO-002,17.811,3.643,1.064,501.813,45.589,31.608,1.222,31.065,1
2026-09-13T09:25:17+00:00,PRESS-RTP41-DEMO,BATCH-DEMO-002,17.319,3.459,1.537,499.759,45.033,31.462,1.288,30.97,1
2026-09-13T09:25:18+00:00,PRESS-RTP41-DEMO,BATCH-DEMO-002,18.094,3.378,1.72,501.875,45.283,31.55,1.297,31.278,1
2026-09-13T09:25:19+00:00,PRESS-RTP41-DEMO,BATCH-DEMO-002,17.732,3.489,1.241,502.462,44.866,32.049,1.263,31.101,1
2026-09-13T09:25:20+00:00,PRESS-RTP41-DEMO,BATCH-DEMO-002,18.365,3.356,1.467,504.704,44.762,31.634,1.182,31.353,1
2026-09-13T09:25:21+00:00,PRESS-RTP41-DEMO,BATCH-DEMO-002,17.924,3.46,0.976,497.198,45.569,31.992,1.192,31.068,1
2026-09-13T09:25:22+00:00,PRESS-RTP41-DEMO,BATCH-DEMO-002,18.07,3.423,1.05,499.502,45.031,31.944,1.034,30.965,1
2026-09-13T09:25:23+00:00,PRESS-RTP41-DEMO,BATCH-DEMO-002,17.534,3.638,1.399,500.053,45.057,31.881,1.145,31.054,1
2026-09-13T09:25:24+00:00,PRESS-RTP41-DEMO,BATCH-DEMO-002,17.933,3.494,1.564,501.234,45.045,31.563,1.261,30.915,1
2026-09-13T09:25:25+00:00,PRESS-RTP41-DEMO,BATCH-DEMO-002,17.597,3.46,1.044,501.075,45.07,31.961,1.229,31.203,1
2026-09-13T09:25:26+00:00,PRESS-RTP41-DEMO,BATCH-DEMO-002,17.573,3.531,1.515,498.164,45.249,32.31,1.221,31.265,1
2026-09-13T09:25:27+00:00,PRESS-RTP41-DEMO,BATCH-DEMO-002,18.204,3.49,1.745,503.738,44.508,32.319,1.282,30.791,1
2026-09-13T09:25:28+00:00,PRESS-RTP41-DEMO,BATCH-DEMO-002,18.646,3.488,1.662,498.623,44.434,31.769,1.216,30.823,1
2026-09-13T09:25:29+00:00,PRESS-RTP41-DEMO,BATCH-DEMO-002,18.226,3.685,1.259,504.398,45.104,31.995,1.266,30.949,1
2026-09-13T09:25:30+00:00,PRESS-RTP41-DEMO,BATCH-DEMO-002,17.981,3.551,1.003,492.135,45.03,31.675,1.042,30.919,1
2026-09-13T09:25:31+00:00,PRESS-RTP41-DEMO,BATCH-DEMO-002,18.056,3.44,1.206,496.186,45.298,32.306,1.296,31.242,1
2026-09-13T09:25:32+00:00,PRESS-RTP41-DEMO,BATCH-DEMO-002,18.261,3.384,1.639,502.201,45.869,32.069,1.109,30.961,1
2026-09-13T09:25:33+00:00,PRESS-RTP41-DEMO,BATCH-DEMO-002,18.791,3.573,1.072,500.364,44.866,31.857,1.284,31.104,1
2026-09-13T09:25:34+00:00,PRESS-RTP41-DEMO,BATCH-DEMO-002,18.251,3.501,1.214,499.713,44.545,32.152,1.162,30.955,1
2026-09-13T09:25:35+00:00,PRESS-RTP41-DEMO,BATCH-DEMO-002,18.225,3.555,1.874,502.035,44.624,31.711,1.128,31.21,1
2026-09-13T09:25:36+00:00,PRESS-RTP41-DEMO,BATCH-DEMO-002,18.718,3.485,1.603,500.231,44.878,32.196,1.267,31.074,1
2026-09-13T09:25:37+00:00,PRESS-RTP41-DEMO,BATCH-DEMO-002,18.035,3.212,1.27,501.965,44.759,31.303,1.069,30.924,1
2026-09-13T09:25:38+00:00,PRESS-RTP41-DEMO,BATCH-DEMO-002,17.84,3.425,1.427,497.555,44.717,31.676,1.314,31.124,1
2026-09-13T09:25:39+00:00,PRESS-RTP41-DEMO,BATCH-DEMO-002,18.136,3.495,1.746,500.559,45.483,31.735,1.267,31.203,1
2026-09-13T09:25:40+00:00,PRESS-RTP41-DEMO,BATCH-DEMO-002,17.994,3.287,1.142,501.779,45.22,31.432,1.2,30.786,1
2026-09-13T09:25:41+00:00,PRESS-RTP41-DEMO,BATCH-DEMO-002,17.933,3.357,1.132,501.849,45.115,32.264,1.221,30.872,1
2026-09-13T09:25:42+00:00,PRESS-RTP41-DEMO,BATCH-DEMO-002,17.857,3.458,0.836,504.564,44.323,31.711,1.286,30.826,1
2026-09-13T09:25:43+00:00,PRESS-RTP41-DEMO,BATCH-DEMO-002,18.378,3.556,0.997,500.169,44.957,32.019,1.317,30.972,1
2026-09-13T09:25:44+00:00,PRESS-RTP41-DEMO,BATCH-DEMO-002,18.227,3.508,1.286,502.894,45.472,32.186,1.295,30.822,1
2026-09-13T09:25:45+00:00,PRESS-RTP41-DEMO,BATCH-DEMO-002,18.263,3.392,1.313,496.66,45.012,31.543,1.206,31.005,1
2026-09-13T09:25:46+00:00,PRESS-RTP41-DEMO,BATCH-DEMO-002,17.98,3.656,1.435,501.755,44.77,31.986,1.277,31.0,1
2026-09-13T09:25:47+00:00,PRESS-RTP41-DEMO,BATCH-DEMO-002,18.031,3.396,1.363,501.562,44.753,31.849,1.012,31.092,1
2026-09-13T09:25:48+00:00,PRESS-RTP41-DEMO,BATCH-DEMO-002,17.862,3.484,1.215,497.92,45.36,32.141,1.261,31.076,1
2026-09-13T09:25:49+00:00,PRESS-RTP41-DEMO,BATCH-DEMO-002,17.567,3.476,1.665,497.663,45.534,32.489,0.991,30.765,1
2026-09-13T09:25:50+00:00,PRESS-RTP41-DEMO,BATCH-DEMO-002,17.93,3.465,1.41,497.586,45.083,31.26,1.247,30.838,1
2026-09-13T09:25:51+00:00,PRESS-RTP41-DEMO,BATCH-DEMO-002,18.683,3.438,1.631,502.625,44.619,31.369,1.119,31.075,1
2026-09-13T09:25:52+00:00,PRESS-RTP41-DEMO,BATCH-DEMO-002,18.153,3.498,1.236,499.92,45.605,31.95,1.154,30.749,1
2026-09-13T09:25:53+00:00,PRESS-RTP41-DEMO,BATCH-DEMO-002,17.573,3.617,1.454,501.451,44.958,31.748,1.217,30.981,1
2026-09-13T09:25:54+00:00,PRESS-RTP41-DEMO,BATCH-DEMO-002,18.385,3.384,1.321,498.795,45.143,31.847,1.181,30.731,1
2026-09-13T09:25:55+00:00,PRESS-RTP41-DEMO,BATCH-DEMO-002,18.416,3.482,0.948,504.276,44.855,32.064,1.204,30.778,1
2026-09-13T09:25:56+00:00,PRESS-RTP41-DEMO,BATCH-DEMO-002,18.237,3.526,1.279,499.425,44.951,31.998,1.249,31.119,1
2026-09-13T09:25:57+00:00,PRESS-RTP41-DEMO,BATCH-DEMO-002,17.84,3.479,1.702,502.078,45.121,31.885,1.213,30.503,1
2026-09-13T09:25:58+00:00,PRESS-RTP41-DEMO,BATCH-DEMO-002,18.633,3.423,1.338,499.078,45.007,31.868,1.239,30.907,1
2026-09-13T09:25:59+00:00,PRESS-RTP41-DEMO,BATCH-DEMO-002,18.528,3.391,1.547,500.921,44.972,32.519,1.099,31.046,1
2026-09-13T09:26:00+00:00,PRESS-RTP41-DEMO,BATCH-DEMO-002,18.27,3.408,1.587,504.303,45.125,31.906,1.172,31.222,1
2026-09-13T09:26:01+00:00,PRESS-RTP41-DEMO,BATCH-DEMO-002,18.433,3.374,1.369,503.256,45.133,32.665,1.136,30.694,1
2026-09-13T09:26:02+00:00,PRESS-RTP41-DEMO,BATCH-DEMO-002,17.683,3.51,1.152,499.2,44.512,31.942,1.086,30.937,1
2026-09-13T09:26:03+00:00,PRESS-RTP41-DEMO,BATCH-DEMO-002,17.603,3.455,1.52,497.9,45.07,32.795,1.095,31.279,1
2026-09-13T09:26:04+00:00,PRESS-RTP41-DEMO,BATCH-DEMO-002,17.487,3.534,1.345,502.352,44.593,31.753,1.236,31.026,1
2026-09-13T09:26:05+00:00,PRESS-RTP41-DEMO,BATCH-DEMO-002,18.532,3.637,1.799,501.608,44.802,31.935,1.218,31.28,1
2026-09-13T09:26:06+00:00,PRESS-RTP41-DEMO,BATCH-DEMO-002,17.901,3.291,1.593,497.277,44.896,32.219,1.185,30.929,1
2026-09-13T09:26:07+00:00,PRESS-RTP41-DEMO,BATCH-DEMO-002,18.212,3.7,1.328,502.272,45.071,31.98,1.281,30.656,1
2026-09-13T09:26:08+00:00,PRESS-RTP41-DEMO,BATCH-DEMO-002,17.631,3.459,1.193,499.185,44.979,32.265,1.146,30.925,1
2026-09-13T09:26:09+00:00,PRESS-RTP41-DEMO,BATCH-DEMO-002,17.865,3.36,1.801,501.333,44.359,31.886,1.293,30.473,1
2026-09-13T09:26:10+00:00,PRESS-RTP41-DEMO,BATCH-DEMO-002,18.225,3.465,1.241,503.401,45.544,31.876,1.359,31.073,1
2026-09-13T09:26:11+00:00,PRESS-RTP41-DEMO,BATCH-DEMO-002,17.918,3.4,1.703,502.939,45.505,31.826,1.145,30.967,1
2026-09-13T09:26:12+00:00,PRESS-RTP41-DEMO,BATCH-DEMO-002,18.275,3.495,1.37,499.602,44.561,31.752,1.278,31.073,1
2026-09-13T09:26:13+00:00,PRESS-RTP41-DEMO,BATCH-DEMO-002,18.031,3.41,1.155,505.913,45.719,31.591,1.098,31.23,1
2026-09-13T09:26:14+00:00,PRESS-RTP41-DEMO,BATCH-DEMO-002,17.938,3.498,1.495,498.574,45.119,31.805,1.21,31.361,1
2026-09-13T09:26:15+00:00,PRESS-RTP41-DEMO,BATCH-DEMO-002,18.425,3.447,1.517,504.434,45.55,32.23,1.174,31.047,1
2026-09-13T09:26:16+00:00,PRESS-RTP41-DEMO,BATCH-DEMO-002,16.966,3.55,1.687,499.848,44.501,31.373,1.032,31.117,1
2026-09-13T09:26:17+00:00,PRESS-RTP41-DEMO,BATCH-DEMO-002,18.269,3.53,1.31,504.923,44.973,32.194,1.521,30.646,1
2026-09-13T09:26:18+00:00,PRESS-RTP41-DEMO,BATCH-DEMO-002,18.771,3.577,1.441,497.403,44.631,32.237,1.015,30.873,1
2026-09-13T09:26:19+00:00,PRESS-RTP41-DEMO,BATCH-DEMO-002,17.673,3.533,1.782,497.022,44.83,31.924,1.215,30.626,1
2026-09-13T09:26:20+00:00,PRESS-RTP41-DEMO,BATCH-DEMO-002,18.143,3.421,1.523,498.823,44.963,31.945,1.184,31.255,1
2026-09-13T09:26:21+00:00,PRESS-RTP41-DEMO,BATCH-DEMO-002,17.93,3.494,1.507,499.435,44.98,32.209,1.305,30.931,1
2026-09-13T09:26:22+00:00,PRESS-RTP41-DEMO,BATCH-DEMO-002,18.45,3.564,1.244,499.959,45.038,32.029,1.122,31.137,1
2026-09-13T09:26:23+00:00,PRESS-RTP41-DEMO,BATCH-DEMO-002,17.901,3.616,1.109,499.668,44.858,31.883,1.371,30.936,1
2026-09-13T09:26:24+00:00,PRESS-RTP41-DEMO,BATCH-DEMO-002,18.636,3.41,0.988,499.754,44.701,31.962,1.187,31.078,1
2026-09-13T09:26:25+00:00,PRESS-RTP41-DEMO,BATCH-DEMO-002,17.835,3.495,1.49,499.793,44.957,32.088,1.348,30.806,1
2026-09-13T09:26:26+00:00,PRESS-RTP41-DEMO,BATCH-DEMO-002,18.173,3.504,1.398,500.626,44.765,31.735,1.233,30.786,1
2026-09-13T09:26:27+00:00,PRESS-RTP41-DEMO,BATCH-DEMO-002,18.34,3.501,1.639,500.142,44.942,32.277,0.999,31.135,1
2026-09-13T09:26:28+00:00,PRESS-RTP41-DEMO,BATCH-DEMO-002,17.75,3.376,1.101,495.476,44.981,32.264,1.194,30.834,1
2026-09-13T09:26:29+00:00,PRESS-RTP41-DEMO,BATCH-DEMO-002,18.616,3.502,1.629,498.053,45.05,31.654,1.285,31.043,1
2026-09-13T09:26:30+00:00,PRESS-RTP41-DEMO,BATCH-DEMO-002,18.097,3.379,1.569,502.05,45.17,32.281,1.232,30.807,1
2026-09-13T09:26:31+00:00,PRESS-RTP41-DEMO,BATCH-DEMO-002,18.093,3.509,1.454,499.243,45.045,32.141,1.157,30.918,1
2026-09-13T09:26:32+00:00,PRESS-RTP41-DEMO,BATCH-DEMO-002,17.981,3.539,1.089,504.439,45.133,31.839,1.31,31.258,1
2026-09-13T09:26:33+00:00,PRESS-RTP41-DEMO,BATCH-DEMO-002,18.149,3.426,1.629,502.797,45.03,31.983,1.244,30.66,1
2026-09-13T09:26:34+00:00,PRESS-RTP41-DEMO,BATCH-DEMO-002,18.021,3.704,1.509,503.291,45.211,31.844,1.17,30.545,1
2026-09-13T09:26:35+00:00,PRESS-RTP41-DEMO,BATCH-DEMO-002,17.563,3.498,1.962,501.851,45.035,32.084,1.284,30.972,1
2026-09-13T09:26:36+00:00,PRESS-RTP41-DEMO,BATCH-DEMO-002,17.31,3.46,1.576,501.368,45.175,31.373,1.275,30.631,1
2026-09-13T09:26:37+00:00,PRESS-RTP41-DEMO,BATCH-DEMO-002,18.463,3.515,2.027,497.301,45.311,31.936,1.184,31.173,1
2026-09-13T09:26:38+00:00,PRESS-RTP41-DEMO,BATCH-DEMO-002,18.331,3.475,1.436,497.366,44.689,31.482,1.363,30.747,1
2026-09-13T09:26:39+00:00,PRESS-RTP41-DEMO,BATCH-DEMO-002,18.23,3.561,1.141,497.613,44.885,31.467,1.266,31.41,1
2026-09-13T09:26:40+00:00,PRESS-RTP41-DEMO,BATCH-DEMO-002,18.568,3.431,1.07,502.851,44.811,31.889,1.146,31.071,1
2026-09-13T09:26:41+00:00,PRESS-RTP41-DEMO,BATCH-DEMO-002,17.541,3.445,1.219,502.765,45.023,31.943,1.283,30.858,1
2026-09-13T09:26:42+00:00,PRESS-RTP41-DEMO,BATCH-DEMO-002,17.967,3.542,1.649,500.157,44.588,32.413,1.341,30.905,1
2026-09-13T09:26:43+00:00,PRESS-RTP41-DEMO,BATCH-DEMO-002,17.863,3.41,1.494,502.11,44.961,31.277,1.296,30.988,1
2026-09-13T09:26:44+00:00,PRESS-RTP41-DEMO,BATCH-DEMO-002,17.862,3.475,1.528,498.984,44.926,31.598,1.227,31.235,1
2026-09-13T09:26:45+00:00,PRESS-RTP41-DEMO,BATCH-DEMO-002,17.398,3.536,1.408,498.418,44.687,32.097,1.093,31.105,1
2026-09-13T09:26:46+00:00,PRESS-RTP41-DEMO,BATCH-DEMO-002,17.223,3.463,1.234,496.175,44.853,32.265,1.19,31.065,1
2026-09-13T09:26:47+00:00,PRESS-RTP41-DEMO,BATCH-DEMO-002,18.213,3.488,1.049,495.013,45.106,32.19,1.123,31.221,1
2026-09-13T09:26:48+00:00,PRESS-RTP41-DEMO,BATCH-DEMO-002,18.605,3.554,1.798,504.484,45.079,31.787,1.018,30.569,1
2026-09-13T09:26:49+00:00,PRESS-RTP41-DEMO,BATCH-DEMO-002,18.326,3.445,1.634,501.5,44.98,31.816,1.245,31.035,1
2026-09-13T09:26:50+00:00,PRESS-RTP41-DEMO,BATCH-DEMO-002,18.088,3.521,1.164,498.214,45.288,32.306,1.321,31.027,1
2026-09-13T09:26:51+00:00,PRESS-RTP41-DEMO,BATCH-DEMO-002,17.799,3.59,1.349,501.317,45.147,32.325,1.165,31.347,1
2026-09-13T09:26:52+00:00,PRESS-RTP41-DEMO,BATCH-DEMO-002,19.684,3.537,1.127,502.706,45.25,31.812,1.221,30.962,1
2026-09-13T09:26:53+00:00,PRESS-RTP41-DEMO,BATCH-DEMO-002,17.321,3.296,1.381,499.774,44.917,32.358,1.233,31.027,1
2026-09-13T09:26:54+00:00,PRESS-RTP41-DEMO,BATCH-DEMO-002,17.545,3.57,1.408,498.799,44.694,32.364,1.114,31.252,1
2026-09-13T09:26:55+00:00,PRESS-RTP41-DEMO,BATCH-DEMO-002,17.685,3.359,1.262,500.534,44.582,31.755,1.236,30.865,1
2026-09-13T09:26:56+00:00,PRESS-RTP41-DEMO,BATCH-DEMO-002,17.909,3.459,1.128,502.308,45.574,32.473,1.094,31.179,1
2026-09-13T09:26:57+00:00,PRESS-RTP41-DEMO,BATCH-DEMO-002,18.327,3.486,1.222,497.182,44.565,31.672,1.225,30.915,1
2026-09-13T09:26:58+00:00,PRESS-RTP41-DEMO,BATCH-DEMO-002,17.411,3.343,1.696,500.839,44.824,32.205,1.342,31.056,1
2026-09-13T09:26:59+00:00,PRESS-RTP41-DEMO,BATCH-DEMO-002,17.603,3.573,1.178,499.669,44.635,32.098,1.27,30.987,1
2026-09-13T09:27:00+00:00,PRESS-RTP41-DEMO,BATCH-DEMO-002,17.797,3.398,1.678,498.133,45.025,32.499,1.212,30.962,1
2026-09-13T09:27:01+00:00,PRESS-RTP41-DEMO,BATCH-DEMO-002,17.657,3.513,1.441,502.603,45.108,31.948,1.255,30.81,1
2026-09-13T09:27:02+00:00,PRESS-RTP41-DEMO,BATCH-DEMO-002,17.388,3.455,1.533,502.009,45.007,32.257,1.289,31.084,1
2026-09-13T09:27:03+00:00,PRESS-RTP41-DEMO,BATCH-DEMO-002,18.174,3.774,1.047,501.207,45.439,32.358,1.124,31.416,1
2026-09-13T09:27:04+00:00,PRESS-RTP41-DEMO,BATCH-DEMO-002,18.519,3.628,1.764,498.958,44.682,32.118,1.191,31.125,1
2026-09-13T09:27:05+00:00,PRESS-RTP41-DEMO,BATCH-DEMO-002,18.465,3.527,1.106,502.59,44.854,32.151,1.274,31.132,1
2026-09-13T09:27:06+00:00,PRESS-RTP41-DEMO,BATCH-DEMO-002,18.237,3.583,1.35,498.779,44.628,31.867,1.189,31.079,1
2026-09-13T09:27:07+00:00,PRESS-RTP41-DEMO,BATCH-DEMO-002,17.519,3.464,1.161,503.23,44.982,31.899,1.237,31.046,1
2026-09-13T09:27:08+00:00,PRESS-RTP41-DEMO,BATCH-DEMO-002,17.648,3.403,1.163,498.626,44.955,31.963,1.326,30.929,1
2026-09-13T09:27:09+00:00,PRESS-RTP41-DEMO,BATCH-DEMO-002,18.103,3.616,1.771,499.116,45.259,32.214,1.047,30.794,1
2026-09-13T09:27:10+00:00,PRESS-RTP41-DEMO,BATCH-DEMO-002,18.103,3.463,1.289,502.494,45.079,31.899,1.183,30.87,1
2026-09-13T09:27:11+00:00,PRESS-RTP41-DEMO,BATCH-DEMO-002,17.599,3.447,1.821,501.67,45.263,31.725,1.139,30.855,1
2026-09-13T09:27:12+00:00,PRESS-RTP41-DEMO,BATCH-DEMO-002,18.143,3.423,1.483,502.173,45.03,32.492,1.138,30.61,1
2026-09-13T09:27:13+00:00,PRESS-RTP41-DEMO,BATCH-DEMO-002,17.546,3.59,1.215,504.948,44.735,31.986,1.072,30.789,1
2026-09-13T09:27:14+00:00,PRESS-RTP41-DEMO,BATCH-DEMO-002,17.859,3.545,1.285,501.893,44.828,31.637,1.149,31.02,1
2026-09-13T09:27:15+00:00,PRESS-RTP41-DEMO,BATCH-DEMO-002,18.036,3.463,0.888,501.674,44.848,32.024,1.146,30.978,1
2026-09-13T09:27:16+00:00,PRESS-RTP41-DEMO,BATCH-DEMO-002,17.779,3.408,1.465,501.575,45.235,32.098,1.202,30.947,1
2026-09-13T09:27:17+00:00,PRESS-RTP41-DEMO,BATCH-DEMO-002,18.261,3.48,1.398,502.491,44.211,31.996,1.189,31.285,1
2026-09-13T09:27:18+00:00,PRESS-RTP41-DEMO,BATCH-DEMO-002,18.138,3.504,0.961,500.599,44.891,31.91,1.228,31.061,1
2026-09-13T09:27:19+00:00,PRESS-RTP41-DEMO,BATCH-DEMO-002,17.619,3.509,1.371,500.626,44.361,31.535,1.36,30.944,1
2026-09-13T09:27:20+00:00,PRESS-RTP41-DEMO,BATCH-DEMO-002,17.979,3.499,1.324,505.959,44.797,31.881,1.099,30.82,1
2026-09-13T09:27:21+00:00,PRESS-RTP41-DEMO,BATCH-DEMO-002,17.613,3.48,1.373,502.485,45.329,31.828,1.193,31.106,1
2026-09-13T09:27:22+00:00,PRESS-RTP41-DEMO,BATCH-DEMO-002,18.101,3.422,1.323,494.334,45.071,32.297,1.4,31.072,1
2026-09-13T09:27:23+00:00,PRESS-RTP41-DEMO,BATCH-DEMO-002,18.197,3.595,1.475,497.155,45.481,31.815,1.238,30.971,1
2026-09-13T09:27:24+00:00,PRESS-RTP41-DEMO,BATCH-DEMO-002,18.373,3.425,1.35,499.894,44.972,32.114,1.049,31.408,1
2026-09-13T09:27:25+00:00,PRESS-RTP41-DEMO,BATCH-DEMO-002,18.112,3.491,1.616,498.386,45.738,32.128,1.25,31.361,1
2026-09-13T09:27:26+00:00,PRESS-RTP41-DEMO,BATCH-DEMO-002,18.378,3.516,0.869,498.494,44.922,32.002,1.117,30.456,1
2026-09-13T09:27:27+00:00,PRESS-RTP41-DEMO,BATCH-DEMO-002,17.868,3.363,1.164,502.441,45.312,32.0,1.07,31.138,1
2026-09-13T09:27:28+00:00,PRESS-RTP41-DEMO,BATCH-DEMO-002,18.177,3.662,1.191,499.213,45.604,32.196,1.172,30.994,1
2026-09-13T09:27:29+00:00,PRESS-RTP41-DEMO,BATCH-DEMO-002,18.479,3.581,1.123,501.487,44.655,31.89,1.227,30.716,1
2026-09-13T09:27:30+00:00,PRESS-RTP41-DEMO,BATCH-DEMO-002,17.225,3.452,1.56,498.177,44.834,31.893,1.123,30.677,1
2026-09-13T09:27:31+00:00,PRESS-RTP41-DEMO,BATCH-DEMO-002,17.882,3.418,1.411,499.056,45.458,31.983,1.226,31.103,1
2026-09-13T09:27:32+00:00,PRESS-RTP41-DEMO,BATCH-DEMO-002,18.049,3.503,1.182,500.414,44.449,31.654,1.406,31.23,1
2026-09-13T09:27:33+00:00,PRESS-RTP41-DEMO,BATCH-DEMO-002,18.274,3.391,1.39,498.965,45.116,32.123,1.206,31.005,1
2026-09-13T09:27:34+00:00,PRESS-RTP41-DEMO,BATCH-DEMO-002,18.233,3.47,1.434,500.343,44.626,31.493,1.215,31.152,1
2026-09-13T09:27:35+00:00,PRESS-RTP41-DEMO,BATCH-DEMO-002,17.546,3.612,1.522,498.76,44.786,32.066,1.216,31.197,1
2026-09-13T09:27:36+00:00,PRESS-RTP41-DEMO,BATCH-DEMO-002,18.739,3.232,1.344,505.68,44.46,31.971,1.169,30.64,1
2026-09-13T09:27:37+00:00,PRESS-RTP41-DEMO,BATCH-DEMO-002,18.131,3.679,1.722,502.31,45.27,32.269,1.203,30.615,1
2026-09-13T09:27:38+00:00,PRESS-RTP41-DEMO,BATCH-DEMO-002,17.534,3.411,1.006,501.252,44.389,32.487,1.061,31.077,1
2026-09-13T09:27:39+00:00,PRESS-RTP41-DEMO,BATCH-DEMO-002,17.947,3.459,1.433,497.757,44.773,32.111,1.318,31.366,1
2026-09-13T09:27:40+00:00,PRESS-RTP41-DEMO,BATCH-DEMO-002,18.19,3.453,1.523,499.855,44.836,31.616,1.053,31.322,1
2026-09-13T09:27:41+00:00,PRESS-RTP41-DEMO,BATCH-DEMO-002,18.215,3.412,1.32,502.289,45.5,31.753,1.195,31.113,1
2026-09-13T09:27:42+00:00,PRESS-RTP41-DEMO,BATCH-DEMO-002,18.293,3.555,1.58,499.699,44.938,31.555,1.03,30.826,1
2026-09-13T09:27:43+00:00,PRESS-RTP41-DEMO,BATCH-DEMO-002,17.836,3.397,1.59,498.15,44.996,32.587,1.211,31.137,1
2026-09-13T09:27:44+00:00,PRESS-RTP41-DEMO,BATCH-DEMO-002,18.154,3.353,1.589,500.594,45.177,31.48,1.077,31.337,1
2026-09-13T09:27:45+00:00,PRESS-RTP41-DEMO,BATCH-DEMO-002,18.122,3.486,1.649,497.304,45.551,32.351,1.166,30.546,1
2026-09-13T09:27:46+00:00,PRESS-RTP41-DEMO,BATCH-DEMO-002,18.405,3.328,1.418,502.125,45.032,32.064,1.114,31.205,1
2026-09-13T09:27:47+00:00,PRESS-RTP41-DEMO,BATCH-DEMO-002,17.624,3.579,1.374,498.317,44.777,32.395,1.197,31.039,1
2026-09-13T09:27:48+00:00,PRESS-RTP41-DEMO,BATCH-DEMO-002,18.106,3.577,1.835,498.644,45.402,31.532,0.992,30.816,1
2026-09-13T09:27:49+00:00,PRESS-RTP41-DEMO,BATCH-DEMO-002,17.538,3.377,1.338,495.434,44.88,32.283,1.224,30.993,1
2026-09-13T09:27:50+00:00,PRESS-RTP41-DEMO,BATCH-DEMO-002,18.869,3.596,1.62,503.971,44.858,32.197,1.159,30.742,1
2026-09-13T09:27:51+00:00,PRESS-RTP41-DEMO,BATCH-DEMO-002,18.298,3.621,1.286,501.427,44.473,31.441,1.313,31.079,1
2026-09-13T09:27:52+00:00,PRESS-RTP41-DEMO,BATCH-DEMO-002,17.758,3.604,1.14,499.571,45.052,31.8,1.351,31.196,1
2026-09-13T09:27:53+00:00,PRESS-RTP41-DEMO,BATCH-DEMO-002,17.667,3.536,1.82,499.329,44.969,32.438,1.247,31.219,1
2026-09-13T09:27:54+00:00,PRESS-RTP41-DEMO,BATCH-DEMO-002,17.771,3.494,1.359,497.88,45.4,31.776,1.36,30.918,1
2026-09-13T09:27:55+00:00,PRESS-RTP41-DEMO,BATCH-DEMO-002,17.618,3.742,1.393,501.549,45.084,31.853,0.978,30.658,1
2026-09-13T09:27:56+00:00,PRESS-RTP41-DEMO,BATCH-DEMO-002,17.833,3.379,1.445,500.867,44.719,31.533,1.207,30.836,1
2026-09-13T09:27:57+00:00,PRESS-RTP41-DEMO,BATCH-DEMO-002,16.961,3.609,1.196,502.933,45.091,31.821,1.341,30.979,1
2026-09-13T09:27:58+00:00,PRESS-RTP41-DEMO,BATCH-DEMO-002,18.293,3.546,1.064,503.932,44.654,32.107,1.178,30.984,1
2026-09-13T09:27:59+00:00,PRESS-RTP41-DEMO,BATCH-DEMO-002,18.136,3.473,1.259,502.02,45.204,32.227,1.179,30.977,1
2026-09-13T09:28:00+00:00,PRESS-RTP41-DEMO,BATCH-DEMO-002,17.756,3.728,1.289,497.373,44.801,32.091,1.134,30.825,1
2026-09-13T09:28:01+00:00,PRESS-RTP41-DEMO,BATCH-DEMO-002,17.504,3.602,1.208,497.871,44.718,31.374,1.148,30.725,1
2026-09-13T09:28:02+00:00,PRESS-RTP41-DEMO,BATCH-DEMO-002,17.793,3.531,1.167,499.547,44.606,32.405,1.169,30.791,1
2026-09-13T09:28:03+00:00,PRESS-RTP41-DEMO,BATCH-DEMO-002,17.6,3.507,1.715,500.297,45.076,32.048,1.176,31.132,1
2026-09-13T09:28:04+00:00,PRESS-RTP41-DEMO,BATCH-DEMO-002,18.08,3.394,1.499,496.314,45.173,31.903,1.309,30.943,1
2026-09-13T09:28:05+00:00,PRESS-RTP41-DEMO,BATCH-DEMO-002,18.095,3.597,1.239,499.55,44.974,32.183,1.221,31.254,1
2026-09-13T09:28:06+00:00,PRESS-RTP41-DEMO,BATCH-DEMO-002,17.429,3.368,1.432,496.581,45.059,32.074,1.324,31.074,1
2026-09-13T09:28:07+00:00,PRESS-RTP41-DEMO,BATCH-DEMO-002,17.329,3.646,1.079,502.525,44.711,31.856,1.199,30.92,1
2026-09-13T09:28:08+00:00,PRESS-RTP41-DEMO,BATCH-DEMO-002,17.936,3.525,1.162,498.328,44.954,32.325,1.133,31.209,1
2026-09-13T09:28:09+00:00,PRESS-RTP41-DEMO,BATCH-DEMO-002,18.045,3.439,1.363,502.005,44.665,32.067,1.09,30.669,1
2026-09-13T09:28:10+00:00,PRESS-RTP41-DEMO,BATCH-DEMO-002,18.363,3.538,1.442,498.208,44.802,31.486,1.148,31.173,1
2026-09-13T09:28:11+00:00,PRESS-RTP41-DEMO,BATCH-DEMO-002,17.69,3.563,1.426,501.204,44.741,31.873,1.248,31.041,1
2026-09-13T09:28:12+00:00,PRESS-RTP41-DEMO,BATCH-DEMO-002,18.011,3.41,1.595,501.109,44.791,32.319,1.348,31.1,1
2026-09-13T09:28:13+00:00,PRESS-RTP41-DEMO,BATCH-DEMO-002,18.117,3.745,1.716,502.516,44.889,31.673,1.564,31.089,1
2026-09-13T09:28:14+00:00,PRESS-RTP41-DEMO,BATCH-DEMO-002,18.072,3.46,1.671,498.565,45.108,31.783,1.231,30.915,1
2026-09-13T09:28:15+00:00,PRESS-RTP41-DEMO,BATCH-DEMO-002,17.925,3.601,1.43,499.437,44.412,31.989,1.058,30.891,1
2026-09-13T09:28:16+00:00,PRESS-RTP41-DEMO,BATCH-DEMO-002,18.15,3.476,1.995,496.876,45.398,31.958,1.117,31.058,1
2026-09-13T09:28:17+00:00,PRESS-RTP41-DEMO,BATCH-DEMO-002,17.632,3.647,1.834,499.658,45.652,32.089,1.134,30.8,1
2026-09-13T09:28:18+00:00,PRESS-RTP41-DEMO,BATCH-DEMO-002,18.002,3.34,1.384,502.838,45.188,31.713,1.151,31.055,1
2026-09-13T09:28:19+00:00,PRESS-RTP41-DEMO,BATCH-DEMO-002,18.669,3.501,1.321,500.322,44.535,31.463,1.132,30.602,1
2026-09-13T09:28:20+00:00,PRESS-RTP41-DEMO,BATCH-DEMO-002,18.53,3.501,1.312,497.207,45.226,32.019,1.237,31.188,1
2026-09-13T09:28:21+00:00,PRESS-RTP41-DEMO,BATCH-DEMO-002,18.05,3.535,1.59,503.164,45.227,32.234,1.055,31.242,1
2026-09-13T09:28:22+00:00,PRESS-RTP41-DEMO,BATCH-DEMO-002,17.774,3.61,0.882,503.064,45.255,31.75,1.178,31.187,1
2026-09-13T09:28:23+00:00,PRESS-RTP41-DEMO,BATCH-DEMO-002,17.419,3.442,1.199,503.216,45.663,31.15,1.251,31.098,1
2026-09-13T09:28:24+00:00,PRESS-RTP41-DEMO,BATCH-DEMO-002,18.163,3.515,1.459,502.515,44.816,31.921,1.312,31.141,1
2026-09-13T09:28:25+00:00,PRESS-RTP41-DEMO,BATCH-DEMO-002,17.544,3.362,1.607,500.728,45.574,32.267,1.3,31.043,1
2026-09-13T09:28:26+00:00,PRESS-RTP41-DEMO,BATCH-DEMO-002,17.917,3.564,1.34,497.584,45.14,31.622,1.171,30.863,1
2026-09-13T09:28:27+00:00,PRESS-RTP41-DEMO,BATCH-DEMO-002,18.347,3.569,1.525,500.651,45.684,31.675,1.192,31.365,1
2026-09-13T09:28:28+00:00,PRESS-RTP41-DEMO,BATCH-DEMO-002,17.64,3.555,1.49,501.317,44.676,32.56,1.246,30.927,1
2026-09-13T09:28:29+00:00,PRESS-RTP41-DEMO,BATCH-DEMO-002,18.104,3.483,1.178,501.552,45.182,31.897,1.141,30.849,1
2026-09-13T09:28:30+00:00,PRESS-RTP41-DEMO,BATCH-DEMO-002,18.241,3.513,1.577,497.662,45.26,31.906,1.187,30.716,1
2026-09-13T09:28:31+00:00,PRESS-RTP41-DEMO,BATCH-DEMO-002,18.846,3.516,1.387,504.835,45.188,31.734,1.314,30.976,1
2026-09-13T09:28:32+00:00,PRESS-RTP41-DEMO,BATCH-DEMO-002,17.935,3.477,1.231,501.308,44.464,31.923,1.251,31.109,1
2026-09-13T09:28:33+00:00,PRESS-RTP41-DEMO,BATCH-DEMO-002,18.11,3.503,1.297,499.552,45.275,32.047,1.192,31.407,1
2026-09-13T09:28:34+00:00,PRESS-RTP41-DEMO,BATCH-DEMO-002,17.885,3.451,1.165,498.434,45.319,31.602,1.308,31.118,1
2026-09-13T09:28:35+00:00,PRESS-RTP41-DEMO,BATCH-DEMO-002,18.046,3.61,1.658,498.813,45.012,32.533,1.041,31.161,1
2026-09-13T09:28:36+00:00,PRESS-RTP41-DEMO,BATCH-DEMO-002,18.243,3.79,1.067,500.763,45.021,32.209,1.142,30.994,1
2026-09-13T09:28:37+00:00,PRESS-RTP41-DEMO,BATCH-DEMO-002,17.768,3.54,0.957,497.784,45.262,31.998,1.229,30.689,1
2026-09-13T09:28:38+00:00,PRESS-RTP41-DEMO,BATCH-DEMO-002,17.65,3.568,1.95,499.039,45.364,31.792,1.152,30.682,1
2026-09-13T09:28:39+00:00,PRESS-RTP41-DEMO,BATCH-DEMO-002,17.932,3.573,1.562,503.217,45.153,31.613,1.185,30.857,1
2026-09-13T09:28:40+00:00,PRESS-RTP41-DEMO,BATCH-DEMO-002,17.587,3.433,1.485,500.956,45.22,32.307,1.232,31.271,1
2026-09-13T09:28:41+00:00,PRESS-RTP41-DEMO,BATCH-DEMO-002,18.437,3.498,1.698,499.028,45.434,31.957,1.272,30.81,1
2026-09-13T09:28:42+00:00,PRESS-RTP41-DEMO,BATCH-DEMO-002,18.147,3.443,1.556,500.999,44.607,31.934,1.463,31.037,1
2026-09-13T09:28:43+00:00,PRESS-RTP41-DEMO,BATCH-DEMO-002,17.8,3.583,1.298,501.164,44.799,31.642,0.94,30.921,1
2026-09-13T09:28:44+00:00,PRESS-RTP41-DEMO,BATCH-DEMO-002,18.368,3.502,1.628,500.369,44.771,32.461,1.11,30.909,1
2026-09-13T09:28:45+00:00,PRESS-RTP41-DEMO,BATCH-DEMO-002,17.461,3.653,1.455,498.909,45.099,31.743,1.201,30.864,1
2026-09-13T09:28:46+00:00,PRESS-RTP41-DEMO,BATCH-DEMO-002,17.794,3.473,0.99,501.241,45.443,32.05,1.382,30.883,1
2026-09-13T09:28:47+00:00,PRESS-RTP41-DEMO,BATCH-DEMO-002,17.864,3.543,1.146,502.276,44.925,31.25,1.358,30.77,1
2026-09-13T09:28:48+00:00,PRESS-RTP41-DEMO,BATCH-DEMO-002,17.664,3.42,1.437,502.631,44.578,31.592,1.031,31.259,1
2026-09-13T09:28:49+00:00,PRESS-RTP41-DEMO,BATCH-DEMO-002,18.569,3.508,1.484,496.185,45.067,31.9,0.983,31.042,1
2026-09-13T09:28:50+00:00,PRESS-RTP41-DEMO,BATCH-DEMO-002,17.914,3.466,1.372,495.55,44.919,31.766,1.297,30.74,1
2026-09-13T09:28:51+00:00,PRESS-RTP41-DEMO,BATCH-DEMO-002,18.411,3.619,1.722,501.159,44.993,32.108,1.059,30.863,1
2026-09-13T09:28:52+00:00,PRESS-RTP41-DEMO,BATCH-DEMO-002,18.33,3.41,1.156,499.61,45.605,32.107,1.193,31.042,1
2026-09-13T09:28:53+00:00,PRESS-RTP41-DEMO,BATCH-DEMO-002,17.282,3.463,1.568,500.447,45.51,31.943,1.182,30.978,1
2026-09-13T09:28:54+00:00,PRESS-RTP41-DEMO,BATCH-DEMO-002,18.156,3.553,1.068,501.751,44.736,31.813,1.181,31.273,1
2026-09-13T09:28:55+00:00,PRESS-RTP41-DEMO,BATCH-DEMO-002,17.512,3.541,1.709,499.392,45.308,31.998,1.11,30.906,1
2026-09-13T09:28:56+00:00,PRESS-RTP41-DEMO,BATCH-DEMO-002,17.983,3.522,1.332,500.738,45.093,32.078,1.014,30.936,1
2026-09-13T09:28:57+00:00,PRESS-RTP41-DEMO,BATCH-DEMO-002,18.312,3.422,1.265,500.298,45.078,32.151,1.22,30.957,1
2026-09-13T09:28:58+00:00,PRESS-RTP41-DEMO,BATCH-DEMO-002,18.196,3.506,1.038,500.172,44.732,31.779,1.267,31.318,1
2026-09-13T09:28:59+00:00,PRESS-RTP41-DEMO,BATCH-DEMO-002,18.443,3.61,0.963,503.591,44.867,32.341,1.075,30.978,1
2026-09-13T09:29:00+00:00,PRESS-RTP41-DEMO,BATCH-DEMO-002,17.469,3.522,1.289,501.309,45.232,32.591,1.169,31.193,1
2026-09-13T09:29:01+00:00,PRESS-RTP41-DEMO,BATCH-DEMO-002,18.704,3.671,1.176,498.323,44.871,32.068,1.219,31.387,1
2026-09-13T09:29:02+00:00,PRESS-RTP41-DEMO,BATCH-DEMO-002,17.949,3.482,1.238,503.226,44.741,31.46,1.344,31.089,1
2026-09-13T09:29:03+00:00,PRESS-RTP41-DEMO,BATCH-DEMO-002,18.18,3.537,1.167,495.624,45.474,32.13,1.152,30.927,1
2026-09-13T09:29:04+00:00,PRESS-RTP41-DEMO,BATCH-DEMO-002,17.944,3.547,1.289,496.857,44.708,31.842,1.294,31.142,1
2026-09-13T09:29:05+00:00,PRESS-RTP41-DEMO,BATCH-DEMO-002,17.841,3.522,1.627,497.198,45.535,31.283,1.168,30.918,1
2026-09-13T09:29:06+00:00,PRESS-RTP41-DEMO,BATCH-DEMO-002,18.303,3.693,1.407,499.424,44.718,31.817,1.237,31.059,1
2026-09-13T09:29:07+00:00,PRESS-RTP41-DEMO,BATCH-DEMO-002,18.461,3.363,1.009,499.108,44.857,32.256,1.295,31.1,1
2026-09-13T09:29:08+00:00,PRESS-RTP41-DEMO,BATCH-DEMO-002,17.854,3.669,1.122,503.969,45.681,31.935,1.194,31.025,1
2026-09-13T09:29:09+00:00,PRESS-RTP41-DEMO,BATCH-DEMO-002,17.673,3.463,1.421,499.51,44.786,31.394,1.338,31.084,1
2026-09-13T09:29:10+00:00,PRESS-RTP41-DEMO,BATCH-DEMO-002,17.511,3.742,1.441,499.767,44.938,32.726,1.123,31.034,1
2026-09-13T09:29:11+00:00,PRESS-RTP41-DEMO,BATCH-DEMO-002,18.286,3.597,1.311,501.366,44.647,31.886,1.195,31.533,1
2026-09-13T09:29:12+00:00,PRESS-RTP41-DEMO,BATCH-DEMO-002,17.795,3.455,1.205,500.215,45.018,32.304,1.177,31.136,1
2026-09-13T09:29:13+00:00,PRESS-RTP41-DEMO,BATCH-DEMO-002,17.252,3.376,1.834,498.77,44.836,31.472,1.152,31.231,1
2026-09-13T09:29:14+00:00,PRESS-RTP41-DEMO,BATCH-DEMO-002,18.534,3.406,1.255,500.745,45.12,31.804,1.084,30.908,1
2026-09-13T09:29:15+00:00,PRESS-RTP41-DEMO,BATCH-DEMO-002,17.776,3.45,1.726,495.601,45.151,32.409,1.052,30.835,1
2026-09-13T09:29:16+00:00,PRESS-RTP41-DEMO,BATCH-DEMO-002,17.965,3.403,1.342,502.52,44.425,31.865,1.234,30.904,1
2026-09-13T09:29:17+00:00,PRESS-RTP41-DEMO,BATCH-DEMO-002,17.786,3.63,1.225,500.725,45.141,32.044,1.152,31.057,1
2026-09-13T09:29:18+00:00,PRESS-RTP41-DEMO,BATCH-DEMO-002,18.426,3.528,1.144,498.238,44.951,32.124,1.232,31.108,1
2026-09-13T09:29:19+00:00,PRESS-RTP41-DEMO,BATCH-DEMO-002,17.901,3.464,1.091,497.296,45.046,32.011,1.125,30.799,1
2026-09-13T09:29:20+00:00,PRESS-RTP41-DEMO,BATCH-DEMO-002,17.898,3.441,1.145,499.761,44.721,32.384,1.113,30.724,1
2026-09-13T09:29:21+00:00,PRESS-RTP41-DEMO,BATCH-DEMO-002,18.97,3.333,1.339,499.682,45.439,32.219,1.29,30.968,1
2026-09-13T09:29:22+00:00,PRESS-RTP41-DEMO,BATCH-DEMO-002,18.127,3.523,1.565,504.238,44.889,31.633,1.154,31.017,1
2026-09-13T09:29:23+00:00,PRESS-RTP41-DEMO,BATCH-DEMO-002,18.428,3.426,1.357,497.786,45.196,32.168,1.254,30.902,1
2026-09-13T09:29:24+00:00,PRESS-RTP41-DEMO,BATCH-DEMO-002,18.0,3.518,1.255,496.124,44.768,31.856,1.428,30.95,1
2026-09-13T09:29:25+00:00,PRESS-RTP41-DEMO,BATCH-DEMO-002,18.17,3.38,1.419,503.221,44.992,31.973,1.171,31.29,1
2026-09-13T09:29:26+00:00,PRESS-RTP41-DEMO,BATCH-DEMO-002,17.413,3.398,1.446,498.149,45.255,31.973,1.228,30.866,1
2026-09-13T09:29:27+00:00,PRESS-RTP41-DEMO,BATCH-DEMO-002,18.07,3.435,1.171,495.884,44.912,32.151,1.227,30.922,1
2026-09-13T09:29:28+00:00,PRESS-RTP41-DEMO,BATCH-DEMO-002,16.937,3.511,1.434,502.105,45.117,32.06,1.228,30.899,1
2026-09-13T09:29:29+00:00,PRESS-RTP41-DEMO,BATCH-DEMO-002,18.635,3.591,1.446,495.013,45.192,31.856,1.242,31.112,1
2026-09-13T09:29:30+00:00,PRESS-RTP41-DEMO,BATCH-DEMO-002,17.708,3.459,1.505,499.297,45.544,31.59,1.297,31.084,1
2026-09-13T09:29:31+00:00,PRESS-RTP41-DEMO,BATCH-DEMO-002,17.805,3.567,1.362,496.61,44.431,32.247,1.253,31.057,1
2026-09-13T09:29:32+00:00,PRESS-RTP41-DEMO,BATCH-DEMO-002,18.215,3.358,1.439,497.952,45.287,32.133,1.222,30.94,1
2026-09-13T09:29:33+00:00,PRESS-RTP41-DEMO,BATCH-DEMO-002,18.04,3.494,1.577,498.561,44.689,32.323,1.149,31.043,1
2026-09-13T09:29:34+00:00,PRESS-RTP41-DEMO,BATCH-DEMO-002,17.72,3.638,1.256,499.955,44.877,32.187,1.277,31.035,1
2026-09-13T09:29:35+00:00,PRESS-RTP41-DEMO,BATCH-DEMO-002,17.937,3.551,1.665,495.163,44.707,32.055,1.14,31.192,1
2026-09-13T09:29:36+00:00,PRESS-RTP41-DEMO,BATCH-DEMO-002,17.956,3.307,1.598,498.316,44.652,32.447,1.363,31.197,1
2026-09-13T09:29:37+00:00,PRESS-RTP41-DEMO,BATCH-DEMO-002,18.076,3.456,1.37,499.802,45.149,32.215,1.279,31.065,1
2026-09-13T09:29:38+00:00,PRESS-RTP41-DEMO,BATCH-DEMO-002,18.117,3.584,1.843,499.373,44.874,32.228,1.137,31.282,1
2026-09-13T09:29:39+00:00,PRESS-RTP41-DEMO,BATCH-DEMO-002,18.127,3.589,1.135,506.271,45.322,31.719,1.369,31.051,1
2026-09-13T09:29:40+00:00,PRESS-RTP41-DEMO,BATCH-DEMO-002,18.248,3.558,1.284,498.486,45.29,32.285,1.105,31.033,1
2026-09-13T09:29:41+00:00,PRESS-RTP41-DEMO,BATCH-DEMO-002,18.36,3.455,1.494,504.378,44.648,32.103,1.175,31.025,1
2026-09-13T09:29:42+00:00,PRESS-RTP41-DEMO,BATCH-DEMO-002,18.511,3.361,1.348,499.442,44.73,32.323,1.08,31.018,1
2026-09-13T09:29:43+00:00,PRESS-RTP41-DEMO,BATCH-DEMO-002,18.002,3.388,1.658,502.827,45.175,31.875,1.24,30.923,1
2026-09-13T09:29:44+00:00,PRESS-RTP41-DEMO,BATCH-DEMO-002,18.079,3.646,0.868,503.069,44.597,32.226,1.111,31.059,1
2026-09-13T09:29:45+00:00,PRESS-RTP41-DEMO,BATCH-DEMO-002,17.569,3.356,1.397,500.948,44.611,32.274,1.324,31.155,1
2026-09-13T09:29:46+00:00,PRESS-RTP41-DEMO,BATCH-DEMO-002,18.091,3.524,1.568,500.828,45.171,31.852,1.198,31.095,1
2026-09-13T09:29:47+00:00,PRESS-RTP41-DEMO,BATCH-DEMO-002,18.339,3.533,0.762,498.83,45.014,31.834,1.19,31.098,1
2026-09-13T09:29:48+00:00,PRESS-RTP41-DEMO,BATCH-DEMO-002,18.459,3.487,1.695,499.646,45.276,31.68,1.05,30.899,1
2026-09-13T09:29:49+00:00,PRESS-RTP41-DEMO,BATCH-DEMO-002,17.679,3.481,1.417,500.246,44.98,31.871,1.19,31.117,1
2026-09-13T09:29:50+00:00,PRESS-RTP41-DEMO,BATCH-DEMO-002,17.903,3.624,1.134,499.959,45.415,31.732,1.108,30.894,1
2026-09-13T09:29:51+00:00,PRESS-RTP41-DEMO,BATCH-DEMO-002,17.803,3.468,1.277,503.251,45.336,31.841,1.079,30.885,1
2026-09-13T09:29:52+00:00,PRESS-RTP41-DEMO,BATCH-DEMO-002,18.057,3.6,1.347,500.564,45.599,32.361,1.143,31.131,1
2026-09-13T09:29:53+00:00,PRESS-RTP41-DEMO,BATCH-DEMO-002,17.769,3.436,1.391,502.758,44.963,31.838,1.059,30.838,1
2026-09-13T09:29:54+00:00,PRESS-RTP41-DEMO,BATCH-DEMO-002,18.474,3.504,1.014,502.22,44.913,32.057,1.413,31.073,1
2026-09-13T09:29:55+00:00,PRESS-RTP41-DEMO,BATCH-DEMO-002,17.512,3.515,1.389,499.388,45.171,31.879,1.292,31.043,1
2026-09-13T09:29:56+00:00,PRESS-RTP41-DEMO,BATCH-DEMO-002,18.42,3.488,1.372,500.83,45.157,32.127,1.256,30.838,1
2026-09-13T09:29:57+00:00,PRESS-RTP41-DEMO,BATCH-DEMO-002,18.098,3.412,1.581,499.935,44.71,31.921,1.129,30.961,1
2026-09-13T09:29:58+00:00,PRESS-RTP41-DEMO,BATCH-DEMO-002,18.211,3.593,1.717,505.623,45.063,31.432,1.07,30.993,1
2026-09-13T09:29:59+00:00,PRESS-RTP41-DEMO,BATCH-DEMO-002,18.472,3.601,1.839,500.939,44.499,31.843,1.237,30.89,1
2026-09-13T09:30:00+00:00,PRESS-RTP41-DEMO,BATCH-DEMO-002,17.931,3.327,0.648,500.295,44.74,32.29,1.306,30.833,0
2026-09-13T09:30:01+00:00,PRESS-RTP41-DEMO,BATCH-DEMO-002,17.779,3.416,0.647,501.442,45.62,32.893,1.385,30.97,0
2026-09-13T09:30:02+00:00,PRESS-RTP41-DEMO,BATCH-DEMO-002,17.979,3.698,0.684,499.116,44.949,32.383,1.292,31.177,0
2026-09-13T09:30:03+00:00,PRESS-RTP41-DEMO,BATCH-DEMO-002,18.637,3.568,0.658,504.063,45.218,31.622,1.212,31.221,0
2026-09-13T09:30:04+00:00,PRESS-RTP41-DEMO,BATCH-DEMO-002,17.943,3.4,0.71,500.245,44.985,32.034,1.261,31.031,0
2026-09-13T09:30:05+00:00,PRESS-RTP41-DEMO,BATCH-DEMO-002,17.408,3.437,0.684,504.264,44.98,32.128,1.229,30.899,0
2026-09-13T09:30:06+00:00,PRESS-RTP41-DEMO,BATCH-DEMO-002,18.515,3.395,0.728,500.474,45.001,32.014,1.066,31.014,0
2026-09-13T09:30:07+00:00,PRESS-RTP41-DEMO,BATCH-DEMO-002,18.745,3.615,0.65,501.737,44.817,31.829,1.191,30.963,0
2026-09-13T09:30:08+00:00,PRESS-RTP41-DEMO,BATCH-DEMO-002,17.998,3.453,0.721,498.398,44.706,31.695,1.027,31.474,0
2026-09-13T09:30:09+00:00,PRESS-RTP41-DEMO,BATCH-DEMO-002,18.731,3.53,0.586,496.96,44.598,32.432,1.305,31.044,0
2026-09-13T09:30:10+00:00,PRESS-RTP41-DEMO,BATCH-DEMO-002,17.659,3.497,0.705,499.052,44.64,31.605,1.244,31.282,0
2026-09-13T09:30:11+00:00,PRESS-RTP41-DEMO,BATCH-DEMO-002,18.022,3.29,0.687,500.958,44.716,32.133,1.284,30.834,0
2026-09-13T09:30:12+00:00,PRESS-RTP41-DEMO,BATCH-DEMO-002,18.286,3.598,0.663,501.079,45.222,31.816,1.112,30.986,0
2026-09-13T09:30:13+00:00,PRESS-RTP41-DEMO,BATCH-DEMO-002,18.334,3.488,0.624,501.328,44.854,32.419,1.165,30.926,0
2026-09-13T09:30:14+00:00,PRESS-RTP41-DEMO,BATCH-DEMO-002,17.604,3.517,0.681,497.105,45.077,32.314,1.091,30.986,0
2026-09-13T09:30:15+00:00,PRESS-RTP41-DEMO,BATCH-DEMO-002,17.556,3.32,0.659,502.985,45.156,31.763,1.357,31.169,0
2026-09-13T09:30:16+00:00,PRESS-RTP41-DEMO,BATCH-DEMO-002,18.259,3.414,0.656,499.843,45.075,32.254,1.173,31.077,0
2026-09-13T09:30:17+00:00,PRESS-RTP41-DEMO,BATCH-DEMO-002,17.781,3.469,0.598,500.712,45.426,31.796,1.142,30.771,0
2026-09-13T09:30:18+00:00,PRESS-RTP41-DEMO,BATCH-DEMO-002,18.054,3.633,0.623,501.422,45.167,31.987,1.279,31.086,0
2026-09-13T09:30:19+00:00,PRESS-RTP41-DEMO,BATCH-DEMO-002,18.247,3.417,0.624,501.881,45.284,32.057,1.294,31.169,0
2026-09-13T09:30:20+00:00,PRESS-RTP41-DEMO,BATCH-DEMO-002,18.642,3.61,0.642,498.944,45.541,31.56,1.193,30.579,0
2026-09-13T09:30:21+00:00,PRESS-RTP41-DEMO,BATCH-DEMO-002,17.46,3.341,0.708,499.838,44.747,32.024,1.17,30.878,0
2026-09-13T09:30:22+00:00,PRESS-RTP41-DEMO,BATCH-DEMO-002,18.237,3.446,0.588,500.814,44.982,32.451,1.214,31.29,0
2026-09-13T09:30:23+00:00,PRESS-RTP41-DEMO,BATCH-DEMO-002,17.304,3.489,0.702,501.692,45.289,32.237,1.4,31.041,0
2026-09-13T09:30:24+00:00,PRESS-RTP41-DEMO,BATCH-DEMO-002,17.659,3.525,0.51,495.394,45.071,31.765,1.272,30.859,0
2026-09-13T09:30:25+00:00,PRESS-RTP41-DEMO,BATCH-DEMO-002,17.202,3.527,0.677,500.705,44.856,31.604,1.177,30.855,0
2026-09-13T09:30:26+00:00,PRESS-RTP41-DEMO,BATCH-DEMO-002,17.576,3.544,0.641,503.918,44.966,31.96,1.2,30.933,0
2026-09-13T09:30:27+00:00,PRESS-RTP41-DEMO,BATCH-DEMO-002,17.942,3.469,0.653,500.926,45.044,32.173,1.148,30.976,0
2026-09-13T09:30:28+00:00,PRESS-RTP41-DEMO,BATCH-DEMO-002,18.001,3.674,0.665,499.323,44.548,32.094,1.147,31.142,0
2026-09-13T09:30:29+00:00,PRESS-RTP41-DEMO,BATCH-DEMO-002,17.816,3.335,0.59,499.973,45.171,31.796,1.062,31.161,0
2026-09-13T09:30:30+00:00,PRESS-RTP41-DEMO,BATCH-DEMO-002,17.412,3.481,0.664,500.199,44.905,31.547,1.313,30.86,0
2026-09-13T09:30:31+00:00,PRESS-RTP41-DEMO,BATCH-DEMO-002,18.245,3.471,0.608,494.022,44.845,32.179,1.221,30.999,0
2026-09-13T09:30:32+00:00,PRESS-RTP41-DEMO,BATCH-DEMO-002,17.976,3.394,0.698,500.948,44.481,31.925,1.305,31.152,0
2026-09-13T09:30:33+00:00,PRESS-RTP41-DEMO,BATCH-DEMO-002,18.247,3.526,0.598,500.454,44.972,32.09,1.239,30.798,0
2026-09-13T09:30:34+00:00,PRESS-RTP41-DEMO,BATCH-DEMO-002,17.525,3.646,0.662,498.764,45.025,31.928,1.098,30.956,0
2026-09-13T09:30:35+00:00,PRESS-RTP41-DEMO,BATCH-DEMO-002,17.364,3.506,0.665,502.473,45.158,32.072,1.266,30.879,0
2026-09-13T09:30:36+00:00,PRESS-RTP41-DEMO,BATCH-DEMO-002,18.226,3.484,0.631,500.675,45.441,32.361,1.337,31.411,0
2026-09-13T09:30:37+00:00,PRESS-RTP41-DEMO,BATCH-DEMO-002,17.29,3.543,0.646,503.235,44.627,31.15,1.17,30.679,0
2026-09-13T09:30:38+00:00,PRESS-RTP41-DEMO,BATCH-DEMO-002,18.9,3.559,0.676,504.13,44.57,31.215,1.194,30.781,0
2026-09-13T09:30:39+00:00,PRESS-RTP41-DEMO,BATCH-DEMO-002,17.758,3.483,0.631,497.65,44.758,32.033,1.196,31.335,0
2026-09-13T09:30:40+00:00,PRESS-RTP41-DEMO,BATCH-DEMO-002,17.454,3.643,0.575,501.491,45.213,32.254,1.309,30.842,0
2026-09-13T09:30:41+00:00,PRESS-RTP41-DEMO,BATCH-DEMO-002,18.036,3.577,0.615,499.979,44.897,31.701,1.232,31.288,0
2026-09-13T09:30:42+00:00,PRESS-RTP41-DEMO,BATCH-DEMO-002,18.77,3.521,0.585,499.711,45.598,32.314,1.425,30.661,0
2026-09-13T09:30:43+00:00,PRESS-RTP41-DEMO,BATCH-DEMO-002,17.4,3.498,0.601,500.17,45.052,32.002,1.312,30.406,0
2026-09-13T09:30:44+00:00,PRESS-RTP41-DEMO,BATCH-DEMO-002,17.768,3.57,0.703,500.634,44.846,32.021,1.381,31.045,0
2026-09-13T09:30:45+00:00,PRESS-RTP41-DEMO,BATCH-DEMO-002,17.421,3.42,0.697,495.618,44.685,32.216,1.044,31.155,0
2026-09-13T09:30:46+00:00,PRESS-RTP41-DEMO,BATCH-DEMO-002,18.403,3.549,0.623,498.869,44.898,31.795,1.232,31.297,0
2026-09-13T09:30:47+00:00,PRESS-RTP41-DEMO,BATCH-DEMO-002,17.896,3.368,0.6,498.859,45.569,32.021,1.091,31.23,0
2026-09-13T09:30:48+00:00,PRESS-RTP41-DEMO,BATCH-DEMO-002,17.858,3.341,0.588,502.704,45.342,31.697,1.278,30.933,0
2026-09-13T09:30:49+00:00,PRESS-RTP41-DEMO,BATCH-DEMO-002,18.334,3.548,0.676,496.804,44.971,31.983,1.24,30.986,0
2026-09-13T09:30:50+00:00,PRESS-RTP41-DEMO,BATCH-DEMO-002,17.993,3.483,0.654,498.232,44.507,32.202,1.158,31.383,0
2026-09-13T09:30:51+00:00,PRESS-RTP41-DEMO,BATCH-DEMO-002,18.149,3.536,0.639,495.785,44.629,31.254,1.042,30.671,0
2026-09-13T09:30:52+00:00,PRESS-RTP41-DEMO,BATCH-DEMO-002,18.698,3.505,0.597,498.269,45.376,31.807,1.271,30.75,0
2026-09-13T09:30:53+00:00,PRESS-RTP41-DEMO,BATCH-DEMO-002,18.052,3.617,0.688,499.364,45.175,32.233,1.282,30.67,0
2026-09-13T09:30:54+00:00,PRESS-RTP41-DEMO,BATCH-DEMO-002,18.316,3.597,0.687,500.624,45.696,32.157,0.951,30.841,0
2026-09-13T09:30:55+00:00,PRESS-RTP41-DEMO,BATCH-DEMO-002,17.915,3.452,0.662,498.55,45.273,32.188,0.982,31.031,0
2026-09-13T09:30:56+00:00,PRESS-RTP41-DEMO,BATCH-DEMO-002,18.3,3.392,0.588,500.637,45.358,31.601,1.24,30.795,0
2026-09-13T09:30:57+00:00,PRESS-RTP41-DEMO,BATCH-DEMO-002,18.253,3.327,0.688,500.921,44.943,31.666,1.096,30.828,0
2026-09-13T09:30:58+00:00,PRESS-RTP41-DEMO,BATCH-DEMO-002,17.925,3.484,0.67,497.401,44.642,32.353,1.265,31.192,0
2026-09-13T09:30:59+00:00,PRESS-RTP41-DEMO,BATCH-DEMO-002,18.087,3.442,0.566,500.039,44.822,32.297,1.155,30.897,0
2026-09-13T09:31:00+00:00,PRESS-RTP41-DEMO,BATCH-DEMO-002,17.892,3.37,0.592,503.265,44.53,32.198,1.149,30.884,0
2026-09-13T09:31:01+00:00,PRESS-RTP41-DEMO,BATCH-DEMO-002,18.043,3.589,0.651,500.965,44.91,31.543,1.272,30.935,0
2026-09-13T09:31:02+00:00,PRESS-RTP41-DEMO,BATCH-DEMO-002,18.417,3.565,0.67,498.496,45.529,32.116,1.246,31.226,0
2026-09-13T09:31:03+00:00,PRESS-RTP41-DEMO,BATCH-DEMO-002,18.805,3.664,0.646,496.454,44.783,32.187,1.192,30.849,0
2026-09-13T09:31:04+00:00,PRESS-RTP41-DEMO,BATCH-DEMO-002,18.54,3.561,0.604,503.534,44.658,31.333,1.206,31.025,0
2026-09-13T09:31:05+00:00,PRESS-RTP41-DEMO,BATCH-DEMO-002,17.809,3.454,0.692,499.569,45.017,31.653,1.436,30.955,0
2026-09-13T09:31:06+00:00,PRESS-RTP41-DEMO,BATCH-DEMO-002,17.591,3.43,0.591,498.264,45.152,32.545,1.11,30.925,0
2026-09-13T09:31:07+00:00,PRESS-RTP41-DEMO,BATCH-DEMO-002,17.719,3.368,0.643,499.18,44.643,31.839,1.212,30.954,0
2026-09-13T09:31:08+00:00,PRESS-RTP41-DEMO,BATCH-DEMO-002,18.448,3.359,0.631,502.244,44.99,31.75,1.235,31.205,0
2026-09-13T09:31:09+00:00,PRESS-RTP41-DEMO,BATCH-DEMO-002,17.88,3.407,0.752,499.231,45.044,31.26,1.174,31.046,0
2026-09-13T09:31:10+00:00,PRESS-RTP41-DEMO,BATCH-DEMO-002,17.452,3.41,0.665,500.509,45.318,32.101,1.406,31.173,0
2026-09-13T09:31:11+00:00,PRESS-RTP41-DEMO,BATCH-DEMO-002,17.981,3.588,0.718,498.32,44.878,32.205,1.12,31.011,0
2026-09-13T09:31:12+00:00,PRESS-RTP41-DEMO,BATCH-DEMO-002,18.837,3.486,0.649,495.761,45.162,31.811,1.22,31.133,0
2026-09-13T09:31:13+00:00,PRESS-RTP41-DEMO,BATCH-DEMO-002,18.327,3.451,0.568,499.068,44.471,32.202,1.039,30.899,0
2026-09-13T09:31:14+00:00,PRESS-RTP41-DEMO,BATCH-DEMO-002,17.777,3.503,0.548,495.111,44.965,31.732,1.318,31.007,0
2026-09-13T09:31:15+00:00,PRESS-RTP41-DEMO,BATCH-DEMO-002,18.185,3.557,0.727,497.29,45.015,31.866,1.104,31.055,0
2026-09-13T09:31:16+00:00,PRESS-RTP41-DEMO,BATCH-DEMO-002,18.62,3.479,0.604,502.08,45.354,31.769,1.275,30.802,0
2026-09-13T09:31:17+00:00,PRESS-RTP41-DEMO,BATCH-DEMO-002,18.181,3.557,0.675,502.819,45.181,31.412,1.205,30.99,0
2026-09-13T09:31:18+00:00,PRESS-RTP41-DEMO,BATCH-DEMO-002,17.451,3.407,0.664,500.445,45.282,31.737,1.211,31.004,0
2026-09-13T09:31:19+00:00,PRESS-RTP41-DEMO,BATCH-DEMO-002,18.257,3.488,0.576,497.116,45.133,31.878,1.34,31.02,0
2026-09-13T09:31:20+00:00,PRESS-RTP41-DEMO,BATCH-DEMO-002,18.09,3.648,0.634,501.001,45.162,31.964,1.052,31.286,0
2026-09-13T09:31:21+00:00,PRESS-RTP41-DEMO,BATCH-DEMO-002,18.363,3.429,0.608,494.606,44.542,32.117,1.066,30.868,0
2026-09-13T09:31:22+00:00,PRESS-RTP41-DEMO,BATCH-DEMO-002,17.382,3.411,0.655,498.737,44.647,32.294,1.181,30.837,0
2026-09-13T09:31:23+00:00,PRESS-RTP41-DEMO,BATCH-DEMO-002,17.723,3.411,0.736,506.136,44.626,32.36,1.29,31.083,0
2026-09-13T09:31:24+00:00,PRESS-RTP41-DEMO,BATCH-DEMO-002,18.577,3.365,0.702,502.21,44.806,32.396,1.212,30.577,0
2026-09-13T09:31:25+00:00,PRESS-RTP41-DEMO,BATCH-DEMO-002,18.027,3.624,0.681,499.056,44.616,31.791,1.157,31.215,0
2026-09-13T09:31:26+00:00,PRESS-RTP41-DEMO,BATCH-DEMO-002,18.263,3.349,0.666,501.058,44.989,32.588,1.106,30.948,0
2026-09-13T09:31:27+00:00,PRESS-RTP41-DEMO,BATCH-DEMO-002,18.182,3.461,0.513,500.121,45.203,32.303,1.234,31.425,0
2026-09-13T09:31:28+00:00,PRESS-RTP41-DEMO,BATCH-DEMO-002,17.856,3.362,0.654,500.464,45.197,31.822,1.091,31.44,0
2026-09-13T09:31:29+00:00,PRESS-RTP41-DEMO,BATCH-DEMO-002,18.456,3.632,0.722,500.979,44.938,31.865,1.426,30.546,0
2026-09-13T09:31:30+00:00,PRESS-RTP41-DEMO,BATCH-DEMO-002,17.888,3.436,0.638,498.5,45.039,32.116,1.001,30.793,0
2026-09-13T09:31:31+00:00,PRESS-RTP41-DEMO,BATCH-DEMO-002,18.33,3.349,0.631,500.241,44.543,31.709,1.207,30.981,0
2026-09-13T09:31:32+00:00,PRESS-RTP41-DEMO,BATCH-DEMO-002,17.471,3.536,0.535,496.522,44.805,31.85,1.291,30.765,0
2026-09-13T09:31:33+00:00,PRESS-RTP41-DEMO,BATCH-DEMO-002,18.154,3.5,0.655,501.465,45.652,32.162,1.247,30.907,0
2026-09-13T09:31:34+00:00,PRESS-RTP41-DEMO,BATCH-DEMO-002,17.91,3.33,0.785,500.547,45.14,32.321,1.388,31.037,0
2026-09-13T09:31:35+00:00,PRESS-RTP41-DEMO,BATCH-DEMO-002,17.419,3.587,0.657,502.575,45.015,32.28,1.184,30.851,0
2026-09-13T09:31:36+00:00,PRESS-RTP41-DEMO,BATCH-DEMO-002,17.844,3.549,0.615,497.776,44.792,31.999,1.088,31.061,0
2026-09-13T09:31:37+00:00,PRESS-RTP41-DEMO,BATCH-DEMO-002,18.06,3.42,0.525,497.374,45.556,32.619,1.235,30.902,0
2026-09-13T09:31:38+00:00,PRESS-RTP41-DEMO,BATCH-DEMO-002,18.289,3.472,0.709,500.818,45.224,32.11,1.053,31.011,0
2026-09-13T09:31:39+00:00,PRESS-RTP41-DEMO,BATCH-DEMO-002,17.68,3.523,0.741,496.897,44.823,32.419,1.098,31.237,0
2026-09-13T09:31:40+00:00,PRESS-RTP41-DEMO,BATCH-DEMO-002,18.172,3.426,0.634,502.061,45.134,32.266,1.226,31.062,0
2026-09-13T09:31:41+00:00,PRESS-RTP41-DEMO,BATCH-DEMO-002,17.829,3.329,0.579,504.099,44.606,31.737,1.144,31.007,0
2026-09-13T09:31:42+00:00,PRESS-RTP41-DEMO,BATCH-DEMO-002,17.729,3.483,0.657,500.964,45.084,32.022,1.238,30.817,0
2026-09-13T09:31:43+00:00,PRESS-RTP41-DEMO,BATCH-DEMO-002,18.232,3.351,0.742,499.658,44.893,31.504,1.051,30.658,0
2026-09-13T09:31:44+00:00,PRESS-RTP41-DEMO,BATCH-DEMO-002,17.99,3.66,0.667,503.353,44.71,31.803,1.207,31.113,0
2026-09-13T09:31:45+00:00,PRESS-RTP41-DEMO,BATCH-DEMO-002,18.253,3.412,0.751,493.92,44.695,32.027,1.172,31.056,0
2026-09-13T09:31:46+00:00,PRESS-RTP41-DEMO,BATCH-DEMO-002,17.878,3.527,0.69,501.347,45.433,32.137,1.044,31.002,0
2026-09-13T09:31:47+00:00,PRESS-RTP41-DEMO,BATCH-DEMO-002,18.791,3.502,0.642,498.824,45.091,32.127,1.297,30.923,0
2026-09-13T09:31:48+00:00,PRESS-RTP41-DEMO,BATCH-DEMO-002,18.395,3.642,0.666,501.243,44.656,31.047,1.07,30.983,0
2026-09-13T09:31:49+00:00,PRESS-RTP41-DEMO,BATCH-DEMO-002,18.414,3.525,0.651,497.332,45.02,31.804,1.077,31.337,0
2026-09-13T09:31:50+00:00,PRESS-RTP41-DEMO,BATCH-DEMO-002,18.119,3.623,0.638,501.705,45.059,31.863,1.203,30.916,0
2026-09-13T09:31:51+00:00,PRESS-RTP41-DEMO,BATCH-DEMO-002,17.969,3.644,0.634,501.298,44.712,32.185,1.262,30.99,0
2026-09-13T09:31:52+00:00,PRESS-RTP41-DEMO,BATCH-DEMO-002,17.737,3.326,0.63,503.582,45.12,32.125,1.298,30.754,0
2026-09-13T09:31:53+00:00,PRESS-RTP41-DEMO,BATCH-DEMO-002,18.292,3.44,0.665,499.583,44.755,31.475,1.123,31.231,0
2026-09-13T09:31:54+00:00,PRESS-RTP41-DEMO,BATCH-DEMO-002,17.545,3.558,0.646,496.795,45.008,31.91,1.361,30.999,0
2026-09-13T09:31:55+00:00,PRESS-RTP41-DEMO,BATCH-DEMO-002,17.546,3.511,0.573,502.457,44.762,31.894,1.318,30.696,0
2026-09-13T09:31:56+00:00,PRESS-RTP41-DEMO,BATCH-DEMO-002,17.726,3.532,0.714,501.769,45.604,31.971,1.091,30.89,0
2026-09-13T09:31:57+00:00,PRESS-RTP41-DEMO,BATCH-DEMO-002,18.523,3.556,0.628,498.45,45.269,32.647,1.074,31.126,0
2026-09-13T09:31:58+00:00,PRESS-RTP41-DEMO,BATCH-DEMO-002,17.208,3.666,0.584,504.356,44.798,32.356,1.163,30.866,0
2026-09-13T09:31:59+00:00,PRESS-RTP41-DEMO,BATCH-DEMO-002,18.298,3.393,0.637,502.182,45.123,31.914,1.223,30.744,0
2026-09-13T09:32:00+00:00,PRESS-RTP41-DEMO,BATCH-DEMO-002,18.248,3.408,0.685,498.387,44.364,31.937,1.208,30.977,0
2026-09-13T09:32:01+00:00,PRESS-RTP41-DEMO,BATCH-DEMO-002,18.508,3.502,0.707,503.888,44.758,31.671,1.248,30.9,0
2026-09-13T09:32:02+00:00,PRESS-RTP41-DEMO,BATCH-DEMO-002,17.807,3.574,0.638,496.977,45.632,31.552,1.337,30.892,0
2026-09-13T09:32:03+00:00,PRESS-RTP41-DEMO,BATCH-DEMO-002,17.885,3.246,0.669,498.291,45.531,32.268,1.252,31.193,0
2026-09-13T09:32:04+00:00,PRESS-RTP41-DEMO,BATCH-DEMO-002,17.894,3.496,0.673,493.788,44.702,31.78,1.151,31.276,0
2026-09-13T09:32:05+00:00,PRESS-RTP41-DEMO,BATCH-DEMO-002,18.114,3.497,0.613,500.544,45.211,31.924,1.159,31.237,0
2026-09-13T09:32:06+00:00,PRESS-RTP41-DEMO,BATCH-DEMO-002,17.693,3.485,0.613,497.604,44.386,32.234,1.15,30.944,0
2026-09-13T09:32:07+00:00,PRESS-RTP41-DEMO,BATCH-DEMO-002,18.035,3.607,0.646,502.18,45.226,31.84,1.052,30.63,0
2026-09-13T09:32:08+00:00,PRESS-RTP41-DEMO,BATCH-DEMO-002,17.94,3.374,0.754,497.577,45.375,31.808,1.224,30.826,0
2026-09-13T09:32:09+00:00,PRESS-RTP41-DEMO,BATCH-DEMO-002,17.856,3.532,0.663,498.709,45.193,31.991,1.252,31.06,0
2026-09-13T09:32:10+00:00,PRESS-RTP41-DEMO,BATCH-DEMO-002,17.812,3.46,0.655,497.674,44.726,31.661,1.365,30.717,0
2026-09-13T09:32:11+00:00,PRESS-RTP41-DEMO,BATCH-DEMO-002,18.067,3.528,0.686,499.139,44.86,31.715,1.042,30.567,0
2026-09-13T09:32:12+00:00,PRESS-RTP41-DEMO,BATCH-DEMO-002,17.941,3.402,0.701,500.374,45.322,31.256,1.286,30.884,0
2026-09-13T09:32:13+00:00,PRESS-RTP41-DEMO,BATCH-DEMO-002,18.14,3.385,0.651,501.005,45.061,32.171,1.173,30.777,0
2026-09-13T09:32:14+00:00,PRESS-RTP41-DEMO,BATCH-DEMO-002,17.706,3.509,0.681,498.312,44.992,31.918,1.106,31.239,0
2026-09-13T09:32:15+00:00,PRESS-RTP41-DEMO,BATCH-DEMO-002,18.502,3.562,0.569,497.428,44.746,31.921,1.216,31.078,0
2026-09-13T09:32:16+00:00,PRESS-RTP41-DEMO,BATCH-DEMO-002,17.726,3.347,0.598,500.534,45.194,32.727,0.931,31.149,0
2026-09-13T09:32:17+00:00,PRESS-RTP41-DEMO,BATCH-DEMO-002,19.094,3.462,0.564,501.329,45.139,32.277,1.337,30.765,0
2026-09-13T09:32:18+00:00,PRESS-RTP41-DEMO,BATCH-DEMO-002,18.619,3.339,0.644,499.079,44.939,32.3,1.064,30.778,0
2026-09-13T09:32:19+00:00,PRESS-RTP41-DEMO,BATCH-DEMO-002,17.492,3.552,0.643,501.651,44.865,31.698,1.36,30.957,0
2026-09-13T09:32:20+00:00,PRESS-RTP41-DEMO,BATCH-DEMO-002,17.837,3.611,0.565,496.62,44.858,32.179,1.042,30.715,0
2026-09-13T09:32:21+00:00,PRESS-RTP41-DEMO,BATCH-DEMO-002,18.52,3.529,0.587,496.811,45.55,32.22,1.165,30.766,0
2026-09-13T09:32:22+00:00,PRESS-RTP41-DEMO,BATCH-DEMO-002,17.854,3.534,0.568,502.184,44.524,31.57,1.357,30.784,0
2026-09-13T09:32:23+00:00,PRESS-RTP41-DEMO,BATCH-DEMO-002,18.066,3.578,0.605,501.295,44.773,32.113,1.178,31.226,0
2026-09-13T09:32:24+00:00,PRESS-RTP41-DEMO,BATCH-DEMO-002,17.035,3.448,0.619,500.44,44.835,31.98,0.959,30.987,0
2026-09-13T09:32:25+00:00,PRESS-RTP41-DEMO,BATCH-DEMO-002,18.092,3.376,0.592,499.085,43.991,31.932,1.282,31.134,0
2026-09-13T09:32:26+00:00,PRESS-RTP41-DEMO,BATCH-DEMO-002,18.522,3.454,0.659,501.758,45.203,32.139,1.226,30.877,0
2026-09-13T09:32:27+00:00,PRESS-RTP41-DEMO,BATCH-DEMO-002,17.638,3.447,0.594,503.129,44.846,31.942,1.171,30.957,0
2026-09-13T09:32:28+00:00,PRESS-RTP41-DEMO,BATCH-DEMO-002,17.777,3.597,0.611,502.213,44.794,31.974,1.361,31.13,0
2026-09-13T09:32:29+00:00,PRESS-RTP41-DEMO,BATCH-DEMO-002,17.473,3.484,0.6,502.415,45.344,32.455,1.265,31.053,0
2026-09-13T09:32:30+00:00,PRESS-RTP41-DEMO,BATCH-DEMO-002,17.998,3.518,0.567,499.952,45.203,32.111,1.25,30.923,0
2026-09-13T09:32:31+00:00,PRESS-RTP41-DEMO,BATCH-DEMO-002,18.727,3.372,0.657,499.381,44.396,32.11,1.243,31.165,0
2026-09-13T09:32:32+00:00,PRESS-RTP41-DEMO,BATCH-DEMO-002,18.398,3.341,0.73,499.875,45.149,31.13,1.263,31.151,0
2026-09-13T09:32:33+00:00,PRESS-RTP41-DEMO,BATCH-DEMO-002,17.698,3.356,0.638,495.775,44.566,31.832,1.163,31.075,0
2026-09-13T09:32:34+00:00,PRESS-RTP41-DEMO,BATCH-DEMO-002,17.849,3.479,0.615,503.073,44.56,31.689,1.306,31.007,0
2026-09-13T09:32:35+00:00,PRESS-RTP41-DEMO,BATCH-DEMO-002,18.249,3.572,0.725,500.446,45.001,32.152,1.362,30.875,0
2026-09-13T09:32:36+00:00,PRESS-RTP41-DEMO,BATCH-DEMO-002,18.43,3.48,0.671,496.5,45.356,32.426,1.144,30.97,0
2026-09-13T09:32:37+00:00,PRESS-RTP41-DEMO,BATCH-DEMO-002,18.483,3.456,0.753,500.758,45.319,31.522,1.339,31.087,0
2026-09-13T09:32:38+00:00,PRESS-RTP41-DEMO,BATCH-DEMO-002,18.094,3.53,0.626,493.658,44.838,31.899,1.213,31.434,0
2026-09-13T09:32:39+00:00,PRESS-RTP41-DEMO,BATCH-DEMO-002,18.449,3.454,0.67,495.296,44.684,32.151,1.169,30.851,0
2026-09-13T09:32:40+00:00,PRESS-RTP41-DEMO,BATCH-DEMO-002,18.725,3.566,0.67,499.667,45.319,31.944,1.157,30.774,0
2026-09-13T09:32:41+00:00,PRESS-RTP41-DEMO,BATCH-DEMO-002,17.29,3.472,0.709,497.582,45.652,32.166,1.254,31.181,0
2026-09-13T09:32:42+00:00,PRESS-RTP41-DEMO,BATCH-DEMO-002,17.687,3.651,0.767,499.014,44.757,31.931,1.172,31.022,0
2026-09-13T09:32:43+00:00,PRESS-RTP41-DEMO,BATCH-DEMO-002,18.202,3.492,0.756,500.236,44.699,32.174,1.232,30.955,0
2026-09-13T09:32:44+00:00,PRESS-RTP41-DEMO,BATCH-DEMO-002,17.622,3.393,0.615,497.588,45.02,32.392,1.107,30.938,0
2026-09-13T09:32:45+00:00,PRESS-RTP41-DEMO,BATCH-DEMO-002,17.943,3.365,0.725,502.242,44.828,32.12,1.229,30.918,0
2026-09-13T09:32:46+00:00,PRESS-RTP41-DEMO,BATCH-DEMO-002,17.114,3.771,0.564,497.183,45.002,31.808,1.11,30.867,0
2026-09-13T09:32:47+00:00,PRESS-RTP41-DEMO,BATCH-DEMO-002,17.728,3.381,0.65,496.852,44.624,32.616,1.136,31.293,0
2026-09-13T09:32:48+00:00,PRESS-RTP41-DEMO,BATCH-DEMO-002,17.611,3.684,0.63,503.468,45.098,32.21,1.19,31.031,0
2026-09-13T09:32:49+00:00,PRESS-RTP41-DEMO,BATCH-DEMO-002,18.407,3.532,0.668,495.671,45.143,32.232,1.127,30.957,0
2026-09-13T09:32:50+00:00,PRESS-RTP41-DEMO,BATCH-DEMO-002,18.204,3.55,0.65,500.05,45.022,32.023,1.349,30.742,0
2026-09-13T09:32:51+00:00,PRESS-RTP41-DEMO,BATCH-DEMO-002,18.262,3.655,0.583,499.65,44.828,31.665,1.099,31.105,0
2026-09-13T09:32:52+00:00,PRESS-RTP41-DEMO,BATCH-DEMO-002,18.105,3.278,0.647,500.126,45.139,31.915,1.192,31.21,0
2026-09-13T09:32:53+00:00,PRESS-RTP41-DEMO,BATCH-DEMO-002,17.768,3.544,0.571,494.916,45.089,31.273,1.258,31.323,0
2026-09-13T09:32:54+00:00,PRESS-RTP41-DEMO,BATCH-DEMO-002,18.753,3.436,0.695,498.448,44.655,32.161,1.297,31.062,0
2026-09-13T09:32:55+00:00,PRESS-RTP41-DEMO,BATCH-DEMO-002,18.198,3.42,0.688,500.391,45.146,31.99,1.256,30.981,0
2026-09-13T09:32:56+00:00,PRESS-RTP41-DEMO,BATCH-DEMO-002,18.548,3.513,0.659,501.572,45.029,31.809,1.134,30.98,0
2026-09-13T09:32:57+00:00,PRESS-RTP41-DEMO,BATCH-DEMO-002,18.058,3.487,0.653,501.744,44.884,32.024,1.241,30.877,0
2026-09-13T09:32:58+00:00,PRESS-RTP41-DEMO,BATCH-DEMO-002,17.311,3.537,0.63,498.447,44.491,32.151,1.341,31.078,0
2026-09-13T09:32:59+00:00,PRESS-RTP41-DEMO,BATCH-DEMO-002,18.194,3.561,0.712,499.365,44.442,32.156,1.246,31.195,0
2026-09-13T09:33:00+00:00,PRESS-RTP41-DEMO,BATCH-DEMO-002,18.026,3.52,0.647,498.821,44.832,32.333,1.405,31.078,0
2026-09-13T09:33:01+00:00,PRESS-RTP41-DEMO,BATCH-DEMO-002,18.589,3.299,0.62,500.812,45.146,32.045,1.216,30.724,0
2026-09-13T09:33:02+00:00,PRESS-RTP41-DEMO,BATCH-DEMO-002,18.636,3.644,0.646,498.957,44.561,32.224,1.186,30.72,0
2026-09-13T09:33:03+00:00,PRESS-RTP41-DEMO,BATCH-DEMO-002,17.85,3.412,0.713,499.56,45.002,32.064,1.245,31.284,0
2026-09-13T09:33:04+00:00,PRESS-RTP41-DEMO,BATCH-DEMO-002,18.299,3.485,0.631,498.394,45.285,31.797,1.263,30.955,0
2026-09-13T09:33:05+00:00,PRESS-RTP41-DEMO,BATCH-DEMO-002,17.959,3.502,0.661,496.967,45.017,31.88,1.164,30.924,0
2026-09-13T09:33:06+00:00,PRESS-RTP41-DEMO,BATCH-DEMO-002,17.804,3.576,0.706,503.201,44.827,32.069,1.225,30.849,0
2026-09-13T09:33:07+00:00,PRESS-RTP41-DEMO,BATCH-DEMO-002,17.761,3.43,0.631,497.799,44.843,32.184,1.133,30.981,0
2026-09-13T09:33:08+00:00,PRESS-RTP41-DEMO,BATCH-DEMO-002,18.054,3.368,0.612,502.271,45.096,32.12,1.16,31.05,0
2026-09-13T09:33:09+00:00,PRESS-RTP41-DEMO,BATCH-DEMO-002,17.919,3.564,0.649,501.196,44.88,31.922,1.378,30.965,0
2026-09-13T09:33:10+00:00,PRESS-RTP41-DEMO,BATCH-DEMO-002,18.172,3.612,0.627,499.689,44.888,32.491,1.137,30.925,0
2026-09-13T09:33:11+00:00,PRESS-RTP41-DEMO,BATCH-DEMO-002,17.853,3.494,0.64,500.638,45.324,32.192,1.026,31.156,0
2026-09-13T09:33:12+00:00,PRESS-RTP41-DEMO,BATCH-DEMO-002,17.795,3.396,0.664,503.444,44.983,32.447,1.369,30.88,0
2026-09-13T09:33:13+00:00,PRESS-RTP41-DEMO,BATCH-DEMO-002,17.727,3.399,0.674,499.388,45.576,32.492,1.094,31.116,0
2026-09-13T09:33:14+00:00,PRESS-RTP41-DEMO,BATCH-DEMO-002,17.662,3.656,0.695,496.081,44.906,32.322,1.289,31.312,0
2026-09-13T09:33:15+00:00,PRESS-RTP41-DEMO,BATCH-DEMO-002,17.849,3.587,0.719,497.904,44.949,31.976,1.036,31.02,0
2026-09-13T09:33:16+00:00,PRESS-RTP41-DEMO,BATCH-DEMO-002,18.358,3.54,0.717,498.978,44.425,31.83,1.312,31.112,0
2026-09-13T09:33:17+00:00,PRESS-RTP41-DEMO,BATCH-DEMO-002,17.916,3.488,0.616,498.194,44.971,31.538,1.223,31.123,0
2026-09-13T09:33:18+00:00,PRESS-RTP41-DEMO,BATCH-DEMO-002,18.104,3.636,0.505,501.748,44.714,31.491,1.194,30.911,0
2026-09-13T09:33:19+00:00,PRESS-RTP41-DEMO,BATCH-DEMO-002,17.316,3.509,0.577,502.917,44.861,32.431,1.116,30.982,0
2026-09-13T09:33:20+00:00,PRESS-RTP41-DEMO,BATCH-DEMO-002,17.666,3.444,0.602,497.547,44.899,31.737,1.2,31.141,0
2026-09-13T09:33:21+00:00,PRESS-RTP41-DEMO,BATCH-DEMO-002,17.889,3.517,0.661,499.583,44.787,31.938,1.199,30.95,0
2026-09-13T09:33:22+00:00,PRESS-RTP41-DEMO,BATCH-DEMO-002,18.22,3.576,0.622,505.182,45.01,32.294,1.046,30.858,0
2026-09-13T09:33:23+00:00,PRESS-RTP41-DEMO,BATCH-DEMO-002,18.064,3.415,0.718,501.089,46.129,32.495,1.299,31.13,0
2026-09-13T09:33:24+00:00,PRESS-RTP41-DEMO,BATCH-DEMO-002,18.135,3.521,0.706,500.366,45.116,32.217,1.205,31.186,0
2026-09-13T09:33:25+00:00,PRESS-RTP41-DEMO,BATCH-DEMO-002,17.959,3.453,0.699,501.91,44.815,32.204,1.421,31.644,0
2026-09-13T09:33:26+00:00,PRESS-RTP41-DEMO,BATCH-DEMO-002,17.506,3.43,0.704,503.566,44.987,31.764,1.149,30.989,0
2026-09-13T09:33:27+00:00,PRESS-RTP41-DEMO,BATCH-DEMO-002,18.203,3.618,0.594,499.978,45.335,31.971,0.989,31.125,0
2026-09-13T09:33:28+00:00,PRESS-RTP41-DEMO,BATCH-DEMO-002,18.078,3.708,0.638,493.585,44.886,31.861,1.256,31.299,0
2026-09-13T09:33:29+00:00,PRESS-RTP41-DEMO,BATCH-DEMO-002,18.162,3.512,0.669,503.907,44.643,32.207,1.151,30.931,0
2026-09-13T09:33:30+00:00,PRESS-RTP41-DEMO,BATCH-DEMO-002,17.977,3.479,0.726,496.97,44.639,32.211,1.204,30.828,0
2026-09-13T09:33:31+00:00,PRESS-RTP41-DEMO,BATCH-DEMO-002,18.238,3.518,0.601,501.451,44.984,31.614,1.217,30.997,0
2026-09-13T09:33:32+00:00,PRESS-RTP41-DEMO,BATCH-DEMO-002,17.585,3.693,0.536,499.912,44.995,32.794,1.057,31.191,0
2026-09-13T09:33:33+00:00,PRESS-RTP41-DEMO,BATCH-DEMO-002,18.08,3.469,0.661,497.943,45.489,31.741,1.119,31.301,0
2026-09-13T09:33:34+00:00,PRESS-RTP41-DEMO,BATCH-DEMO-002,18.092,3.402,0.585,500.023,45.562,32.095,1.255,31.343,0
2026-09-13T09:33:35+00:00,PRESS-RTP41-DEMO,BATCH-DEMO-002,17.445,3.434,0.647,503.116,45.016,31.824,1.073,31.043,0
2026-09-13T09:33:36+00:00,PRESS-RTP41-DEMO,BATCH-DEMO-002,18.352,3.419,0.58,501.251,44.389,31.855,1.501,30.963,0
2026-09-13T09:33:37+00:00,PRESS-RTP41-DEMO,BATCH-DEMO-002,17.908,3.43,0.564,498.999,44.823,32.271,1.318,30.825,0
2026-09-13T09:33:38+00:00,PRESS-RTP41-DEMO,BATCH-DEMO-002,18.262,3.418,0.706,505.176,44.648,32.209,1.128,30.788,0
2026-09-13T09:33:39+00:00,PRESS-RTP41-DEMO,BATCH-DEMO-002,18.407,3.275,0.621,502.548,44.757,32.177,1.194,31.171,0
2026-09-13T09:33:40+00:00,PRESS-RTP41-DEMO,BATCH-DEMO-002,18.011,3.47,0.63,499.922,45.101,31.332,0.991,31.203,0
2026-09-13T09:33:41+00:00,PRESS-RTP41-DEMO,BATCH-DEMO-002,18.449,3.443,0.682,502.5,44.897,32.625,1.105,31.108,0
2026-09-13T09:33:42+00:00,PRESS-RTP41-DEMO,BATCH-DEMO-002,18.809,3.301,0.679,497.917,45.032,32.293,1.14,31.031,0
2026-09-13T09:33:43+00:00,PRESS-RTP41-DEMO,BATCH-DEMO-002,18.286,3.558,0.735,495.184,45.265,31.903,1.089,31.145,0
2026-09-13T09:33:44+00:00,PRESS-RTP41-DEMO,BATCH-DEMO-002,18.055,3.293,0.51,500.661,45.383,31.616,1.08,30.85,0
2026-09-13T09:33:45+00:00,PRESS-RTP41-DEMO,BATCH-DEMO-002,18.349,3.355,0.665,502.256,45.433,31.699,1.128,31.077,0
2026-09-13T09:33:46+00:00,PRESS-RTP41-DEMO,BATCH-DEMO-002,17.839,3.414,0.634,497.922,45.162,32.295,1.305,30.893,0
2026-09-13T09:33:47+00:00,PRESS-RTP41-DEMO,BATCH-DEMO-002,17.922,3.524,0.679,501.444,44.945,32.423,1.258,31.332,0
2026-09-13T09:33:48+00:00,PRESS-RTP41-DEMO,BATCH-DEMO-002,18.063,3.324,0.754,499.292,44.762,31.678,1.167,31.109,0
2026-09-13T09:33:49+00:00,PRESS-RTP41-DEMO,BATCH-DEMO-002,17.992,3.387,0.681,499.229,45.357,32.825,1.338,31.044,0
2026-09-13T09:33:50+00:00,PRESS-RTP41-DEMO,BATCH-DEMO-002,17.733,3.339,0.653,500.317,44.589,32.32,1.276,30.727,0
2026-09-13T09:33:51+00:00,PRESS-RTP41-DEMO,BATCH-DEMO-002,18.207,3.434,0.588,494.629,45.238,31.748,1.196,31.036,0
2026-09-13T09:33:52+00:00,PRESS-RTP41-DEMO,BATCH-DEMO-002,17.751,3.459,0.592,498.067,45.033,31.967,1.056,31.215,0
2026-09-13T09:33:53+00:00,PRESS-RTP41-DEMO,BATCH-DEMO-002,18.012,3.664,0.646,500.5,45.156,31.897,1.128,30.446,0
2026-09-13T09:33:54+00:00,PRESS-RTP41-DEMO,BATCH-DEMO-002,18.045,3.555,0.675,498.83,44.523,32.719,1.242,30.765,0
2026-09-13T09:33:55+00:00,PRESS-RTP41-DEMO,BATCH-DEMO-002,17.516,3.56,0.587,497.007,44.942,32.048,1.16,30.588,0
2026-09-13T09:33:56+00:00,PRESS-RTP41-DEMO,BATCH-DEMO-002,17.905,3.615,0.657,500.452,44.733,31.977,1.12,30.712,0
2026-09-13T09:33:57+00:00,PRESS-RTP41-DEMO,BATCH-DEMO-002,18.202,3.333,0.761,498.789,44.701,31.827,1.293,31.184,0
2026-09-13T09:33:58+00:00,PRESS-RTP41-DEMO,BATCH-DEMO-002,18.613,3.599,0.722,500.362,44.826,32.177,1.32,31.036,0
2026-09-13T09:33:59+00:00,PRESS-RTP41-DEMO,BATCH-DEMO-002,17.825,3.34,0.612,499.291,45.203,31.701,1.124,30.802,0
2026-09-13T09:34:00+00:00,PRESS-RTP41-DEMO,BATCH-DEMO-002,17.857,3.564,0.548,500.159,45.183,31.965,1.225,30.825,0
2026-09-13T09:34:01+00:00,PRESS-RTP41-DEMO,BATCH-DEMO-002,17.997,3.654,0.737,497.786,44.967,32.079,1.248,31.142,0
2026-09-13T09:34:02+00:00,PRESS-RTP41-DEMO,BATCH-DEMO-002,17.65,3.348,0.704,501.758,45.478,32.385,1.294,30.847,0
2026-09-13T09:34:03+00:00,PRESS-RTP41-DEMO,BATCH-DEMO-002,17.908,3.505,0.631,498.361,45.507,32.384,1.158,31.089,0
2026-09-13T09:34:04+00:00,PRESS-RTP41-DEMO,BATCH-DEMO-002,17.621,3.534,0.698,498.245,45.053,31.979,1.237,31.334,0
2026-09-13T09:34:05+00:00,PRESS-RTP41-DEMO,BATCH-DEMO-002,18.305,3.455,0.666,501.044,45.036,31.711,1.301,30.907,0
2026-09-13T09:34:06+00:00,PRESS-RTP41-DEMO,BATCH-DEMO-002,17.909,3.429,0.688,497.985,44.841,32.28,1.269,30.542,0
2026-09-13T09:34:07+00:00,PRESS-RTP41-DEMO,BATCH-DEMO-002,17.869,3.419,0.622,496.629,44.989,32.252,1.11,30.945,0
2026-09-13T09:34:08+00:00,PRESS-RTP41-DEMO,BATCH-DEMO-002,17.194,3.519,0.62,499.482,45.229,32.087,1.163,31.092,0
2026-09-13T09:34:09+00:00,PRESS-RTP41-DEMO,BATCH-DEMO-002,17.522,3.453,0.686,495.763,44.959,32.344,1.194,31.146,0
2026-09-13T09:34:10+00:00,PRESS-RTP41-DEMO,BATCH-DEMO-002,17.423,3.258,0.686,502.117,44.722,32.437,1.231,30.594,0
2026-09-13T09:34:11+00:00,PRESS-RTP41-DEMO,BATCH-DEMO-002,17.633,3.558,0.643,498.132,45.301,31.935,1.111,30.987,0
2026-09-13T09:34:12+00:00,PRESS-RTP41-DEMO,BATCH-DEMO-002,18.073,3.558,0.662,498.108,45.366,31.4,1.278,30.824,0
2026-09-13T09:34:13+00:00,PRESS-RTP41-DEMO,BATCH-DEMO-002,18.064,3.467,0.581,498.508,44.577,32.107,1.329,30.945,0
2026-09-13T09:34:14+00:00,PRESS-RTP41-DEMO,BATCH-DEMO-002,17.624,3.528,0.632,496.302,45.252,31.517,1.252,31.143,0
2026-09-13T09:34:15+00:00,PRESS-RTP41-DEMO,BATCH-DEMO-002,17.694,3.517,0.611,499.305,45.064,32.318,1.028,31.291,0
2026-09-13T09:34:16+00:00,PRESS-RTP41-DEMO,BATCH-DEMO-002,18.386,3.366,0.684,499.807,45.074,32.354,1.268,30.915,0
2026-09-13T09:34:17+00:00,PRESS-RTP41-DEMO,BATCH-DEMO-002,18.034,3.353,0.617,501.182,45.179,32.143,1.029,31.125,0
2026-09-13T09:34:18+00:00,PRESS-RTP41-DEMO,BATCH-DEMO-002,17.914,3.356,0.687,502.126,44.791,32.179,1.278,31.077,0
2026-09-13T09:34:19+00:00,PRESS-RTP41-DEMO,BATCH-DEMO-002,17.816,3.437,0.64,497.965,44.84,31.966,1.089,31.057,0
2026-09-13T09:34:20+00:00,PRESS-RTP41-DEMO,BATCH-DEMO-002,18.647,3.42,0.665,498.987,45.13,32.139,1.043,30.703,0
2026-09-13T09:34:21+00:00,PRESS-RTP41-DEMO,BATCH-DEMO-002,17.813,3.491,0.742,499.73,44.573,32.518,1.072,31.137,0
2026-09-13T09:34:22+00:00,PRESS-RTP41-DEMO,BATCH-DEMO-002,18.261,3.514,0.582,500.718,45.068,31.72,1.191,31.163,0
2026-09-13T09:34:23+00:00,PRESS-RTP41-DEMO,BATCH-DEMO-002,18.257,3.335,0.731,498.267,45.235,32.003,1.243,30.567,0
2026-09-13T09:34:24+00:00,PRESS-RTP41-DEMO,BATCH-DEMO-002,17.719,3.439,0.692,503.492,45.372,32.089,1.118,30.978,0
2026-09-13T09:34:25+00:00,PRESS-RTP41-DEMO,BATCH-DEMO-002,17.958,3.379,0.708,497.033,45.111,32.058,1.351,30.608,0
2026-09-13T09:34:26+00:00,PRESS-RTP41-DEMO,BATCH-DEMO-002,17.894,3.524,0.552,499.362,45.233,32.123,1.04,31.073,0
2026-09-13T09:34:27+00:00,PRESS-RTP41-DEMO,BATCH-DEMO-002,17.468,3.521,0.637,499.281,44.572,32.002,1.136,30.887,0
2026-09-13T09:34:28+00:00,PRESS-RTP41-DEMO,BATCH-DEMO-002,18.72,3.63,0.688,499.925,45.286,31.639,1.222,30.827,0
2026-09-13T09:34:29+00:00,PRESS-RTP41-DEMO,BATCH-DEMO-002,17.315,3.475,0.665,498.7,45.22,31.922,1.105,30.679,0
2026-09-13T09:34:30+00:00,PRESS-RTP41-DEMO,BATCH-DEMO-002,17.743,3.482,0.657,498.029,44.928,31.737,1.129,30.847,0
2026-09-13T09:34:31+00:00,PRESS-RTP41-DEMO,BATCH-DEMO-002,18.366,3.506,0.668,500.259,44.963,32.073,1.356,31.184,0
2026-09-13T09:34:32+00:00,PRESS-RTP41-DEMO,BATCH-DEMO-002,18.222,3.457,0.654,502.179,44.83,31.539,1.439,31.026,0
2026-09-13T09:34:33+00:00,PRESS-RTP41-DEMO,BATCH-DEMO-002,17.42,3.585,0.588,503.078,45.486,32.061,1.162,30.642,0
2026-09-13T09:34:34+00:00,PRESS-RTP41-DEMO,BATCH-DEMO-002,18.665,3.496,0.63,499.401,44.816,32.031,1.271,30.886,0
2026-09-13T09:34:35+00:00,PRESS-RTP41-DEMO,BATCH-DEMO-002,18.227,3.5,0.651,502.296,45.251,32.017,1.294,30.884,0
2026-09-13T09:34:36+00:00,PRESS-RTP41-DEMO,BATCH-DEMO-002,17.491,3.607,0.659,495.223,44.645,31.693,1.12,30.852,0
2026-09-13T09:34:37+00:00,PRESS-RTP41-DEMO,BATCH-DEMO-002,18.434,3.549,0.695,498.89,44.606,32.077,1.207,31.05,0
2026-09-13T09:34:38+00:00,PRESS-RTP41-DEMO,BATCH-DEMO-002,18.061,3.46,0.669,498.858,44.851,32.066,1.226,31.462,0
2026-09-13T09:34:39+00:00,PRESS-RTP41-DEMO,BATCH-DEMO-002,18.551,3.471,0.556,500.264,44.716,31.616,1.411,31.115,0
2026-09-13T09:34:40+00:00,PRESS-RTP41-DEMO,BATCH-DEMO-002,18.818,3.462,0.672,501.913,45.345,32.003,1.268,31.142,0
2026-09-13T09:34:41+00:00,PRESS-RTP41-DEMO,BATCH-DEMO-002,17.805,3.549,0.602,499.701,45.141,31.817,1.373,30.712,0
2026-09-13T09:34:42+00:00,PRESS-RTP41-DEMO,BATCH-DEMO-002,18.289,3.443,0.63,499.601,45.116,32.184,1.297,31.196,0
2026-09-13T09:34:43+00:00,PRESS-RTP41-DEMO,BATCH-DEMO-002,17.936,3.486,0.652,501.963,45.303,32.088,1.206,31.063,0
2026-09-13T09:34:44+00:00,PRESS-RTP41-DEMO,BATCH-DEMO-002,17.964,3.519,0.612,496.578,44.587,32.057,1.296,30.991,0
2026-09-13T09:34:45+00:00,PRESS-RTP41-DEMO,BATCH-DEMO-002,18.189,3.647,0.652,498.041,44.525,31.751,1.25,31.319,0
2026-09-13T09:34:46+00:00,PRESS-RTP41-DEMO,BATCH-DEMO-002,17.881,3.488,0.616,498.325,45.105,31.764,1.221,30.996,0
2026-09-13T09:34:47+00:00,PRESS-RTP41-DEMO,BATCH-DEMO-002,18.468,3.378,0.597,501.578,44.69,31.969,1.087,31.146,0
2026-09-13T09:34:48+00:00,PRESS-RTP41-DEMO,BATCH-DEMO-002,17.78,3.537,0.653,502.063,44.814,31.58,1.104,30.846,0
2026-09-13T09:34:49+00:00,PRESS-RTP41-DEMO,BATCH-DEMO-002,18.293,3.479,0.612,502.625,45.112,32.048,1.247,31.194,0
2026-09-13T09:34:50+00:00,PRESS-RTP41-DEMO,BATCH-DEMO-002,18.295,3.428,0.563,501.762,44.29,31.873,1.314,31.366,0
2026-09-13T09:34:51+00:00,PRESS-RTP41-DEMO,BATCH-DEMO-002,18.319,3.45,0.635,498.089,45.038,31.94,1.223,31.121,0
2026-09-13T09:34:52+00:00,PRESS-RTP41-DEMO,BATCH-DEMO-002,18.21,3.466,0.725,503.875,44.393,32.497,1.348,31.326,0
2026-09-13T09:34:53+00:00,PRESS-RTP41-DEMO,BATCH-DEMO-002,18.278,3.335,0.655,495.117,45.184,31.724,0.945,31.03,0
2026-09-13T09:34:54+00:00,PRESS-RTP41-DEMO,BATCH-DEMO-002,17.683,3.387,0.626,498.276,45.686,32.336,1.339,31.031,0
2026-09-13T09:34:55+00:00,PRESS-RTP41-DEMO,BATCH-DEMO-002,17.527,3.597,0.583,498.253,44.648,31.7,1.159,31.019,0
2026-09-13T09:34:56+00:00,PRESS-RTP41-DEMO,BATCH-DEMO-002,17.856,3.562,0.573,498.219,44.459,32.193,1.196,31.116,0
2026-09-13T09:34:57+00:00,PRESS-RTP41-DEMO,BATCH-DEMO-002,18.404,3.364,0.671,500.98,44.88,31.943,1.227,30.927,0
2026-09-13T09:34:58+00:00,PRESS-RTP41-DEMO,BATCH-DEMO-002,17.644,3.45,0.709,499.271,45.132,31.625,1.174,31.136,0
2026-09-13T09:34:59+00:00,PRESS-RTP41-DEMO,BATCH-DEMO-002,18.063,3.538,0.635,499.169,45.26,31.8,1.229,30.92,0
2026-09-13T09:35:00+00:00,PRESS-RTP41-DEMO,BATCH-DEMO-002,18.015,3.456,0.61,500.717,44.883,31.683,2.313,32.751,1
2026-09-13T09:35:01+00:00,PRESS-RTP41-DEMO,BATCH-DEMO-002,18.82,3.482,0.639,497.919,45.263,31.52,2.949,32.767,1
2026-09-13T09:35:02+00:00,PRESS-RTP41-DEMO,BATCH-DEMO-002,17.648,3.488,0.624,503.163,44.935,31.831,2.638,31.709,1
2026-09-13T09:35:03+00:00,PRESS-RTP41-DEMO,BATCH-DEMO-002,18.014,3.501,0.588,503.908,45.062,31.854,2.528,33.918,1
2026-09-13T09:35:04+00:00,PRESS-RTP41-DEMO,BATCH-DEMO-002,17.953,3.541,0.62,502.173,45.133,31.725,2.567,33.353,1
2026-09-13T09:35:05+00:00,PRESS-RTP41-DEMO,BATCH-DEMO-002,17.714,3.427,0.669,499.913,45.051,31.906,2.42,32.933,1
2026-09-13T09:35:06+00:00,PRESS-RTP41-DEMO,BATCH-DEMO-002,17.737,3.672,0.619,499.729,45.227,31.976,3.183,32.489,1
2026-09-13T09:35:07+00:00,PRESS-RTP41-DEMO,BATCH-DEMO-002,18.746,3.376,0.666,502.805,44.987,32.36,2.754,31.719,1
2026-09-13T09:35:08+00:00,PRESS-RTP41-DEMO,BATCH-DEMO-002,17.601,3.569,0.652,502.212,45.058,31.407,2.41,33.429,1
2026-09-13T09:35:09+00:00,PRESS-RTP41-DEMO,BATCH-DEMO-002,17.742,3.468,0.656,505.246,45.445,32.121,2.932,32.849,1
2026-09-13T09:35:10+00:00,PRESS-RTP41-DEMO,BATCH-DEMO-002,17.941,3.512,0.631,502.791,45.269,31.573,3.044,32.872,1
2026-09-13T09:35:11+00:00,PRESS-RTP41-DEMO,BATCH-DEMO-002,17.656,3.411,0.61,498.81,45.212,32.585,2.627,33.002,1
2026-09-13T09:35:12+00:00,PRESS-RTP41-DEMO,BATCH-DEMO-002,18.059,3.583,0.634,499.224,44.846,31.878,2.721,32.889,1
2026-09-13T09:35:13+00:00,PRESS-RTP41-DEMO,BATCH-DEMO-002,17.948,3.359,0.709,497.88,44.63,31.741,2.843,32.651,1
2026-09-13T09:35:14+00:00,PRESS-RTP41-DEMO,BATCH-DEMO-002,18.788,3.625,0.625,495.967,45.293,31.942,3.058,33.128,1
2026-09-13T09:35:15+00:00,PRESS-RTP41-DEMO,BATCH-DEMO-002,18.122,3.49,0.756,500.713,44.67,32.34,3.731,32.743,1
2026-09-13T09:35:16+00:00,PRESS-RTP41-DEMO,BATCH-DEMO-002,17.565,3.449,0.596,496.561,45.223,31.828,2.892,33.874,1
2026-09-13T09:35:17+00:00,PRESS-RTP41-DEMO,BATCH-DEMO-002,17.935,3.359,0.706,497.611,44.652,31.707,3.067,33.284,1
2026-09-13T09:35:18+00:00,PRESS-RTP41-DEMO,BATCH-DEMO-002,18.129,3.359,0.702,498.192,44.485,31.948,1.765,32.449,1
2026-09-13T09:35:19+00:00,PRESS-RTP41-DEMO,BATCH-DEMO-002,17.899,3.463,0.661,497.543,45.129,31.628,2.812,32.073,1
2026-09-13T09:35:20+00:00,PRESS-RTP41-DEMO,BATCH-DEMO-002,18.17,3.558,0.581,500.98,45.445,32.216,2.846,32.203,1
2026-09-13T09:35:21+00:00,PRESS-RTP41-DEMO,BATCH-DEMO-002,18.588,3.361,0.54,502.262,45.24,31.957,2.459,32.866,1
2026-09-13T09:35:22+00:00,PRESS-RTP41-DEMO,BATCH-DEMO-002,17.891,3.489,0.609,497.293,44.796,32.758,2.534,32.347,1
2026-09-13T09:35:23+00:00,PRESS-RTP41-DEMO,BATCH-DEMO-002,18.142,3.486,0.508,496.589,45.258,32.45,2.51,32.191,1
2026-09-13T09:35:24+00:00,PRESS-RTP41-DEMO,BATCH-DEMO-002,18.178,3.329,0.599,502.21,44.965,31.735,2.263,32.792,1
2026-09-13T09:35:25+00:00,PRESS-RTP41-DEMO,BATCH-DEMO-002,17.579,3.502,0.559,498.165,45.1,31.412,1.885,32.604,1
2026-09-13T09:35:26+00:00,PRESS-RTP41-DEMO,BATCH-DEMO-002,17.37,3.49,0.646,499.496,45.531,32.063,2.193,33.285,1
2026-09-13T09:35:27+00:00,PRESS-RTP41-DEMO,BATCH-DEMO-002,18.152,3.452,0.675,505.407,44.801,32.435,2.13,33.087,1
2026-09-13T09:35:28+00:00,PRESS-RTP41-DEMO,BATCH-DEMO-002,18.021,3.436,0.635,499.549,44.999,32.102,3.396,34.829,1
2026-09-13T09:35:29+00:00,PRESS-RTP41-DEMO,BATCH-DEMO-002,18.366,3.577,0.582,497.634,45.024,32.536,2.683,32.257,1
2026-09-13T09:35:30+00:00,PRESS-RTP41-DEMO,BATCH-DEMO-002,18.303,3.545,0.696,502.549,45.038,32.991,2.53,32.73,1
2026-09-13T09:35:31+00:00,PRESS-RTP41-DEMO,BATCH-DEMO-002,18.379,3.663,0.694,498.443,45.888,31.552,2.939,32.889,1
2026-09-13T09:35:32+00:00,PRESS-RTP41-DEMO,BATCH-DEMO-002,18.335,3.521,0.675,502.278,45.471,31.968,2.646,32.575,1
2026-09-13T09:35:33+00:00,PRESS-RTP41-DEMO,BATCH-DEMO-002,17.72,3.618,0.706,499.403,45.231,31.648,2.908,33.375,1
2026-09-13T09:35:34+00:00,PRESS-RTP41-DEMO,BATCH-DEMO-002,18.322,3.464,0.644,499.536,44.495,32.331,2.472,32.052,1
2026-09-13T09:35:35+00:00,PRESS-RTP41-DEMO,BATCH-DEMO-002,17.447,3.41,0.585,499.754,44.743,32.068,3.032,33.076,1
2026-09-13T09:35:36+00:00,PRESS-RTP41-DEMO,BATCH-DEMO-002,17.59,3.593,0.648,503.054,45.473,31.526,2.391,33.907,1
2026-09-13T09:35:37+00:00,PRESS-RTP41-DEMO,BATCH-DEMO-002,18.179,3.682,0.69,499.974,45.166,32.43,3.242,33.304,1
2026-09-13T09:35:38+00:00,PRESS-RTP41-DEMO,BATCH-DEMO-002,18.389,3.624,0.619,498.425,45.33,32.037,2.268,33.691,1
2026-09-13T09:35:39+00:00,PRESS-RTP41-DEMO,BATCH-DEMO-002,17.69,3.672,0.655,500.346,45.048,31.797,2.403,34.759,1
2026-09-13T09:35:40+00:00,PRESS-RTP41-DEMO,BATCH-DEMO-002,18.026,3.444,0.612,503.228,45.064,31.981,2.437,32.876,1
2026-09-13T09:35:41+00:00,PRESS-RTP41-DEMO,BATCH-DEMO-002,18.175,3.593,0.664,503.103,44.701,31.617,2.55,33.039,1
2026-09-13T09:35:42+00:00,PRESS-RTP41-DEMO,BATCH-DEMO-002,18.132,3.447,0.663,497.657,44.797,31.853,2.639,31.9,1
2026-09-13T09:35:43+00:00,PRESS-RTP41-DEMO,BATCH-DEMO-002,17.402,3.655,0.61,500.266,45.0,31.851,2.275,32.93,1
2026-09-13T09:35:44+00:00,PRESS-RTP41-DEMO,BATCH-DEMO-002,18.244,3.416,0.749,498.409,45.384,31.922,3.1,33.783,1
2026-09-13T09:35:45+00:00,PRESS-RTP41-DEMO,BATCH-DEMO-002,18.644,3.553,0.672,498.047,45.312,31.988,1.897,31.65,1
2026-09-13T09:35:46+00:00,PRESS-RTP41-DEMO,BATCH-DEMO-002,18.159,3.329,0.642,501.558,45.548,32.211,2.747,33.264,1
2026-09-13T09:35:47+00:00,PRESS-RTP41-DEMO,BATCH-DEMO-002,18.081,3.493,0.632,495.401,44.668,32.044,2.465,33.626,1
2026-09-13T09:35:48+00:00,PRESS-RTP41-DEMO,BATCH-DEMO-002,18.504,3.52,0.624,500.179,44.799,32.473,2.744,32.999,1
2026-09-13T09:35:49+00:00,PRESS-RTP41-DEMO,BATCH-DEMO-002,18.396,3.475,0.624,494.291,45.108,32.071,1.903,33.469,1
2026-09-13T09:35:50+00:00,PRESS-RTP41-DEMO,BATCH-DEMO-002,17.727,3.57,0.607,500.235,45.31,32.264,2.071,32.474,1
2026-09-13T09:35:51+00:00,PRESS-RTP41-DEMO,BATCH-DEMO-002,18.542,3.574,0.713,501.787,45.072,31.82,2.365,32.57,1
2026-09-13T09:35:52+00:00,PRESS-RTP41-DEMO,BATCH-DEMO-002,18.139,3.35,0.621,502.124,45.109,31.632,2.425,33.144,1
2026-09-13T09:35:53+00:00,PRESS-RTP41-DEMO,BATCH-DEMO-002,17.878,3.439,0.688,500.563,45.217,32.273,2.881,32.8,1
2026-09-13T09:35:54+00:00,PRESS-RTP41-DEMO,BATCH-DEMO-002,17.591,3.562,0.622,500.072,44.712,31.464,2.327,31.582,1
2026-09-13T09:35:55+00:00,PRESS-RTP41-DEMO,BATCH-DEMO-002,18.349,3.58,0.664,501.868,44.673,31.939,2.112,33.284,1
2026-09-13T09:35:56+00:00,PRESS-RTP41-DEMO,BATCH-DEMO-002,17.929,3.313,0.602,506.791,45.271,32.266,2.123,33.045,1
2026-09-13T09:35:57+00:00,PRESS-RTP41-DEMO,BATCH-DEMO-002,18.421,3.505,0.561,500.586,44.756,31.677,2.666,33.378,1
2026-09-13T09:35:58+00:00,PRESS-RTP41-DEMO,BATCH-DEMO-002,16.965,3.375,0.613,497.925,45.634,32.035,2.633,33.679,1
2026-09-13T09:35:59+00:00,PRESS-RTP41-DEMO,BATCH-DEMO-002,18.006,3.47,0.645,498.327,45.556,32.135,2.225,33.308,1
2026-09-13T09:36:00+00:00,PRESS-RTP41-DEMO,BATCH-DEMO-002,17.507,3.519,0.711,499.196,45.121,31.434,2.757,33.528,1
2026-09-13T09:36:01+00:00,PRESS-RTP41-DEMO,BATCH-DEMO-002,19.232,3.509,0.631,505.074,44.826,31.916,2.862,33.872,1
2026-09-13T09:36:02+00:00,PRESS-RTP41-DEMO,BATCH-DEMO-002,17.98,3.311,0.6,500.49,44.544,31.881,2.104,31.76,1
2026-09-13T09:36:03+00:00,PRESS-RTP41-DEMO,BATCH-DEMO-002,18.313,3.43,0.747,500.254,44.83,31.817,2.099,32.475,1
2026-09-13T09:36:04+00:00,PRESS-RTP41-DEMO,BATCH-DEMO-002,18.112,3.44,0.675,500.974,45.204,31.281,2.569,32.465,1
2026-09-13T09:36:05+00:00,PRESS-RTP41-DEMO,BATCH-DEMO-002,17.979,3.513,0.695,497.628,45.683,32.132,2.665,34.666,1
2026-09-13T09:36:06+00:00,PRESS-RTP41-DEMO,BATCH-DEMO-002,18.188,3.489,0.608,499.64,44.911,32.221,1.891,33.927,1
2026-09-13T09:36:07+00:00,PRESS-RTP41-DEMO,BATCH-DEMO-002,18.44,3.607,0.591,497.165,45.166,32.446,2.905,32.464,1
2026-09-13T09:36:08+00:00,PRESS-RTP41-DEMO,BATCH-DEMO-002,18.001,3.527,0.647,500.852,45.266,32.143,2.259,32.376,1
2026-09-13T09:36:09+00:00,PRESS-RTP41-DEMO,BATCH-DEMO-002,18.056,3.511,0.634,501.136,45.155,32.024,2.886,33.313,1
2026-09-13T09:36:10+00:00,PRESS-RTP41-DEMO,BATCH-DEMO-002,17.878,3.464,0.668,496.412,44.961,31.913,2.986,33.584,1
2026-09-13T09:36:11+00:00,PRESS-RTP41-DEMO,BATCH-DEMO-002,18.103,3.484,0.715,496.97,44.864,31.928,2.863,32.012,1
2026-09-13T09:36:12+00:00,PRESS-RTP41-DEMO,BATCH-DEMO-002,17.994,3.553,0.662,500.285,44.453,32.013,2.3,33.699,1
2026-09-13T09:36:13+00:00,PRESS-RTP41-DEMO,BATCH-DEMO-002,18.258,3.308,0.613,500.706,45.309,31.658,2.585,31.45,1
2026-09-13T09:36:14+00:00,PRESS-RTP41-DEMO,BATCH-DEMO-002,17.709,3.606,0.558,499.78,45.126,32.348,3.052,32.084,1
2026-09-13T09:36:15+00:00,PRESS-RTP41-DEMO,BATCH-DEMO-002,17.765,3.417,0.684,497.774,44.818,32.431,2.136,33.343,1
2026-09-13T09:36:16+00:00,PRESS-RTP41-DEMO,BATCH-DEMO-002,17.59,3.649,0.688,503.003,45.407,31.44,2.128,32.665,1
2026-09-13T09:36:17+00:00,PRESS-RTP41-DEMO,BATCH-DEMO-002,18.083,3.482,0.635,499.007,44.59,31.502,2.168,32.593,1
2026-09-13T09:36:18+00:00,PRESS-RTP41-DEMO,BATCH-DEMO-002,17.896,3.395,0.609,497.53,44.791,31.936,1.609,34.753,1
2026-09-13T09:36:19+00:00,PRESS-RTP41-DEMO,BATCH-DEMO-002,17.908,3.5,0.713,497.239,45.038,32.271,2.174,32.148,1
2026-09-13T09:36:20+00:00,PRESS-RTP41-DEMO,BATCH-DEMO-002,17.502,3.462,0.641,500.245,45.325,31.963,1.916,32.437,1
2026-09-13T09:36:21+00:00,PRESS-RTP41-DEMO,BATCH-DEMO-002,18.644,3.579,0.684,499.214,45.277,32.134,3.071,33.128,1
2026-09-13T09:36:22+00:00,PRESS-RTP41-DEMO,BATCH-DEMO-002,18.753,3.495,0.588,502.159,44.844,32.27,2.625,33.529,1
2026-09-13T09:36:23+00:00,PRESS-RTP41-DEMO,BATCH-DEMO-002,17.816,3.419,0.844,503.101,45.386,31.7,3.137,31.872,1
2026-09-13T09:36:24+00:00,PRESS-RTP41-DEMO,BATCH-DEMO-002,17.753,3.543,0.66,506.283,45.518,31.026,3.216,32.582,1
2026-09-13T09:36:25+00:00,PRESS-RTP41-DEMO,BATCH-DEMO-002,18.218,3.402,0.626,498.493,45.17,32.798,2.294,34.207,1
2026-09-13T09:36:26+00:00,PRESS-RTP41-DEMO,BATCH-DEMO-002,17.987,3.437,0.705,498.093,44.535,31.774,2.05,32.646,1
2026-09-13T09:36:27+00:00,PRESS-RTP41-DEMO,BATCH-DEMO-002,17.935,3.479,0.617,499.73,45.374,32.458,2.261,33.242,1
2026-09-13T09:36:28+00:00,PRESS-RTP41-DEMO,BATCH-DEMO-002,17.809,3.679,0.58,497.288,44.946,31.986,1.997,33.24,1
2026-09-13T09:36:29+00:00,PRESS-RTP41-DEMO,BATCH-DEMO-002,18.511,3.517,0.698,500.943,44.827,31.927,2.206,32.75,1
2026-09-13T09:36:30+00:00,PRESS-RTP41-DEMO,BATCH-DEMO-002,17.904,3.519,0.691,502.684,45.016,31.774,2.631,32.066,1
2026-09-13T09:36:31+00:00,PRESS-RTP41-DEMO,BATCH-DEMO-002,18.382,3.556,0.69,499.141,44.625,32.001,2.034,33.453,1
2026-09-13T09:36:32+00:00,PRESS-RTP41-DEMO,BATCH-DEMO-002,18.493,3.472,0.647,500.683,45.014,31.276,3.253,32.238,1
2026-09-13T09:36:33+00:00,PRESS-RTP41-DEMO,BATCH-DEMO-002,18.038,3.583,0.669,496.884,44.756,31.713,2.567,34.305,1
2026-09-13T09:36:34+00:00,PRESS-RTP41-DEMO,BATCH-DEMO-002,18.396,3.417,0.631,500.191,45.124,31.508,3.177,33.816,1
2026-09-13T09:36:35+00:00,PRESS-RTP41-DEMO,BATCH-DEMO-002,18.358,3.359,0.625,498.179,45.074,31.809,2.75,33.488,1
2026-09-13T09:36:36+00:00,PRESS-RTP41-DEMO,BATCH-DEMO-002,17.609,3.433,0.637,497.561,45.64,32.48,3.007,33.837,1
2026-09-13T09:36:37+00:00,PRESS-RTP41-DEMO,BATCH-DEMO-002,17.984,3.585,0.665,497.787,45.573,31.981,2.743,33.645,1
2026-09-13T09:36:38+00:00,PRESS-RTP41-DEMO,BATCH-DEMO-002,18.285,3.485,0.619,499.068,44.928,31.992,3.143,32.887,1
2026-09-13T09:36:39+00:00,PRESS-RTP41-DEMO,BATCH-DEMO-002,17.876,3.596,0.706,501.212,45.153,32.15,2.916,33.226,1
2026-09-13T09:36:40+00:00,PRESS-RTP41-DEMO,BATCH-DEMO-002,17.676,3.504,0.649,504.493,45.227,32.156,2.417,33.384,1
2026-09-13T09:36:41+00:00,PRESS-RTP41-DEMO,BATCH-DEMO-002,17.864,3.357,0.636,498.355,45.281,31.811,2.427,32.921,1
2026-09-13T09:36:42+00:00,PRESS-RTP41-DEMO,BATCH-DEMO-002,18.679,3.673,0.621,501.901,44.821,31.895,2.4,34.157,1
2026-09-13T09:36:43+00:00,PRESS-RTP41-DEMO,BATCH-DEMO-002,18.104,3.248,0.655,501.79,45.112,31.757,1.715,33.34,1
2026-09-13T09:36:44+00:00,PRESS-RTP41-DEMO,BATCH-DEMO-002,18.21,3.405,0.626,502.646,44.799,32.31,2.312,32.955,1
2026-09-13T09:36:45+00:00,PRESS-RTP41-DEMO,BATCH-DEMO-002,18.017,3.472,0.615,502.724,45.013,32.36,3.099,32.864,1
2026-09-13T09:36:46+00:00,PRESS-RTP41-DEMO,BATCH-DEMO-002,17.778,3.567,0.712,497.188,45.164,32.352,2.642,32.431,1
2026-09-13T09:36:47+00:00,PRESS-RTP41-DEMO,BATCH-DEMO-002,17.868,3.545,0.654,500.079,44.597,31.246,1.852,33.304,1
2026-09-13T09:36:48+00:00,PRESS-RTP41-DEMO,BATCH-DEMO-002,18.031,3.486,0.686,498.838,44.579,32.249,3.094,34.151,1
2026-09-13T09:36:49+00:00,PRESS-RTP41-DEMO,BATCH-DEMO-002,17.88,3.326,0.643,500.506,44.681,31.495,2.407,33.396,1
2026-09-13T09:36:50+00:00,PRESS-RTP41-DEMO,BATCH-DEMO-002,18.175,3.479,0.549,499.657,45.28,31.828,3.279,32.782,1
2026-09-13T09:36:51+00:00,PRESS-RTP41-DEMO,BATCH-DEMO-002,17.845,3.625,0.594,499.49,44.672,31.859,2.117,33.044,1
2026-09-13T09:36:52+00:00,PRESS-RTP41-DEMO,BATCH-DEMO-002,18.433,3.524,0.615,499.83,45.362,32.087,2.821,31.655,1
2026-09-13T09:36:53+00:00,PRESS-RTP41-DEMO,BATCH-DEMO-002,18.006,3.525,0.5,500.604,44.732,31.535,2.397,32.882,1
2026-09-13T09:36:54+00:00,PRESS-RTP41-DEMO,BATCH-DEMO-002,17.413,3.453,0.643,501.037,44.806,32.26,2.807,32.933,1
2026-09-13T09:36:55+00:00,PRESS-RTP41-DEMO,BATCH-DEMO-002,17.633,3.268,0.699,504.098,45.132,31.873,2.502,32.153,1
2026-09-13T09:36:56+00:00,PRESS-RTP41-DEMO,BATCH-DEMO-002,18.521,3.495,0.611,499.21,45.065,32.192,2.82,32.021,1
2026-09-13T09:36:57+00:00,PRESS-RTP41-DEMO,BATCH-DEMO-002,18.596,3.464,0.632,497.201,44.473,31.613,2.597,33.145,1
2026-09-13T09:36:58+00:00,PRESS-RTP41-DEMO,BATCH-DEMO-002,17.095,3.569,0.576,504.029,44.683,31.924,2.481,33.354,1
2026-09-13T09:36:59+00:00,PRESS-RTP41-DEMO,BATCH-DEMO-002,17.98,3.468,0.605,502.665,45.28,32.01,2.373,32.036,1
2026-09-13T09:37:00+00:00,PRESS-RTP41-DEMO,BATCH-DEMO-002,18.155,3.586,0.616,501.145,45.109,32.236,2.29,33.246,1
2026-09-13T09:37:01+00:00,PRESS-RTP41-DEMO,BATCH-DEMO-002,17.797,3.587,0.573,497.384,44.871,31.752,2.093,32.828,1
2026-09-13T09:37:02+00:00,PRESS-RTP41-DEMO,BATCH-DEMO-002,17.534,3.379,0.652,493.867,44.978,31.79,2.319,33.485,1
2026-09-13T09:37:03+00:00,PRESS-RTP41-DEMO,BATCH-DEMO-002,18.471,3.714,0.787,501.634,44.749,32.491,2.595,32.474,1
2026-09-13T09:37:04+00:00,PRESS-RTP41-DEMO,BATCH-DEMO-002,18.565,3.568,0.69,496.82,45.118,31.561,2.502,33.308,1
2026-09-13T09:37:05+00:00,PRESS-RTP41-DEMO,BATCH-DEMO-002,17.749,3.657,0.699,499.387,44.824,32.443,2.192,33.904,1
2026-09-13T09:37:06+00:00,PRESS-RTP41-DEMO,BATCH-DEMO-002,17.605,3.495,0.693,500.342,44.592,31.644,3.057,32.909,1
2026-09-13T09:37:07+00:00,PRESS-RTP41-DEMO,BATCH-DEMO-002,18.258,3.622,0.622,499.067,45.047,32.011,3.092,33.143,1
2026-09-13T09:37:08+00:00,PRESS-RTP41-DEMO,BATCH-DEMO-002,18.314,3.588,0.701,500.479,45.056,31.94,2.282,32.302,1
2026-09-13T09:37:09+00:00,PRESS-RTP41-DEMO,BATCH-DEMO-002,17.561,3.432,0.641,504.846,45.399,32.174,2.153,32.806,1
2026-09-13T09:37:10+00:00,PRESS-RTP41-DEMO,BATCH-DEMO-002,18.646,3.556,0.634,501.907,45.614,32.288,2.027,32.101,1
2026-09-13T09:37:11+00:00,PRESS-RTP41-DEMO,BATCH-DEMO-002,18.031,3.4,0.678,499.353,45.103,31.968,2.802,31.707,1
2026-09-13T09:37:12+00:00,PRESS-RTP41-DEMO,BATCH-DEMO-002,18.219,3.403,0.618,497.657,45.145,32.135,2.244,33.04,1
2026-09-13T09:37:13+00:00,PRESS-RTP41-DEMO,BATCH-DEMO-002,18.963,3.535,0.684,501.664,45.383,31.831,2.509,32.149,1
2026-09-13T09:37:14+00:00,PRESS-RTP41-DEMO,BATCH-DEMO-002,17.834,3.444,0.629,500.828,45.099,31.418,2.413,33.029,1
2026-09-13T09:37:15+00:00,PRESS-RTP41-DEMO,BATCH-DEMO-002,18.561,3.53,0.65,500.157,44.9,32.04,2.18,33.442,1
2026-09-13T09:37:16+00:00,PRESS-RTP41-DEMO,BATCH-DEMO-002,18.221,3.551,0.557,502.597,45.841,31.804,2.104,34.036,1
2026-09-13T09:37:17+00:00,PRESS-RTP41-DEMO,BATCH-DEMO-002,17.78,3.454,0.57,502.531,45.292,31.809,3.051,33.764,1
2026-09-13T09:37:18+00:00,PRESS-RTP41-DEMO,BATCH-DEMO-002,17.898,3.462,0.656,498.855,44.858,31.838,3.27,31.477,1
2026-09-13T09:37:19+00:00,PRESS-RTP41-DEMO,BATCH-DEMO-002,18.286,3.362,0.623,498.861,44.853,31.91,1.833,33.277,1
2026-09-13T09:37:20+00:00,PRESS-RTP41-DEMO,BATCH-DEMO-002,18.044,3.469,0.68,502.139,44.973,31.727,2.793,32.418,1
2026-09-13T09:37:21+00:00,PRESS-RTP41-DEMO,BATCH-DEMO-002,18.577,3.408,0.655,497.75,45.518,31.947,2.96,33.335,1
2026-09-13T09:37:22+00:00,PRESS-RTP41-DEMO,BATCH-DEMO-002,17.97,3.447,0.63,496.999,44.419,31.374,2.164,32.839,1
2026-09-13T09:37:23+00:00,PRESS-RTP41-DEMO,BATCH-DEMO-002,17.155,3.341,0.647,498.456,44.892,32.034,2.508,33.07,1
2026-09-13T09:37:24+00:00,PRESS-RTP41-DEMO,BATCH-DEMO-002,18.235,3.578,0.648,499.695,44.914,32.193,2.592,33.175,1
2026-09-13T09:37:25+00:00,PRESS-RTP41-DEMO,BATCH-DEMO-002,17.784,3.434,0.63,499.213,45.414,32.428,2.122,33.065,1
2026-09-13T09:37:26+00:00,PRESS-RTP41-DEMO,BATCH-DEMO-002,17.66,3.488,0.734,499.2,44.74,31.913,2.294,33.404,1
2026-09-13T09:37:27+00:00,PRESS-RTP41-DEMO,BATCH-DEMO-002,18.129,3.394,0.564,506.056,44.509,31.738,3.055,34.377,1
2026-09-13T09:37:28+00:00,PRESS-RTP41-DEMO,BATCH-DEMO-002,18.654,3.471,0.606,498.487,45.327,31.79,2.564,33.694,1
2026-09-13T09:37:29+00:00,PRESS-RTP41-DEMO,BATCH-DEMO-002,18.239,3.435,0.609,495.783,44.953,32.082,2.653,33.812,1
2026-09-13T09:37:30+00:00,PRESS-RTP41-DEMO,BATCH-DEMO-002,18.223,3.627,0.637,498.161,44.662,32.399,2.124,32.964,1
2026-09-13T09:37:31+00:00,PRESS-RTP41-DEMO,BATCH-DEMO-002,18.156,3.53,0.595,499.212,44.695,32.02,2.968,33.679,1
2026-09-13T09:37:32+00:00,PRESS-RTP41-DEMO,BATCH-DEMO-002,17.806,3.472,0.697,495.29,44.843,31.545,3.038,33.592,1
2026-09-13T09:37:33+00:00,PRESS-RTP41-DEMO,BATCH-DEMO-002,17.86,3.359,0.675,501.673,45.211,32.178,3.121,31.965,1
2026-09-13T09:37:34+00:00,PRESS-RTP41-DEMO,BATCH-DEMO-002,18.236,3.443,0.635,498.948,44.825,32.236,2.663,31.638,1
2026-09-13T09:37:35+00:00,PRESS-RTP41-DEMO,BATCH-DEMO-002,17.949,3.476,0.694,505.262,45.324,32.251,2.806,32.796,1
2026-09-13T09:37:36+00:00,PRESS-RTP41-DEMO,BATCH-DEMO-002,18.54,3.375,0.804,495.76,45.189,32.182,3.149,32.169,1
2026-09-13T09:37:37+00:00,PRESS-RTP41-DEMO,BATCH-DEMO-002,18.414,3.452,0.634,498.701,45.252,32.018,2.405,32.449,1
2026-09-13T09:37:38+00:00,PRESS-RTP41-DEMO,BATCH-DEMO-002,17.796,3.61,0.624,498.038,44.852,32.38,2.795,33.127,1
2026-09-13T09:37:39+00:00,PRESS-RTP41-DEMO,BATCH-DEMO-002,18.21,3.52,0.716,498.095,44.972,32.399,3.407,32.777,1
2026-09-13T09:37:40+00:00,PRESS-RTP41-DEMO,BATCH-DEMO-002,18.962,3.487,0.728,501.26,45.186,31.986,2.341,32.594,1
2026-09-13T09:37:41+00:00,PRESS-RTP41-DEMO,BATCH-DEMO-002,17.869,3.307,0.6,498.48,45.517,31.538,2.861,32.197,1
2026-09-13T09:37:42+00:00,PRESS-RTP41-DEMO,BATCH-DEMO-002,17.975,3.553,0.599,498.818,44.94,31.909,2.989,33.053,1
2026-09-13T09:37:43+00:00,PRESS-RTP41-DEMO,BATCH-DEMO-002,18.173,3.57,0.692,496.142,44.643,31.827,2.576,33.047,1
2026-09-13T09:37:44+00:00,PRESS-RTP41-DEMO,BATCH-DEMO-002,17.846,3.384,0.642,499.364,44.889,32.152,1.718,32.941,1
2026-09-13T09:37:45+00:00,PRESS-RTP41-DEMO,BATCH-DEMO-002,17.519,3.375,0.644,503.505,45.362,32.106,2.347,32.706,1
2026-09-13T09:37:46+00:00,PRESS-RTP41-DEMO,BATCH-DEMO-002,18.52,3.409,0.578,501.386,44.881,31.604,3.148,32.992,1
2026-09-13T09:37:47+00:00,PRESS-RTP41-DEMO,BATCH-DEMO-002,18.123,3.551,0.655,495.329,44.826,31.506,3.082,34.373,1
2026-09-13T09:37:48+00:00,PRESS-RTP41-DEMO,BATCH-DEMO-002,17.91,3.376,0.722,501.368,45.241,32.371,1.784,34.979,1
2026-09-13T09:37:49+00:00,PRESS-RTP41-DEMO,BATCH-DEMO-002,18.205,3.599,0.63,499.877,44.802,32.107,2.877,32.034,1
2026-09-13T09:37:50+00:00,PRESS-RTP41-DEMO,BATCH-DEMO-002,18.129,3.568,0.694,497.28,44.773,32.24,2.857,32.126,1
2026-09-13T09:37:51+00:00,PRESS-RTP41-DEMO,BATCH-DEMO-002,17.612,3.513,0.658,499.505,45.256,32.074,2.643,32.708,1
2026-09-13T09:37:52+00:00,PRESS-RTP41-DEMO,BATCH-DEMO-002,17.77,3.415,0.613,489.502,44.552,31.994,2.375,32.767,1
2026-09-13T09:37:53+00:00,PRESS-RTP41-DEMO,BATCH-DEMO-002,17.726,3.569,0.694,498.794,45.499,31.519,3.001,33.483,1
2026-09-13T09:37:54+00:00,PRESS-RTP41-DEMO,BATCH-DEMO-002,18.457,3.535,0.654,501.865,44.529,32.082,2.688,34.156,1
2026-09-13T09:37:55+00:00,PRESS-RTP41-DEMO,BATCH-DEMO-002,17.504,3.44,0.612,497.34,44.355,31.611,2.145,32.312,1
2026-09-13T09:37:56+00:00,PRESS-RTP41-DEMO,BATCH-DEMO-002,18.308,3.642,0.553,501.73,44.451,31.722,3.509,32.788,1
2026-09-13T09:37:57+00:00,PRESS-RTP41-DEMO,BATCH-DEMO-002,18.225,3.519,0.665,500.824,45.038,32.026,2.772,34.226,1
2026-09-13T09:37:58+00:00,PRESS-RTP41-DEMO,BATCH-DEMO-002,18.098,3.465,0.658,499.264,44.504,31.883,3.103,33.51,1
2026-09-13T09:37:59+00:00,PRESS-RTP41-DEMO,BATCH-DEMO-002,18.523,3.555,0.669,500.154,45.037,31.693,2.513,33.535,1
2026-09-13T09:38:00+00:00,PRESS-RTP41-DEMO,BATCH-DEMO-002,17.957,3.618,0.648,500.599,45.153,32.43,2.537,33.618,1
2026-09-13T09:38:01+00:00,PRESS-RTP41-DEMO,BATCH-DEMO-002,17.877,3.463,0.682,498.364,45.455,31.755,2.758,33.402,1
2026-09-13T09:38:02+00:00,PRESS-RTP41-DEMO,BATCH-DEMO-002,18.45,3.699,0.707,500.867,45.122,31.458,2.769,32.435,1
2026-09-13T09:38:03+00:00,PRESS-RTP41-DEMO,BATCH-DEMO-002,17.692,3.472,0.716,500.257,45.726,32.262,2.543,33.628,1
2026-09-13T09:38:04+00:00,PRESS-RTP41-DEMO,BATCH-DEMO-002,17.418,3.525,0.706,497.636,45.294,32.399,2.743,31.905,1
2026-09-13T09:38:05+00:00,PRESS-RTP41-DEMO,BATCH-DEMO-002,17.887,3.489,0.702,501.12,44.886,32.172,2.018,32.402,1
2026-09-13T09:38:06+00:00,PRESS-RTP41-DEMO,BATCH-DEMO-002,18.23,3.629,0.659,501.531,44.953,32.016,2.696,32.332,1
2026-09-13T09:38:07+00:00,PRESS-RTP41-DEMO,BATCH-DEMO-002,18.217,3.471,0.605,497.205,44.744,32.233,2.659,31.91,1
2026-09-13T09:38:08+00:00,PRESS-RTP41-DEMO,BATCH-DEMO-002,17.466,3.538,0.752,499.268,44.997,32.031,2.341,32.371,1
2026-09-13T09:38:09+00:00,PRESS-RTP41-DEMO,BATCH-DEMO-002,17.879,3.5,0.619,497.51,44.847,31.672,2.605,33.368,1
2026-09-13T09:38:10+00:00,PRESS-RTP41-DEMO,BATCH-DEMO-002,18.057,3.469,0.73,499.239,45.104,32.26,2.968,34.506,1
2026-09-13T09:38:11+00:00,PRESS-RTP41-DEMO,BATCH-DEMO-002,17.609,3.453,0.636,500.539,44.553,31.906,2.403,33.904,1
2026-09-13T09:38:12+00:00,PRESS-RTP41-DEMO,BATCH-DEMO-002,17.995,3.641,0.627,502.36,44.81,31.723,1.757,33.356,1
2026-09-13T09:38:13+00:00,PRESS-RTP41-DEMO,BATCH-DEMO-002,17.676,3.668,0.577,499.572,45.331,31.811,1.756,33.245,1
2026-09-13T09:38:14+00:00,PRESS-RTP41-DEMO,BATCH-DEMO-002,17.069,3.467,0.771,497.876,45.267,31.63,2.376,32.535,1
2026-09-13T09:38:15+00:00,PRESS-RTP41-DEMO,BATCH-DEMO-002,17.804,3.331,0.654,497.876,44.878,31.481,1.932,33.094,1
2026-09-13T09:38:16+00:00,PRESS-RTP41-DEMO,BATCH-DEMO-002,17.221,3.482,0.665,498.695,44.647,31.941,2.592,32.546,1
2026-09-13T09:38:17+00:00,PRESS-RTP41-DEMO,BATCH-DEMO-002,18.702,3.515,0.614,501.776,44.103,31.96,2.867,33.58,1
2026-09-13T09:38:18+00:00,PRESS-RTP41-DEMO,BATCH-DEMO-002,17.851,3.52,0.677,500.268,44.602,32.018,2.414,33.391,1
2026-09-13T09:38:19+00:00,PRESS-RTP41-DEMO,BATCH-DEMO-002,17.881,3.396,0.637,500.67,45.047,32.163,3.043,32.859,1
2026-09-13T09:38:20+00:00,PRESS-RTP41-DEMO,BATCH-DEMO-002,17.919,3.446,0.603,498.937,44.411,31.821,2.385,33.347,1
2026-09-13T09:38:21+00:00,PRESS-RTP41-DEMO,BATCH-DEMO-002,17.928,3.419,0.574,497.993,44.91,31.67,2.388,34.034,1
2026-09-13T09:38:22+00:00,PRESS-RTP41-DEMO,BATCH-DEMO-002,18.886,3.707,0.644,499.902,44.666,31.434,2.811,32.764,1
2026-09-13T09:38:23+00:00,PRESS-RTP41-DEMO,BATCH-DEMO-002,18.365,3.404,0.693,497.987,45.065,31.985,2.988,33.918,1
2026-09-13T09:38:24+00:00,PRESS-RTP41-DEMO,BATCH-DEMO-002,18.05,3.553,0.721,503.115,44.848,31.983,2.729,32.861,1
2026-09-13T09:38:25+00:00,PRESS-RTP41-DEMO,BATCH-DEMO-002,17.919,3.478,0.712,506.805,45.013,31.909,2.31,34.609,1
2026-09-13T09:38:26+00:00,PRESS-RTP41-DEMO,BATCH-DEMO-002,17.898,3.256,0.725,506.538,44.578,31.885,2.462,33.521,1
2026-09-13T09:38:27+00:00,PRESS-RTP41-DEMO,BATCH-DEMO-002,18.604,3.511,0.731,502.089,45.537,32.092,1.714,32.301,1
2026-09-13T09:38:28+00:00,PRESS-RTP41-DEMO,BATCH-DEMO-002,17.938,3.426,0.581,498.462,44.643,31.806,2.688,32.826,1
2026-09-13T09:38:29+00:00,PRESS-RTP41-DEMO,BATCH-DEMO-002,18.266,3.591,0.614,493.738,45.381,31.887,3.579,33.66,1
2026-09-13T09:38:30+00:00,PRESS-RTP41-DEMO,BATCH-DEMO-002,17.56,3.478,0.645,499.219,45.005,31.939,1.352,32.519,1
2026-09-13T09:38:31+00:00,PRESS-RTP41-DEMO,BATCH-DEMO-002,17.809,3.478,0.64,501.034,45.492,31.993,3.153,31.886,1
2026-09-13T09:38:32+00:00,PRESS-RTP41-DEMO,BATCH-DEMO-002,17.939,3.343,0.642,501.576,45.03,32.408,2.339,33.602,1
2026-09-13T09:38:33+00:00,PRESS-RTP41-DEMO,BATCH-DEMO-002,17.608,3.462,0.62,500.446,45.268,31.673,2.754,33.362,1
2026-09-13T09:38:34+00:00,PRESS-RTP41-DEMO,BATCH-DEMO-002,18.244,3.453,0.664,498.717,45.123,32.14,2.693,32.43,1
2026-09-13T09:38:35+00:00,PRESS-RTP41-DEMO,BATCH-DEMO-002,18.203,3.385,0.562,498.192,44.637,32.144,1.796,32.758,1
2026-09-13T09:38:36+00:00,PRESS-RTP41-DEMO,BATCH-DEMO-002,18.192,3.404,0.65,494.591,44.918,31.852,2.49,32.651,1
2026-09-13T09:38:37+00:00,PRESS-RTP41-DEMO,BATCH-DEMO-002,17.368,3.498,0.613,502.157,44.735,32.193,3.436,32.209,1
2026-09-13T09:38:38+00:00,PRESS-RTP41-DEMO,BATCH-DEMO-002,17.961,3.527,0.674,500.434,45.014,31.928,2.813,33.792,1
2026-09-13T09:38:39+00:00,PRESS-RTP41-DEMO,BATCH-DEMO-002,18.76,3.589,0.651,502.335,45.151,31.577,3.247,33.372,1
2026-09-13T09:38:40+00:00,PRESS-RTP41-DEMO,BATCH-DEMO-002,18.134,3.442,0.647,496.328,44.967,31.715,2.195,33.115,1
2026-09-13T09:38:41+00:00,PRESS-RTP41-DEMO,BATCH-DEMO-002,18.192,3.508,0.567,497.001,44.687,32.35,2.971,33.402,1
2026-09-13T09:38:42+00:00,PRESS-RTP41-DEMO,BATCH-DEMO-002,18.201,3.406,0.662,502.011,44.536,31.986,2.223,32.648,1
2026-09-13T09:38:43+00:00,PRESS-RTP41-DEMO,BATCH-DEMO-002,17.981,3.205,0.658,499.02,44.809,32.274,2.946,33.444,1
2026-09-13T09:38:44+00:00,PRESS-RTP41-DEMO,BATCH-DEMO-002,18.472,3.352,0.541,500.36,45.23,32.584,2.684,34.164,1
2026-09-13T09:38:45+00:00,PRESS-RTP41-DEMO,BATCH-DEMO-002,18.064,3.515,0.683,505.878,44.958,31.931,2.235,33.632,1
2026-09-13T09:38:46+00:00,PRESS-RTP41-DEMO,BATCH-DEMO-002,17.43,3.551,0.681,499.738,44.946,32.157,2.601,33.258,1
2026-09-13T09:38:47+00:00,PRESS-RTP41-DEMO,BATCH-DEMO-002,17.222,3.554,0.618,500.563,44.85,32.094,2.765,33.472,1
2026-09-13T09:38:48+00:00,PRESS-RTP41-DEMO,BATCH-DEMO-002,18.072,3.547,0.636,501.642,45.029,31.778,2.852,33.328,1
2026-09-13T09:38:49+00:00,PRESS-RTP41-DEMO,BATCH-DEMO-002,18.855,3.497,0.695,499.193,44.92,32.017,2.749,33.202,1
2026-09-13T09:38:50+00:00,PRESS-RTP41-DEMO,BATCH-DEMO-002,17.805,3.427,0.726,501.673,45.31,32.037,2.597,32.105,1
2026-09-13T09:38:51+00:00,PRESS-RTP41-DEMO,BATCH-DEMO-002,17.976,3.533,0.652,497.823,45.47,32.553,2.212,31.997,1
2026-09-13T09:38:52+00:00,PRESS-RTP41-DEMO,BATCH-DEMO-002,17.313,3.552,0.597,496.868,45.084,32.208,2.801,33.202,1
2026-09-13T09:38:53+00:00,PRESS-RTP41-DEMO,BATCH-DEMO-002,18.372,3.524,0.633,495.855,44.552,32.212,2.763,33.387,1
2026-09-13T09:38:54+00:00,PRESS-RTP41-DEMO,BATCH-DEMO-002,17.687,3.432,0.635,502.891,44.72,32.08,2.436,33.383,1
2026-09-13T09:38:55+00:00,PRESS-RTP41-DEMO,BATCH-DEMO-002,17.739,3.508,0.592,499.138,44.822,31.929,2.649,31.613,1
2026-09-13T09:38:56+00:00,PRESS-RTP41-DEMO,BATCH-DEMO-002,18.205,3.582,0.702,500.719,44.558,32.347,1.961,32.976,1
2026-09-13T09:38:57+00:00,PRESS-RTP41-DEMO,BATCH-DEMO-002,18.556,3.432,0.653,499.648,44.696,31.879,2.857,33.278,1
2026-09-13T09:38:58+00:00,PRESS-RTP41-DEMO,BATCH-DEMO-002,17.895,3.506,0.636,497.819,44.782,31.761,2.85,32.923,1
2026-09-13T09:38:59+00:00,PRESS-RTP41-DEMO,BATCH-DEMO-002,18.074,3.34,0.652,506.062,45.113,31.875,1.837,33.1,1
2026-09-13T09:39:00+00:00,PRESS-RTP41-DEMO,BATCH-DEMO-002,17.634,3.36,0.599,498.839,44.924,32.209,1.865,32.486,1
2026-09-13T09:39:01+00:00,PRESS-RTP41-DEMO,BATCH-DEMO-002,18.167,3.511,0.554,500.951,44.641,31.861,3.079,32.376,1
2026-09-13T09:39:02+00:00,PRESS-RTP41-DEMO,BATCH-DEMO-002,17.687,3.572,0.642,497.837,44.984,31.85,2.299,32.479,1
2026-09-13T09:39:03+00:00,PRESS-RTP41-DEMO,BATCH-DEMO-002,18.406,3.356,0.602,502.07,44.635,32.543,2.352,33.435,1
2026-09-13T09:39:04+00:00,PRESS-RTP41-DEMO,BATCH-DEMO-002,17.889,3.761,0.659,501.284,45.031,32.468,2.556,33.838,1
2026-09-13T09:39:05+00:00,PRESS-RTP41-DEMO,BATCH-DEMO-002,17.826,3.576,0.662,498.712,44.856,32.028,2.467,33.186,1
2026-09-13T09:39:06+00:00,PRESS-RTP41-DEMO,BATCH-DEMO-002,17.51,3.649,0.688,501.477,45.633,32.377,2.495,33.432,1
2026-09-13T09:39:07+00:00,PRESS-RTP41-DEMO,BATCH-DEMO-002,17.449,3.648,0.697,495.654,44.809,31.861,1.969,32.773,1
2026-09-13T09:39:08+00:00,PRESS-RTP41-DEMO,BATCH-DEMO-002,18.362,3.494,0.671,497.926,44.455,32.01,2.895,32.511,1
2026-09-13T09:39:09+00:00,PRESS-RTP41-DEMO,BATCH-DEMO-002,18.211,3.541,0.648,502.397,45.149,32.11,3.046,32.773,1
2026-09-13T09:39:10+00:00,PRESS-RTP41-DEMO,BATCH-DEMO-002,17.475,3.638,0.681,499.711,45.156,31.899,1.764,33.128,1
2026-09-13T09:39:11+00:00,PRESS-RTP41-DEMO,BATCH-DEMO-002,17.446,3.401,0.61,499.078,45.19,31.999,3.086,32.437,1
2026-09-13T09:39:12+00:00,PRESS-RTP41-DEMO,BATCH-DEMO-002,17.075,3.497,0.666,499.57,44.664,32.036,2.703,31.879,1
2026-09-13T09:39:13+00:00,PRESS-RTP41-DEMO,BATCH-DEMO-002,17.758,3.452,0.66,498.028,45.103,31.881,3.257,33.316,1
2026-09-13T09:39:14+00:00,PRESS-RTP41-DEMO,BATCH-DEMO-002,18.276,3.53,0.662,502.643,45.137,32.26,2.698,33.353,1
2026-09-13T09:39:15+00:00,PRESS-RTP41-DEMO,BATCH-DEMO-002,17.881,3.559,0.635,501.259,44.727,32.159,2.405,32.459,1
2026-09-13T09:39:16+00:00,PRESS-RTP41-DEMO,BATCH-DEMO-002,18.141,3.458,0.58,499.176,45.225,32.426,3.031,33.725,1
2026-09-13T09:39:17+00:00,PRESS-RTP41-DEMO,BATCH-DEMO-002,17.581,3.453,0.594,499.936,44.975,32.103,2.776,33.204,1
2026-09-13T09:39:18+00:00,PRESS-RTP41-DEMO,BATCH-DEMO-002,17.184,3.306,0.631,499.523,45.34,32.469,2.241,31.862,1
2026-09-13T09:39:19+00:00,PRESS-RTP41-DEMO,BATCH-DEMO-002,17.585,3.29,0.731,497.455,44.665,31.802,1.974,32.962,1
2026-09-13T09:39:20+00:00,PRESS-RTP41-DEMO,BATCH-DEMO-002,17.525,3.465,0.627,498.783,45.104,31.957,2.3,32.613,1
2026-09-13T09:39:21+00:00,PRESS-RTP41-DEMO,BATCH-DEMO-002,17.849,3.341,0.715,495.764,45.054,32.178,2.711,31.894,1
2026-09-13T09:39:22+00:00,PRESS-RTP41-DEMO,BATCH-DEMO-002,17.288,3.544,0.708,501.592,44.69,31.407,3.076,33.093,1
2026-09-13T09:39:23+00:00,PRESS-RTP41-DEMO,BATCH-DEMO-002,18.526,3.445,0.615,498.448,44.903,31.52,1.846,33.329,1
2026-09-13T09:39:24+00:00,PRESS-RTP41-DEMO,BATCH-DEMO-002,18.665,3.447,0.63,502.394,44.654,32.066,2.77,31.586,1
2026-09-13T09:39:25+00:00,PRESS-RTP41-DEMO,BATCH-DEMO-002,17.909,3.524,0.578,498.215,44.727,31.686,2.127,32.662,1
2026-09-13T09:39:26+00:00,PRESS-RTP41-DEMO,BATCH-DEMO-002,17.97,3.429,0.576,498.141,45.708,32.116,1.773,33.379,1
2026-09-13T09:39:27+00:00,PRESS-RTP41-DEMO,BATCH-DEMO-002,18.264,3.463,0.669,498.869,45.488,32.122,3.117,33.507,1
2026-09-13T09:39:28+00:00,PRESS-RTP41-DEMO,BATCH-DEMO-002,18.099,3.618,0.727,499.975,44.85,31.737,2.972,34.211,1
2026-09-13T09:39:29+00:00,PRESS-RTP41-DEMO,BATCH-DEMO-002,17.506,3.407,0.691,500.118,44.706,32.401,2.847,33.204,1
2026-09-13T09:39:30+00:00,PRESS-RTP41-DEMO,BATCH-DEMO-002,17.891,3.567,0.593,495.226,45.241,31.877,2.733,31.835,1
2026-09-13T09:39:31+00:00,PRESS-RTP41-DEMO,BATCH-DEMO-002,18.276,3.534,0.692,502.011,45.218,32.613,1.732,32.88,1
2026-09-13T09:39:32+00:00,PRESS-RTP41-DEMO,BATCH-DEMO-002,18.446,3.447,0.661,506.014,44.873,31.907,2.056,32.316,1
2026-09-13T09:39:33+00:00,PRESS-RTP41-DEMO,BATCH-DEMO-002,18.381,3.587,0.714,497.786,45.244,31.942,2.411,33.319,1
2026-09-13T09:39:34+00:00,PRESS-RTP41-DEMO,BATCH-DEMO-002,18.258,3.292,0.656,499.041,44.848,31.828,2.525,32.897,1
2026-09-13T09:39:35+00:00,PRESS-RTP41-DEMO,BATCH-DEMO-002,18.532,3.6,0.529,497.227,44.612,31.975,2.767,34.155,1
2026-09-13T09:39:36+00:00,PRESS-RTP41-DEMO,BATCH-DEMO-002,17.302,3.442,0.588,495.414,45.523,32.247,2.217,32.447,1
2026-09-13T09:39:37+00:00,PRESS-RTP41-DEMO,BATCH-DEMO-002,17.725,3.391,0.669,499.606,44.394,31.92,3.388,31.423,1
2026-09-13T09:39:38+00:00,PRESS-RTP41-DEMO,BATCH-DEMO-002,18.866,3.462,0.723,498.345,45.285,31.773,3.044,33.033,1
2026-09-13T09:39:39+00:00,PRESS-RTP41-DEMO,BATCH-DEMO-002,18.518,3.62,0.733,500.548,44.981,31.861,2.418,32.843,1
2026-09-13T09:39:40+00:00,PRESS-RTP41-DEMO,BATCH-DEMO-002,18.064,3.321,0.613,500.259,45.308,32.336,3.255,31.454,1
2026-09-13T09:39:41+00:00,PRESS-RTP41-DEMO,BATCH-DEMO-002,17.747,3.577,0.708,497.377,45.258,31.437,2.62,32.309,1
2026-09-13T09:39:42+00:00,PRESS-RTP41-DEMO,BATCH-DEMO-002,17.798,3.256,0.692,502.114,45.423,31.959,3.442,34.145,1
2026-09-13T09:39:43+00:00,PRESS-RTP41-DEMO,BATCH-DEMO-002,17.74,3.471,0.75,503.466,45.056,32.39,1.596,32.005,1
2026-09-13T09:39:44+00:00,PRESS-RTP41-DEMO,BATCH-DEMO-002,17.643,3.55,0.604,502.511,44.625,31.777,2.119,31.635,1
2026-09-13T09:39:45+00:00,PRESS-RTP41-DEMO,BATCH-DEMO-002,17.473,3.635,0.615,500.486,44.679,32.344,2.755,33.26,1
2026-09-13T09:39:46+00:00,PRESS-RTP41-DEMO,BATCH-DEMO-002,17.787,3.563,0.666,498.256,45.092,31.744,2.64,32.228,1
2026-09-13T09:39:47+00:00,PRESS-RTP41-DEMO,BATCH-DEMO-002,18.121,3.309,0.604,499.449,45.417,31.978,2.892,33.142,1
2026-09-13T09:39:48+00:00,PRESS-RTP41-DEMO,BATCH-DEMO-002,17.975,3.544,0.614,500.522,44.754,32.286,2.79,32.654,1
2026-09-13T09:39:49+00:00,PRESS-RTP41-DEMO,BATCH-DEMO-002,18.351,3.697,0.699,502.624,45.09,31.802,2.773,34.134,1
2026-09-13T09:39:50+00:00,PRESS-RTP41-DEMO,BATCH-DEMO-002,17.93,3.383,0.699,490.398,45.121,32.237,1.817,33.774,1
2026-09-13T09:39:51+00:00,PRESS-RTP41-DEMO,BATCH-DEMO-002,17.935,3.502,0.64,497.848,45.074,31.812,2.356,33.474,1
2026-09-13T09:39:52+00:00,PRESS-RTP41-DEMO,BATCH-DEMO-002,18.021,3.504,0.708,504.03,44.336,31.646,2.603,33.289,1
2026-09-13T09:39:53+00:00,PRESS-RTP41-DEMO,BATCH-DEMO-002,17.729,3.563,0.593,498.14,45.167,31.695,2.549,33.242,1
2026-09-13T09:39:54+00:00,PRESS-RTP41-DEMO,BATCH-DEMO-002,17.289,3.515,0.665,498.381,45.152,31.804,2.356,33.306,1
2026-09-13T09:39:55+00:00,PRESS-RTP41-DEMO,BATCH-DEMO-002,18.573,3.566,0.61,500.918,45.178,31.993,1.842,32.757,1
2026-09-13T09:39:56+00:00,PRESS-RTP41-DEMO,BATCH-DEMO-002,17.705,3.395,0.644,499.317,44.445,31.834,2.503,32.823,1
2026-09-13T09:39:57+00:00,PRESS-RTP41-DEMO,BATCH-DEMO-002,17.838,3.473,0.642,495.408,44.788,31.84,2.566,32.338,1
2026-09-13T09:39:58+00:00,PRESS-RTP41-DEMO,BATCH-DEMO-002,17.875,3.519,0.691,500.24,44.872,31.977,2.822,32.81,1
2026-09-13T09:39:59+00:00,PRESS-RTP41-DEMO,BATCH-DEMO-002,17.999,3.408,0.683,499.566,45.35,31.855,2.595,33.087,1
2026-09-13T09:40:00+00:00,PRESS-RTP41-DEMO,BATCH-DEMO-002,17.886,3.565,0.622,494.681,45.716,32.153,1.311,30.855,0
2026-09-13T09:40:01+00:00,PRESS-RTP41-DEMO,BATCH-DEMO-002,17.615,3.502,0.547,503.564,44.715,31.998,1.301,31.082,0
2026-09-13T09:40:02+00:00,PRESS-RTP41-DEMO,BATCH-DEMO-002,18.242,3.605,0.693,502.038,45.32,31.799,1.292,31.151,0
2026-09-13T09:40:03+00:00,PRESS-RTP41-DEMO,BATCH-DEMO-002,18.744,3.488,0.696,501.778,44.914,31.791,1.313,31.126,0
2026-09-13T09:40:04+00:00,PRESS-RTP41-DEMO,BATCH-DEMO-002,18.38,3.342,0.652,499.735,44.874,31.657,1.329,31.263,0
2026-09-13T09:40:05+00:00,PRESS-RTP41-DEMO,BATCH-DEMO-002,17.22,3.48,0.691,501.773,45.053,32.7,1.204,30.813,0
2026-09-13T09:40:06+00:00,PRESS-RTP41-DEMO,BATCH-DEMO-002,17.974,3.484,0.689,501.743,45.284,32.091,1.202,31.184,0
2026-09-13T09:40:07+00:00,PRESS-RTP41-DEMO,BATCH-DEMO-002,18.592,3.401,0.704,501.389,45.143,31.782,1.069,30.88,0
2026-09-13T09:40:08+00:00,PRESS-RTP41-DEMO,BATCH-DEMO-002,17.429,3.592,0.704,501.621,44.902,32.21,1.126,31.102,0
2026-09-13T09:40:09+00:00,PRESS-RTP41-DEMO,BATCH-DEMO-002,17.847,3.431,0.641,501.597,44.794,32.462,1.333,30.954,0
2026-09-13T09:40:10+00:00,PRESS-RTP41-DEMO,BATCH-DEMO-002,17.985,3.6,0.694,501.43,45.71,31.772,1.205,31.156,0
2026-09-13T09:40:11+00:00,PRESS-RTP41-DEMO,BATCH-DEMO-002,18.539,3.442,0.67,499.675,44.83,32.231,1.096,31.549,0
2026-09-13T09:40:12+00:00,PRESS-RTP41-DEMO,BATCH-DEMO-002,17.206,3.514,0.623,502.57,44.913,31.248,1.141,31.271,0
2026-09-13T09:40:13+00:00,PRESS-RTP41-DEMO,BATCH-DEMO-002,17.36,3.576,0.659,494.876,45.267,31.915,1.266,31.094,0
2026-09-13T09:40:14+00:00,PRESS-RTP41-DEMO,BATCH-DEMO-002,18.306,3.437,0.595,502.212,44.281,32.368,1.307,31.124,0
2026-09-13T09:40:15+00:00,PRESS-RTP41-DEMO,BATCH-DEMO-002,18.108,3.512,0.656,502.532,45.149,31.775,1.146,30.663,0
2026-09-13T09:40:16+00:00,PRESS-RTP41-DEMO,BATCH-DEMO-002,17.177,3.434,0.673,498.984,45.041,32.234,1.209,30.958,0
2026-09-13T09:40:17+00:00,PRESS-RTP41-DEMO,BATCH-DEMO-002,18.116,3.594,0.629,501.869,45.119,31.188,1.203,30.672,0
2026-09-13T09:40:18+00:00,PRESS-RTP41-DEMO,BATCH-DEMO-002,17.73,3.522,0.61,498.921,44.962,31.854,1.273,31.168,0
2026-09-13T09:40:19+00:00,PRESS-RTP41-DEMO,BATCH-DEMO-002,18.584,3.464,0.64,501.817,44.745,32.054,1.277,30.876,0
2026-09-13T09:40:20+00:00,PRESS-RTP41-DEMO,BATCH-DEMO-002,17.916,3.561,0.592,502.854,44.295,32.41,1.164,31.174,0
2026-09-13T09:40:21+00:00,PRESS-RTP41-DEMO,BATCH-DEMO-002,18.142,3.569,0.574,495.517,44.766,31.726,1.272,30.897,0
2026-09-13T09:40:22+00:00,PRESS-RTP41-DEMO,BATCH-DEMO-002,18.505,3.594,0.664,498.941,45.515,31.683,1.144,30.643,0
2026-09-13T09:40:23+00:00,PRESS-RTP41-DEMO,BATCH-DEMO-002,17.499,3.666,0.661,499.775,44.998,31.982,1.133,30.741,0
2026-09-13T09:40:24+00:00,PRESS-RTP41-DEMO,BATCH-DEMO-002,17.751,3.482,0.597,505.557,45.315,32.355,1.215,31.023,0
2026-09-13T09:40:25+00:00,PRESS-RTP41-DEMO,BATCH-DEMO-002,18.247,3.487,0.59,501.939,44.972,32.368,1.04,31.042,0
2026-09-13T09:40:26+00:00,PRESS-RTP41-DEMO,BATCH-DEMO-002,18.324,3.413,0.644,503.57,45.401,32.139,1.275,31.002,0
2026-09-13T09:40:27+00:00,PRESS-RTP41-DEMO,BATCH-DEMO-002,17.81,3.506,0.695,498.067,45.215,31.952,1.042,30.914,0
2026-09-13T09:40:28+00:00,PRESS-RTP41-DEMO,BATCH-DEMO-002,17.912,3.693,0.648,498.821,45.044,32.203,1.139,31.109,0
2026-09-13T09:40:29+00:00,PRESS-RTP41-DEMO,BATCH-DEMO-002,17.789,3.474,0.659,501.609,44.539,31.533,1.104,31.283,0
2026-09-13T09:40:30+00:00,PRESS-RTP41-DEMO,BATCH-DEMO-002,18.424,3.466,0.628,499.988,44.738,31.398,1.255,30.966,0
2026-09-13T09:40:31+00:00,PRESS-RTP41-DEMO,BATCH-DEMO-002,17.841,3.549,0.633,502.655,45.005,32.155,1.224,31.165,0
2026-09-13T09:40:32+00:00,PRESS-RTP41-DEMO,BATCH-DEMO-002,18.02,3.463,0.746,502.456,45.261,31.588,1.323,30.924,0
2026-09-13T09:40:33+00:00,PRESS-RTP41-DEMO,BATCH-DEMO-002,18.085,3.553,0.682,499.678,44.973,32.011,1.337,30.871,0
2026-09-13T09:40:34+00:00,PRESS-RTP41-DEMO,BATCH-DEMO-002,18.775,3.505,0.634,503.994,45.609,32.167,1.294,31.368,0
2026-09-13T09:40:35+00:00,PRESS-RTP41-DEMO,BATCH-DEMO-002,18.097,3.491,0.687,502.623,44.867,32.069,1.152,30.847,0
2026-09-13T09:40:36+00:00,PRESS-RTP41-DEMO,BATCH-DEMO-002,18.453,3.399,0.76,497.261,45.105,31.946,1.24,30.93,0
2026-09-13T09:40:37+00:00,PRESS-RTP41-DEMO,BATCH-DEMO-002,18.044,3.275,0.73,499.955,44.562,32.099,1.278,31.023,0
2026-09-13T09:40:38+00:00,PRESS-RTP41-DEMO,BATCH-DEMO-002,17.824,3.549,0.616,496.091,45.124,32.258,1.091,30.96,0
2026-09-13T09:40:39+00:00,PRESS-RTP41-DEMO,BATCH-DEMO-002,18.352,3.373,0.555,500.435,44.878,31.795,1.412,31.046,0
2026-09-13T09:40:40+00:00,PRESS-RTP41-DEMO,BATCH-DEMO-002,17.882,3.504,0.636,498.837,44.988,31.836,1.211,31.291,0
2026-09-13T09:40:41+00:00,PRESS-RTP41-DEMO,BATCH-DEMO-002,17.701,3.301,0.649,499.237,44.817,31.792,1.111,31.024,0
2026-09-13T09:40:42+00:00,PRESS-RTP41-DEMO,BATCH-DEMO-002,18.235,3.464,0.657,502.887,45.304,31.605,1.237,31.176,0
2026-09-13T09:40:43+00:00,PRESS-RTP41-DEMO,BATCH-DEMO-002,17.624,3.39,0.608,498.359,45.152,32.246,1.374,30.998,0
2026-09-13T09:40:44+00:00,PRESS-RTP41-DEMO,BATCH-DEMO-002,17.978,3.438,0.677,497.776,45.267,32.365,1.05,30.632,0
2026-09-13T09:40:45+00:00,PRESS-RTP41-DEMO,BATCH-DEMO-002,17.964,3.514,0.662,497.391,44.633,31.776,1.362,31.024,0
2026-09-13T09:40:46+00:00,PRESS-RTP41-DEMO,BATCH-DEMO-002,17.711,3.665,0.648,500.415,45.067,32.099,1.231,30.9,0
2026-09-13T09:40:47+00:00,PRESS-RTP41-DEMO,BATCH-DEMO-002,18.212,3.366,0.646,499.255,44.921,32.826,1.136,30.989,0
2026-09-13T09:40:48+00:00,PRESS-RTP41-DEMO,BATCH-DEMO-002,18.025,3.505,0.702,499.574,44.546,32.114,1.12,30.838,0
2026-09-13T09:40:49+00:00,PRESS-RTP41-DEMO,BATCH-DEMO-002,17.953,3.303,0.599,500.147,44.885,31.552,1.271,31.23,0
2026-09-13T09:40:50+00:00,PRESS-RTP41-DEMO,BATCH-DEMO-002,17.946,3.453,0.623,498.176,45.024,32.389,1.15,31.167,0
2026-09-13T09:40:51+00:00,PRESS-RTP41-DEMO,BATCH-DEMO-002,17.144,3.424,0.677,499.072,44.973,31.758,1.268,31.003,0
2026-09-13T09:40:52+00:00,PRESS-RTP41-DEMO,BATCH-DEMO-002,18.137,3.541,0.605,500.572,45.134,32.098,1.287,31.0,0
2026-09-13T09:40:53+00:00,PRESS-RTP41-DEMO,BATCH-DEMO-002,17.929,3.375,0.647,500.966,45.095,32.339,1.307,31.116,0
2026-09-13T09:40:54+00:00,PRESS-RTP41-DEMO,BATCH-DEMO-002,18.089,3.386,0.574,501.801,45.144,32.387,1.031,30.637,0
2026-09-13T09:40:55+00:00,PRESS-RTP41-DEMO,BATCH-DEMO-002,18.13,3.429,0.514,500.435,45.096,31.806,1.174,31.272,0
2026-09-13T09:40:56+00:00,PRESS-RTP41-DEMO,BATCH-DEMO-002,18.294,3.365,0.726,497.796,45.122,31.81,1.295,31.034,0
2026-09-13T09:40:57+00:00,PRESS-RTP41-DEMO,BATCH-DEMO-002,18.344,3.583,0.649,502.527,44.81,31.648,1.244,31.158,0
2026-09-13T09:40:58+00:00,PRESS-RTP41-DEMO,BATCH-DEMO-002,18.155,3.494,0.697,501.063,44.758,31.748,1.135,31.086,0
2026-09-13T09:40:59+00:00,PRESS-RTP41-DEMO,BATCH-DEMO-002,18.465,3.511,0.698,499.51,44.693,31.736,1.142,30.8,0
2026-09-13T09:41:00+00:00,PRESS-RTP41-DEMO,BATCH-DEMO-002,18.26,3.305,0.749,498.534,44.869,31.665,1.152,31.257,0
2026-09-13T09:41:01+00:00,PRESS-RTP41-DEMO,BATCH-DEMO-002,18.259,3.57,0.666,498.913,44.767,31.973,1.133,31.11,0
2026-09-13T09:41:02+00:00,PRESS-RTP41-DEMO,BATCH-DEMO-002,18.051,3.612,0.608,494.866,44.607,32.206,1.171,31.08,0
2026-09-13T09:41:03+00:00,PRESS-RTP41-DEMO,BATCH-DEMO-002,18.071,3.54,0.665,500.864,44.591,32.057,1.355,31.348,0
2026-09-13T09:41:04+00:00,PRESS-RTP41-DEMO,BATCH-DEMO-002,18.656,3.524,0.702,501.292,45.238,32.156,1.034,31.033,0
2026-09-13T09:41:05+00:00,PRESS-RTP41-DEMO,BATCH-DEMO-002,18.424,3.54,0.684,497.114,44.524,31.506,1.091,30.811,0
2026-09-13T09:41:06+00:00,PRESS-RTP41-DEMO,BATCH-DEMO-002,18.254,3.347,0.583,500.074,44.702,32.307,1.111,31.009,0
2026-09-13T09:41:07+00:00,PRESS-RTP41-DEMO,BATCH-DEMO-002,18.009,3.397,0.71,499.521,44.998,31.988,1.292,30.718,0
2026-09-13T09:41:08+00:00,PRESS-RTP41-DEMO,BATCH-DEMO-002,17.995,3.505,0.702,499.583,45.06,31.948,1.129,31.024,0
2026-09-13T09:41:09+00:00,PRESS-RTP41-DEMO,BATCH-DEMO-002,17.852,3.506,0.649,498.08,44.692,31.573,1.144,31.306,0
2026-09-13T09:41:10+00:00,PRESS-RTP41-DEMO,BATCH-DEMO-002,18.38,3.438,0.7,502.64,45.539,32.315,1.163,30.925,0
2026-09-13T09:41:11+00:00,PRESS-RTP41-DEMO,BATCH-DEMO-002,18.147,3.32,0.541,498.311,45.383,32.376,1.059,30.879,0
2026-09-13T09:41:12+00:00,PRESS-RTP41-DEMO,BATCH-DEMO-002,18.073,3.516,0.644,498.343,45.077,31.389,1.413,31.085,0
2026-09-13T09:41:13+00:00,PRESS-RTP41-DEMO,BATCH-DEMO-002,18.602,3.63,0.688,499.618,44.94,31.732,1.253,30.792,0
2026-09-13T09:41:14+00:00,PRESS-RTP41-DEMO,BATCH-DEMO-002,18.253,3.523,0.64,500.06,44.864,32.477,1.084,31.285,0
2026-09-13T09:41:15+00:00,PRESS-RTP41-DEMO,BATCH-DEMO-002,18.738,3.581,0.552,501.142,45.441,31.907,1.268,31.285,0
2026-09-13T09:41:16+00:00,PRESS-RTP41-DEMO,BATCH-DEMO-002,18.239,3.583,0.664,496.684,45.256,31.756,1.04,31.141,0
2026-09-13T09:41:17+00:00,PRESS-RTP41-DEMO,BATCH-DEMO-002,17.869,3.481,0.73,498.237,45.344,32.256,1.113,30.763,0
2026-09-13T09:41:18+00:00,PRESS-RTP41-DEMO,BATCH-DEMO-002,18.219,3.405,0.723,497.211,45.378,31.845,1.373,31.286,0
2026-09-13T09:41:19+00:00,PRESS-RTP41-DEMO,BATCH-DEMO-002,18.281,3.681,0.654,504.044,45.732,31.929,1.123,30.907,0
2026-09-13T09:41:20+00:00,PRESS-RTP41-DEMO,BATCH-DEMO-002,18.023,3.43,0.681,498.263,45.135,32.299,1.199,31.242,0
2026-09-13T09:41:21+00:00,PRESS-RTP41-DEMO,BATCH-DEMO-002,17.938,3.385,0.748,494.033,44.808,32.056,1.037,30.529,0
2026-09-13T09:41:22+00:00,PRESS-RTP41-DEMO,BATCH-DEMO-002,17.909,3.58,0.656,499.146,44.945,31.661,1.266,30.922,0
2026-09-13T09:41:23+00:00,PRESS-RTP41-DEMO,BATCH-DEMO-002,17.851,3.414,0.639,498.507,44.937,31.87,1.196,30.859,0
2026-09-13T09:41:24+00:00,PRESS-RTP41-DEMO,BATCH-DEMO-002,18.537,3.696,0.569,496.943,45.078,32.094,1.126,30.833,0
2026-09-13T09:41:25+00:00,PRESS-RTP41-DEMO,BATCH-DEMO-002,18.348,3.534,0.689,503.405,45.238,31.91,1.129,30.946,0
2026-09-13T09:41:26+00:00,PRESS-RTP41-DEMO,BATCH-DEMO-002,17.589,3.566,0.654,497.033,45.11,32.313,0.935,31.059,0
2026-09-13T09:41:27+00:00,PRESS-RTP41-DEMO,BATCH-DEMO-002,18.612,3.529,0.582,502.587,44.847,32.279,1.279,30.672,0
2026-09-13T09:41:28+00:00,PRESS-RTP41-DEMO,BATCH-DEMO-002,17.674,3.345,0.679,499.575,45.609,32.123,1.289,31.146,0
2026-09-13T09:41:29+00:00,PRESS-RTP41-DEMO,BATCH-DEMO-002,18.155,3.38,0.621,499.293,44.706,32.176,1.334,30.994,0
2026-09-13T09:41:30+00:00,PRESS-RTP41-DEMO,BATCH-DEMO-002,18.063,3.46,0.707,498.937,44.935,32.157,1.263,31.062,0
2026-09-13T09:41:31+00:00,PRESS-RTP41-DEMO,BATCH-DEMO-002,17.716,3.449,0.631,499.317,44.992,31.976,1.22,30.769,0
2026-09-13T09:41:32+00:00,PRESS-RTP41-DEMO,BATCH-DEMO-002,18.301,3.506,0.672,492.869,44.941,31.866,1.218,30.908,0
2026-09-13T09:41:33+00:00,PRESS-RTP41-DEMO,BATCH-DEMO-002,17.326,3.314,0.587,500.446,44.809,32.556,1.203,30.991,0
2026-09-13T09:41:34+00:00,PRESS-RTP41-DEMO,BATCH-DEMO-002,18.028,3.59,0.665,505.639,44.793,31.958,1.298,31.553,0
2026-09-13T09:41:35+00:00,PRESS-RTP41-DEMO,BATCH-DEMO-002,17.495,3.532,0.68,503.032,45.353,32.133,1.14,30.658,0
2026-09-13T09:41:36+00:00,PRESS-RTP41-DEMO,BATCH-DEMO-002,17.613,3.511,0.625,501.654,45.088,32.518,1.34,30.976,0
2026-09-13T09:41:37+00:00,PRESS-RTP41-DEMO,BATCH-DEMO-002,18.147,3.428,0.731,498.975,44.607,32.024,1.203,31.205,0
2026-09-13T09:41:38+00:00,PRESS-RTP41-DEMO,BATCH-DEMO-002,17.573,3.383,0.667,501.233,44.735,32.007,1.3,31.044,0
2026-09-13T09:41:39+00:00,PRESS-RTP41-DEMO,BATCH-DEMO-002,17.853,3.476,0.626,505.952,44.716,32.051,1.305,30.979,0
2026-09-13T09:41:40+00:00,PRESS-RTP41-DEMO,BATCH-DEMO-002,18.57,3.477,0.607,491.911,45.086,31.113,1.38,31.271,0
2026-09-13T09:41:41+00:00,PRESS-RTP41-DEMO,BATCH-DEMO-002,17.75,3.458,0.669,495.066,44.98,32.474,1.261,30.74,0
2026-09-13T09:41:42+00:00,PRESS-RTP41-DEMO,BATCH-DEMO-002,18.283,3.465,0.668,493.257,44.989,31.983,1.276,30.737,0
2026-09-13T09:41:43+00:00,PRESS-RTP41-DEMO,BATCH-DEMO-002,18.28,3.409,0.652,499.384,44.909,32.06,1.251,31.126,0
2026-09-13T09:41:44+00:00,PRESS-RTP41-DEMO,BATCH-DEMO-002,18.126,3.373,0.688,499.094,45.32,31.863,1.024,30.91,0
2026-09-13T09:41:45+00:00,PRESS-RTP41-DEMO,BATCH-DEMO-002,18.377,3.419,0.58,496.943,45.652,32.182,1.19,31.149,0
2026-09-13T09:41:46+00:00,PRESS-RTP41-DEMO,BATCH-DEMO-002,18.025,3.467,0.694,500.061,44.535,32.169,1.298,31.225,0
2026-09-13T09:41:47+00:00,PRESS-RTP41-DEMO,BATCH-DEMO-002,18.067,3.453,0.551,499.761,45.14,32.579,1.161,30.788,0
2026-09-13T09:41:48+00:00,PRESS-RTP41-DEMO,BATCH-DEMO-002,18.165,3.517,0.632,502.487,44.508,32.436,1.154,31.197,0
2026-09-13T09:41:49+00:00,PRESS-RTP41-DEMO,BATCH-DEMO-002,18.527,3.496,0.538,500.352,44.969,31.686,1.238,30.754,0
2026-09-13T09:41:50+00:00,PRESS-RTP41-DEMO,BATCH-DEMO-002,18.026,3.275,0.664,496.046,44.801,32.229,1.157,31.139,0
2026-09-13T09:41:51+00:00,PRESS-RTP41-DEMO,BATCH-DEMO-002,17.842,3.507,0.635,499.087,45.14,31.513,1.28,30.927,0
2026-09-13T09:41:52+00:00,PRESS-RTP41-DEMO,BATCH-DEMO-002,17.718,3.656,0.576,497.209,44.372,32.048,1.13,31.255,0
2026-09-13T09:41:53+00:00,PRESS-RTP41-DEMO,BATCH-DEMO-002,17.666,3.492,0.649,500.682,44.957,32.512,1.206,30.987,0
2026-09-13T09:41:54+00:00,PRESS-RTP41-DEMO,BATCH-DEMO-002,18.406,3.574,0.649,500.389,45.088,32.573,1.308,30.831,0
2026-09-13T09:41:55+00:00,PRESS-RTP41-DEMO,BATCH-DEMO-002,17.48,3.591,0.664,498.517,45.193,31.741,1.061,31.239,0
2026-09-13T09:41:56+00:00,PRESS-RTP41-DEMO,BATCH-DEMO-002,17.594,3.533,0.768,500.819,44.989,31.753,1.17,30.667,0
2026-09-13T09:41:57+00:00,PRESS-RTP41-DEMO,BATCH-DEMO-002,18.498,3.446,0.693,498.582,44.719,32.322,0.985,30.873,0
2026-09-13T09:41:58+00:00,PRESS-RTP41-DEMO,BATCH-DEMO-002,17.281,3.539,0.669,502.022,45.007,31.816,1.052,30.919,0
2026-09-13T09:41:59+00:00,PRESS-RTP41-DEMO,BATCH-DEMO-002,18.645,3.512,0.61,500.14,45.059,31.984,1.256,31.067,0
2026-09-13T09:42:00+00:00,PRESS-RTP41-DEMO,BATCH-DEMO-002,18.382,3.479,0.652,499.683,45.383,31.717,1.156,30.852,0
2026-09-13T09:42:01+00:00,PRESS-RTP41-DEMO,BATCH-DEMO-002,18.623,3.525,0.646,500.173,44.826,31.807,1.164,30.899,0
2026-09-13T09:42:02+00:00,PRESS-RTP41-DEMO,BATCH-DEMO-002,17.922,3.41,0.607,498.521,44.847,31.543,1.34,30.877,0
2026-09-13T09:42:03+00:00,PRESS-RTP41-DEMO,BATCH-DEMO-002,18.301,3.414,0.644,497.284,45.089,32.237,1.191,31.352,0
2026-09-13T09:42:04+00:00,PRESS-RTP41-DEMO,BATCH-DEMO-002,18.061,3.457,0.643,501.106,44.383,31.708,1.143,31.121,0
2026-09-13T09:42:05+00:00,PRESS-RTP41-DEMO,BATCH-DEMO-002,16.759,3.556,0.628,495.584,44.981,31.767,1.185,30.873,0
2026-09-13T09:42:06+00:00,PRESS-RTP41-DEMO,BATCH-DEMO-002,17.866,3.386,0.736,496.039,44.78,31.648,1.18,31.135,0
2026-09-13T09:42:07+00:00,PRESS-RTP41-DEMO,BATCH-DEMO-002,18.27,3.229,0.598,501.586,45.175,32.027,1.169,31.216,0
2026-09-13T09:42:08+00:00,PRESS-RTP41-DEMO,BATCH-DEMO-002,17.823,3.396,0.629,501.964,45.1,32.368,1.214,30.879,0
2026-09-13T09:42:09+00:00,PRESS-RTP41-DEMO,BATCH-DEMO-002,17.873,3.402,0.704,496.089,45.268,32.612,1.422,31.109,0
2026-09-13T09:42:10+00:00,PRESS-RTP41-DEMO,BATCH-DEMO-002,18.139,3.498,0.689,498.818,45.109,32.246,1.187,30.841,0
2026-09-13T09:42:11+00:00,PRESS-RTP41-DEMO,BATCH-DEMO-002,18.462,3.544,0.614,498.42,44.78,31.821,1.329,31.32,0
2026-09-13T09:42:12+00:00,PRESS-RTP41-DEMO,BATCH-DEMO-002,17.333,3.572,0.681,499.419,44.938,32.004,1.178,30.978,0
2026-09-13T09:42:13+00:00,PRESS-RTP41-DEMO,BATCH-DEMO-002,17.718,3.436,0.611,501.641,44.933,31.545,1.119,30.847,0
2026-09-13T09:42:14+00:00,PRESS-RTP41-DEMO,BATCH-DEMO-002,18.133,3.46,0.674,497.992,44.939,32.171,1.317,31.073,0
2026-09-13T09:42:15+00:00,PRESS-RTP41-DEMO,BATCH-DEMO-002,17.485,3.417,0.666,499.046,44.726,31.592,1.117,31.116,0
2026-09-13T09:42:16+00:00,PRESS-RTP41-DEMO,BATCH-DEMO-002,18.24,3.435,0.633,500.249,44.763,31.882,1.318,30.996,0
2026-09-13T09:42:17+00:00,PRESS-RTP41-DEMO,BATCH-DEMO-002,18.14,3.566,0.563,494.931,44.679,32.207,0.952,31.181,0
2026-09-13T09:42:18+00:00,PRESS-RTP41-DEMO,BATCH-DEMO-002,17.401,3.486,0.672,497.924,45.288,31.542,1.029,30.541,0
2026-09-13T09:42:19+00:00,PRESS-RTP41-DEMO,BATCH-DEMO-002,18.317,3.352,0.667,500.714,45.217,32.36,1.232,30.593,0
2026-09-13T09:42:20+00:00,PRESS-RTP41-DEMO,BATCH-DEMO-002,17.669,3.418,0.624,498.413,45.186,32.472,1.18,31.083,0
2026-09-13T09:42:21+00:00,PRESS-RTP41-DEMO,BATCH-DEMO-002,18.24,3.652,0.73,502.192,45.467,31.469,1.202,30.695,0
2026-09-13T09:42:22+00:00,PRESS-RTP41-DEMO,BATCH-DEMO-002,17.787,3.578,0.626,501.94,44.806,31.843,1.231,31.205,0
2026-09-13T09:42:23+00:00,PRESS-RTP41-DEMO,BATCH-DEMO-002,17.244,3.29,0.721,501.349,45.001,31.924,1.149,30.878,0
2026-09-13T09:42:24+00:00,PRESS-RTP41-DEMO,BATCH-DEMO-002,17.54,3.481,0.594,504.581,45.372,32.047,1.088,31.016,0
2026-09-13T09:42:25+00:00,PRESS-RTP41-DEMO,BATCH-DEMO-002,18.516,3.393,0.672,503.124,44.798,32.009,1.251,31.181,0
2026-09-13T09:42:26+00:00,PRESS-RTP41-DEMO,BATCH-DEMO-002,17.78,3.417,0.615,498.176,44.777,32.012,1.23,30.84,0
2026-09-13T09:42:27+00:00,PRESS-RTP41-DEMO,BATCH-DEMO-002,18.124,3.349,0.671,499.668,44.796,32.096,1.206,31.378,0
2026-09-13T09:42:28+00:00,PRESS-RTP41-DEMO,BATCH-DEMO-002,18.588,3.503,0.678,505.084,45.306,31.727,1.222,31.157,0
2026-09-13T09:42:29+00:00,PRESS-RTP41-DEMO,BATCH-DEMO-002,17.697,3.432,0.692,500.093,45.302,31.745,1.309,30.969,0
2026-09-13T09:42:30+00:00,PRESS-RTP41-DEMO,BATCH-DEMO-002,17.689,3.416,0.662,501.596,45.081,31.857,1.135,31.294,0
2026-09-13T09:42:31+00:00,PRESS-RTP41-DEMO,BATCH-DEMO-002,18.648,3.349,0.652,500.37,45.278,31.691,1.249,30.985,0
2026-09-13T09:42:32+00:00,PRESS-RTP41-DEMO,BATCH-DEMO-002,17.56,3.52,0.579,502.678,45.032,32.123,1.213,31.162,0
2026-09-13T09:42:33+00:00,PRESS-RTP41-DEMO,BATCH-DEMO-002,17.891,3.451,0.612,499.74,45.125,31.784,1.291,31.263,0
2026-09-13T09:42:34+00:00,PRESS-RTP41-DEMO,BATCH-DEMO-002,17.955,3.37,0.684,501.544,44.585,31.861,1.262,30.84,0
2026-09-13T09:42:35+00:00,PRESS-RTP41-DEMO,BATCH-DEMO-002,17.846,3.53,0.668,503.47,45.348,31.432,1.316,30.806,0
2026-09-13T09:42:36+00:00,PRESS-RTP41-DEMO,BATCH-DEMO-002,18.237,3.59,0.729,497.472,44.76,32.3,1.274,30.713,0
2026-09-13T09:42:37+00:00,PRESS-RTP41-DEMO,BATCH-DEMO-002,17.826,3.591,0.609,497.716,45.311,32.065,1.091,31.161,0
2026-09-13T09:42:38+00:00,PRESS-RTP41-DEMO,BATCH-DEMO-002,18.215,3.514,0.698,504.705,45.035,31.962,1.173,31.166,0
2026-09-13T09:42:39+00:00,PRESS-RTP41-DEMO,BATCH-DEMO-002,17.708,3.35,0.652,501.821,44.917,31.654,1.134,30.968,0
2026-09-13T09:42:40+00:00,PRESS-RTP41-DEMO,BATCH-DEMO-002,18.502,3.61,0.677,500.054,44.818,32.097,1.186,31.154,0
2026-09-13T09:42:41+00:00,PRESS-RTP41-DEMO,BATCH-DEMO-002,18.147,3.528,0.684,499.845,44.351,32.4,1.217,31.244,0
2026-09-13T09:42:42+00:00,PRESS-RTP41-DEMO,BATCH-DEMO-002,17.607,3.408,0.705,501.678,45.446,31.64,1.193,31.065,0
2026-09-13T09:42:43+00:00,PRESS-RTP41-DEMO,BATCH-DEMO-002,17.831,3.424,0.702,503.942,45.622,32.238,1.131,30.603,0
2026-09-13T09:42:44+00:00,PRESS-RTP41-DEMO,BATCH-DEMO-002,17.626,3.796,0.659,502.028,44.95,32.482,1.22,30.882,0
2026-09-13T09:42:45+00:00,PRESS-RTP41-DEMO,BATCH-DEMO-002,18.435,3.378,0.686,500.972,44.685,31.911,1.121,30.804,0
2026-09-13T09:42:46+00:00,PRESS-RTP41-DEMO,BATCH-DEMO-002,18.038,3.626,0.622,496.57,44.333,31.886,1.422,31.028,0
2026-09-13T09:42:47+00:00,PRESS-RTP41-DEMO,BATCH-DEMO-002,17.655,3.448,0.628,498.21,45.017,32.156,1.111,30.388,0
2026-09-13T09:42:48+00:00,PRESS-RTP41-DEMO,BATCH-DEMO-002,17.37,3.56,0.651,498.296,45.043,32.189,1.063,31.224,0
2026-09-13T09:42:49+00:00,PRESS-RTP41-DEMO,BATCH-DEMO-002,18.641,3.434,0.648,503.573,44.962,31.955,0.83,31.146,0
2026-09-13T09:42:50+00:00,PRESS-RTP41-DEMO,BATCH-DEMO-002,18.404,3.545,0.683,501.595,45.032,31.806,1.088,30.928,0
2026-09-13T09:42:51+00:00,PRESS-RTP41-DEMO,BATCH-DEMO-002,17.87,3.52,0.624,500.874,45.023,31.926,1.182,30.953,0
2026-09-13T09:42:52+00:00,PRESS-RTP41-DEMO,BATCH-DEMO-002,17.991,3.531,0.528,499.471,44.79,31.672,1.09,30.838,0
2026-09-13T09:42:53+00:00,PRESS-RTP41-DEMO,BATCH-DEMO-002,17.55,3.526,0.678,500.708,45.023,32.029,1.278,31.18,0
2026-09-13T09:42:54+00:00,PRESS-RTP41-DEMO,BATCH-DEMO-002,18.524,3.543,0.529,494.325,44.902,32.291,1.221,30.918,0
2026-09-13T09:42:55+00:00,PRESS-RTP41-DEMO,BATCH-DEMO-002,18.018,3.384,0.651,504.471,45.504,32.11,1.259,31.151,0
2026-09-13T09:42:56+00:00,PRESS-RTP41-DEMO,BATCH-DEMO-002,18.076,3.341,0.54,503.864,44.987,32.272,1.419,30.759,0
2026-09-13T09:42:57+00:00,PRESS-RTP41-DEMO,BATCH-DEMO-002,17.381,3.544,0.668,500.848,44.833,31.838,1.247,31.13,0
2026-09-13T09:42:58+00:00,PRESS-RTP41-DEMO,BATCH-DEMO-002,18.279,3.529,0.573,501.346,44.991,32.508,1.185,31.234,0
2026-09-13T09:42:59+00:00,PRESS-RTP41-DEMO,BATCH-DEMO-002,18.259,3.488,0.701,496.024,45.069,32.328,1.354,30.912,0
2026-09-13T09:43:00+00:00,PRESS-RTP41-DEMO,BATCH-DEMO-002,17.965,3.532,0.663,500.275,44.81,32.017,1.047,30.975,0
2026-09-13T09:43:01+00:00,PRESS-RTP41-DEMO,BATCH-DEMO-002,17.981,3.351,0.673,504.258,45.406,31.95,1.119,31.094,0
2026-09-13T09:43:02+00:00,PRESS-RTP41-DEMO,BATCH-DEMO-002,18.248,3.345,0.731,498.793,45.3,32.028,0.983,30.93,0
2026-09-13T09:43:03+00:00,PRESS-RTP41-DEMO,BATCH-DEMO-002,17.698,3.331,0.628,496.445,45.139,31.699,1.041,31.188,0
2026-09-13T09:43:04+00:00,PRESS-RTP41-DEMO,BATCH-DEMO-002,18.301,3.703,0.668,502.191,45.266,31.94,1.116,30.964,0
2026-09-13T09:43:05+00:00,PRESS-RTP41-DEMO,BATCH-DEMO-002,17.517,3.577,0.625,496.217,44.712,32.063,1.327,31.263,0
2026-09-13T09:43:06+00:00,PRESS-RTP41-DEMO,BATCH-DEMO-002,18.804,3.551,0.637,501.456,44.952,31.665,1.091,31.04,0
2026-09-13T09:43:07+00:00,PRESS-RTP41-DEMO,BATCH-DEMO-002,18.206,3.348,0.679,499.133,44.841,31.542,1.184,31.026,0
2026-09-13T09:43:08+00:00,PRESS-RTP41-DEMO,BATCH-DEMO-002,18.329,3.485,0.597,500.041,45.128,32.037,1.323,30.944,0
2026-09-13T09:43:09+00:00,PRESS-RTP41-DEMO,BATCH-DEMO-002,18.583,3.598,0.546,501.577,44.887,31.584,1.339,30.765,0
2026-09-13T09:43:10+00:00,PRESS-RTP41-DEMO,BATCH-DEMO-002,18.344,3.532,0.587,498.139,44.877,32.111,1.197,30.963,0
2026-09-13T09:43:11+00:00,PRESS-RTP41-DEMO,BATCH-DEMO-002,16.961,3.73,0.657,501.371,45.111,31.751,1.097,31.024,0
2026-09-13T09:43:12+00:00,PRESS-RTP41-DEMO,BATCH-DEMO-002,18.143,3.621,0.654,499.54,44.967,31.907,1.234,30.519,0
2026-09-13T09:43:13+00:00,PRESS-RTP41-DEMO,BATCH-DEMO-002,17.717,3.428,0.657,500.467,44.844,32.482,1.13,30.921,0
2026-09-13T09:43:14+00:00,PRESS-RTP41-DEMO,BATCH-DEMO-002,17.361,3.309,0.678,501.102,44.69,31.774,1.188,30.687,0
2026-09-13T09:43:15+00:00,PRESS-RTP41-DEMO,BATCH-DEMO-002,18.12,3.667,0.66,497.217,45.307,32.542,1.278,30.883,0
2026-09-13T09:43:16+00:00,PRESS-RTP41-DEMO,BATCH-DEMO-002,18.163,3.458,0.674,501.876,45.165,32.611,1.139,31.076,0
2026-09-13T09:43:17+00:00,PRESS-RTP41-DEMO,BATCH-DEMO-002,18.624,3.517,0.762,499.257,44.677,31.677,1.214,30.948,0
2026-09-13T09:43:18+00:00,PRESS-RTP41-DEMO,BATCH-DEMO-002,18.6,3.509,0.6,496.259,44.827,32.147,1.143,31.03,0
2026-09-13T09:43:19+00:00,PRESS-RTP41-DEMO,BATCH-DEMO-002,17.93,3.432,0.626,500.688,44.793,32.023,1.121,31.097,0
2026-09-13T09:43:20+00:00,PRESS-RTP41-DEMO,BATCH-DEMO-002,18.055,3.453,0.667,499.654,45.635,31.874,0.971,30.996,0
2026-09-13T09:43:21+00:00,PRESS-RTP41-DEMO,BATCH-DEMO-002,18.195,3.639,0.765,497.114,45.053,31.979,1.292,30.858,0
2026-09-13T09:43:22+00:00,PRESS-RTP41-DEMO,BATCH-DEMO-002,18.329,3.475,0.564,499.273,44.779,31.635,1.098,30.891,0
2026-09-13T09:43:23+00:00,PRESS-RTP41-DEMO,BATCH-DEMO-002,18.012,3.494,0.603,495.07,45.377,32.082,1.268,31.06,0
2026-09-13T09:43:24+00:00,PRESS-RTP41-DEMO,BATCH-DEMO-002,18.407,3.622,0.686,501.375,45.008,31.234,1.131,30.824,0
2026-09-13T09:43:25+00:00,PRESS-RTP41-DEMO,BATCH-DEMO-002,18.681,3.43,0.569,503.655,44.516,31.511,1.275,30.952,0
2026-09-13T09:43:26+00:00,PRESS-RTP41-DEMO,BATCH-DEMO-002,18.38,3.569,0.677,502.12,44.687,32.432,1.17,31.22,0
2026-09-13T09:43:27+00:00,PRESS-RTP41-DEMO,BATCH-DEMO-002,18.437,3.474,0.656,502.045,45.334,31.941,1.359,31.247,0
2026-09-13T09:43:28+00:00,PRESS-RTP41-DEMO,BATCH-DEMO-002,17.711,3.563,0.659,502.296,45.097,31.899,1.218,31.001,0
2026-09-13T09:43:29+00:00,PRESS-RTP41-DEMO,BATCH-DEMO-002,18.374,3.66,0.665,496.279,45.024,32.104,1.276,30.907,0
2026-09-13T09:43:30+00:00,PRESS-RTP41-DEMO,BATCH-DEMO-002,18.387,3.423,0.584,502.143,45.235,32.222,1.176,30.512,0
2026-09-13T09:43:31+00:00,PRESS-RTP41-DEMO,BATCH-DEMO-002,18.175,3.515,0.686,499.287,45.125,32.308,1.136,30.806,0
2026-09-13T09:43:32+00:00,PRESS-RTP41-DEMO,BATCH-DEMO-002,17.797,3.481,0.662,503.898,44.936,31.935,1.321,30.932,0
2026-09-13T09:43:33+00:00,PRESS-RTP41-DEMO,BATCH-DEMO-002,17.637,3.596,0.648,500.608,44.458,31.733,1.249,31.337,0
2026-09-13T09:43:34+00:00,PRESS-RTP41-DEMO,BATCH-DEMO-002,18.119,3.425,0.661,498.752,44.349,31.736,1.226,30.848,0
2026-09-13T09:43:35+00:00,PRESS-RTP41-DEMO,BATCH-DEMO-002,17.799,3.578,0.687,502.169,44.894,32.158,1.32,31.237,0
2026-09-13T09:43:36+00:00,PRESS-RTP41-DEMO,BATCH-DEMO-002,18.847,3.519,0.595,497.979,45.318,32.132,1.028,30.956,0
2026-09-13T09:43:37+00:00,PRESS-RTP41-DEMO,BATCH-DEMO-002,18.519,3.52,0.635,503.19,45.008,31.75,1.35,31.059,0
2026-09-13T09:43:38+00:00,PRESS-RTP41-DEMO,BATCH-DEMO-002,17.614,3.482,0.677,497.206,44.676,32.005,1.282,30.992,0
2026-09-13T09:43:39+00:00,PRESS-RTP41-DEMO,BATCH-DEMO-002,18.355,3.539,0.638,499.612,45.651,32.068,1.19,30.921,0
2026-09-13T09:43:40+00:00,PRESS-RTP41-DEMO,BATCH-DEMO-002,19.354,3.439,0.624,496.041,45.433,32.256,1.215,31.247,0
2026-09-13T09:43:41+00:00,PRESS-RTP41-DEMO,BATCH-DEMO-002,18.128,3.529,0.686,494.935,45.154,32.377,0.94,31.161,0
2026-09-13T09:43:42+00:00,PRESS-RTP41-DEMO,BATCH-DEMO-002,17.54,3.647,0.708,497.379,45.198,31.479,1.253,30.891,0
2026-09-13T09:43:43+00:00,PRESS-RTP41-DEMO,BATCH-DEMO-002,18.097,3.568,0.634,493.623,45.387,32.788,1.112,31.061,0
2026-09-13T09:43:44+00:00,PRESS-RTP41-DEMO,BATCH-DEMO-002,17.616,3.584,0.685,500.267,45.082,32.359,1.204,30.884,0
2026-09-13T09:43:45+00:00,PRESS-RTP41-DEMO,BATCH-DEMO-002,17.664,3.596,0.652,495.928,45.083,31.931,1.135,31.34,0
2026-09-13T09:43:46+00:00,PRESS-RTP41-DEMO,BATCH-DEMO-002,18.093,3.478,0.627,503.921,45.134,31.786,1.247,31.075,0
2026-09-13T09:43:47+00:00,PRESS-RTP41-DEMO,BATCH-DEMO-002,17.485,3.694,0.651,499.197,44.803,31.55,1.175,31.187,0
2026-09-13T09:43:48+00:00,PRESS-RTP41-DEMO,BATCH-DEMO-002,18.176,3.629,0.659,502.781,44.657,32.438,1.078,30.961,0
2026-09-13T09:43:49+00:00,PRESS-RTP41-DEMO,BATCH-DEMO-002,18.227,3.27,0.566,501.278,44.707,31.898,1.312,31.223,0
2026-09-13T09:43:50+00:00,PRESS-RTP41-DEMO,BATCH-DEMO-002,17.982,3.595,0.643,499.212,45.656,32.889,1.237,30.941,0
2026-09-13T09:43:51+00:00,PRESS-RTP41-DEMO,BATCH-DEMO-002,17.684,3.446,0.753,499.375,44.905,31.626,1.179,30.747,0
2026-09-13T09:43:52+00:00,PRESS-RTP41-DEMO,BATCH-DEMO-002,17.819,3.474,0.56,501.706,45.381,32.198,1.18,30.736,0
2026-09-13T09:43:53+00:00,PRESS-RTP41-DEMO,BATCH-DEMO-002,17.886,3.655,0.741,499.692,44.968,32.106,1.326,30.861,0
2026-09-13T09:43:54+00:00,PRESS-RTP41-DEMO,BATCH-DEMO-002,18.405,3.39,0.704,501.557,44.649,31.846,1.023,30.908,0
2026-09-13T09:43:55+00:00,PRESS-RTP41-DEMO,BATCH-DEMO-002,17.321,3.669,0.641,504.487,44.886,32.494,1.087,30.774,0
2026-09-13T09:43:56+00:00,PRESS-RTP41-DEMO,BATCH-DEMO-002,17.903,3.522,0.647,497.998,45.021,32.23,1.318,30.867,0
2026-09-13T09:43:57+00:00,PRESS-RTP41-DEMO,BATCH-DEMO-002,17.863,3.326,0.74,504.29,45.505,31.806,1.364,30.978,0
2026-09-13T09:43:58+00:00,PRESS-RTP41-DEMO,BATCH-DEMO-002,18.116,3.468,0.563,500.884,44.867,31.965,1.11,31.422,0
2026-09-13T09:43:59+00:00,PRESS-RTP41-DEMO,BATCH-DEMO-002,17.628,3.455,0.64,506.065,45.798,32.139,1.195,30.768,0
2026-09-13T09:44:00+00:00,PRESS-RTP41-DEMO,BATCH-DEMO-002,17.768,3.457,0.588,498.051,44.902,32.542,1.062,31.031,0
2026-09-13T09:44:01+00:00,PRESS-RTP41-DEMO,BATCH-DEMO-002,18.108,3.652,0.58,498.406,45.168,32.47,1.23,30.977,0
2026-09-13T09:44:02+00:00,PRESS-RTP41-DEMO,BATCH-DEMO-002,17.936,3.693,0.629,501.696,45.193,32.511,1.246,31.011,0
2026-09-13T09:44:03+00:00,PRESS-RTP41-DEMO,BATCH-DEMO-002,17.945,3.511,0.702,497.469,44.706,32.14,1.081,30.795,0
2026-09-13T09:44:04+00:00,PRESS-RTP41-DEMO,BATCH-DEMO-002,16.993,3.504,0.702,503.473,45.025,31.786,1.261,30.995,0
2026-09-13T09:44:05+00:00,PRESS-RTP41-DEMO,BATCH-DEMO-002,17.868,3.525,0.674,499.29,44.611,32.202,1.206,31.31,0
2026-09-13T09:44:06+00:00,PRESS-RTP41-DEMO,BATCH-DEMO-002,18.326,3.536,0.7,500.149,44.573,31.598,1.418,31.109,0
2026-09-13T09:44:07+00:00,PRESS-RTP41-DEMO,BATCH-DEMO-002,18.166,3.318,0.634,501.382,45.167,32.064,0.931,31.317,0
2026-09-13T09:44:08+00:00,PRESS-RTP41-DEMO,BATCH-DEMO-002,17.857,3.568,0.627,496.078,45.527,32.498,1.045,30.921,0
2026-09-13T09:44:09+00:00,PRESS-RTP41-DEMO,BATCH-DEMO-002,18.336,3.537,0.698,500.265,45.339,32.149,1.226,31.014,0
2026-09-13T09:44:10+00:00,PRESS-RTP41-DEMO,BATCH-DEMO-002,17.946,3.535,0.585,498.795,44.518,32.368,1.263,30.74,0
2026-09-13T09:44:11+00:00,PRESS-RTP41-DEMO,BATCH-DEMO-002,18.086,3.464,0.605,502.402,45.165,31.828,1.076,31.418,0
2026-09-13T09:44:12+00:00,PRESS-RTP41-DEMO,BATCH-DEMO-002,18.137,3.7,0.732,499.427,45.152,31.916,1.196,31.09,0
2026-09-13T09:44:13+00:00,PRESS-RTP41-DEMO,BATCH-DEMO-002,18.472,3.541,0.607,500.268,44.756,31.566,1.227,31.147,0
2026-09-13T09:44:14+00:00,PRESS-RTP41-DEMO,BATCH-DEMO-002,17.401,3.569,0.675,498.539,44.965,32.211,1.145,30.886,0
2026-09-13T09:44:15+00:00,PRESS-RTP41-DEMO,BATCH-DEMO-002,17.946,3.525,0.699,502.359,44.831,31.948,1.138,31.046,0
2026-09-13T09:44:16+00:00,PRESS-RTP41-DEMO,BATCH-DEMO-002,18.671,3.355,0.675,502.27,45.249,32.097,1.298,30.865,0
2026-09-13T09:44:17+00:00,PRESS-RTP41-DEMO,BATCH-DEMO-002,17.439,3.447,0.608,500.808,45.24,32.155,1.258,31.047,0
2026-09-13T09:44:18+00:00,PRESS-RTP41-DEMO,BATCH-DEMO-002,18.64,3.45,0.652,498.525,44.572,32.087,1.252,30.965,0
2026-09-13T09:44:19+00:00,PRESS-RTP41-DEMO,BATCH-DEMO-002,17.92,3.505,0.703,503.155,44.569,31.922,1.169,30.78,0
2026-09-13T09:44:20+00:00,PRESS-RTP41-DEMO,BATCH-DEMO-002,17.737,3.513,0.628,497.417,45.388,31.891,1.059,31.045,0
2026-09-13T09:44:21+00:00,PRESS-RTP41-DEMO,BATCH-DEMO-002,18.308,3.591,0.635,503.671,45.213,32.145,1.155,31.004,0
2026-09-13T09:44:22+00:00,PRESS-RTP41-DEMO,BATCH-DEMO-002,17.228,3.372,0.602,500.605,44.999,31.893,1.306,30.636,0
2026-09-13T09:44:23+00:00,PRESS-RTP41-DEMO,BATCH-DEMO-002,17.584,3.52,0.594,507.21,45.015,32.659,1.153,31.294,0
2026-09-13T09:44:24+00:00,PRESS-RTP41-DEMO,BATCH-DEMO-002,17.88,3.444,0.64,500.432,45.289,32.226,1.045,31.074,0
2026-09-13T09:44:25+00:00,PRESS-RTP41-DEMO,BATCH-DEMO-002,18.054,3.591,0.64,499.33,44.637,32.266,1.354,31.143,0
2026-09-13T09:44:26+00:00,PRESS-RTP41-DEMO,BATCH-DEMO-002,18.056,3.625,0.63,503.638,44.948,31.841,1.311,31.046,0
2026-09-13T09:44:27+00:00,PRESS-RTP41-DEMO,BATCH-DEMO-002,17.576,3.569,0.654,501.776,44.939,32.313,1.095,31.093,0
2026-09-13T09:44:28+00:00,PRESS-RTP41-DEMO,BATCH-DEMO-002,17.921,3.584,0.681,500.435,45.039,31.977,1.192,31.277,0
2026-09-13T09:44:29+00:00,PRESS-RTP41-DEMO,BATCH-DEMO-002,17.797,3.564,0.662,499.005,45.33,31.593,1.205,31.094,0
2026-09-13T09:44:30+00:00,PRESS-RTP41-DEMO,BATCH-DEMO-002,17.499,3.443,0.619,500.206,44.738,31.83,1.104,31.094,0
2026-09-13T09:44:31+00:00,PRESS-RTP41-DEMO,BATCH-DEMO-002,18.421,3.51,0.69,498.684,45.015,32.569,1.203,31.034,0
2026-09-13T09:44:32+00:00,PRESS-RTP41-DEMO,BATCH-DEMO-002,18.013,3.446,0.582,499.004,45.041,31.789,1.21,30.884,0
2026-09-13T09:44:33+00:00,PRESS-RTP41-DEMO,BATCH-DEMO-002,17.475,3.461,0.644,499.545,44.771,32.347,1.327,30.806,0
2026-09-13T09:44:34+00:00,PRESS-RTP41-DEMO,BATCH-DEMO-002,17.154,3.512,0.625,494.187,44.926,32.578,1.268,31.084,0
2026-09-13T09:44:35+00:00,PRESS-RTP41-DEMO,BATCH-DEMO-002,17.662,3.354,0.742,500.428,45.202,31.893,1.205,31.172,0
2026-09-13T09:44:36+00:00,PRESS-RTP41-DEMO,BATCH-DEMO-002,18.318,3.565,0.563,501.718,44.599,31.465,1.123,30.912,0
2026-09-13T09:44:37+00:00,PRESS-RTP41-DEMO,BATCH-DEMO-002,18.61,3.358,0.681,502.007,45.331,32.078,1.015,30.947,0
2026-09-13T09:44:38+00:00,PRESS-RTP41-DEMO,BATCH-DEMO-002,17.724,3.521,0.721,497.064,45.085,31.919,1.243,30.89,0
2026-09-13T09:44:39+00:00,PRESS-RTP41-DEMO,BATCH-DEMO-002,17.665,3.657,0.73,499.486,44.449,31.728,1.088,30.894,0
2026-09-13T09:44:40+00:00,PRESS-RTP41-DEMO,BATCH-DEMO-002,18.654,3.619,0.715,500.522,44.878,31.557,1.336,30.988,0
2026-09-13T09:44:41+00:00,PRESS-RTP41-DEMO,BATCH-DEMO-002,17.291,3.556,0.59,501.823,45.286,31.968,1.18,31.224,0
2026-09-13T09:44:42+00:00,PRESS-RTP41-DEMO,BATCH-DEMO-002,18.668,3.436,0.72,499.779,44.824,31.968,1.18,30.656,0
2026-09-13T09:44:43+00:00,PRESS-RTP41-DEMO,BATCH-DEMO-002,17.617,3.348,0.618,499.03,44.79,31.66,1.216,30.677,0
2026-09-13T09:44:44+00:00,PRESS-RTP41-DEMO,BATCH-DEMO-002,18.266,3.56,0.627,498.5,44.3,31.665,1.154,30.844,0
2026-09-13T09:44:45+00:00,PRESS-RTP41-DEMO,BATCH-DEMO-002,17.588,3.601,0.68,496.976,45.091,31.63,1.137,30.977,0
2026-09-13T09:44:46+00:00,PRESS-RTP41-DEMO,BATCH-DEMO-002,18.011,3.529,0.584,507.086,44.956,32.306,1.079,31.059,0
2026-09-13T09:44:47+00:00,PRESS-RTP41-DEMO,BATCH-DEMO-002,18.274,3.284,0.658,504.142,45.107,32.131,1.418,31.136,0
2026-09-13T09:44:48+00:00,PRESS-RTP41-DEMO,BATCH-DEMO-002,18.505,3.546,0.625,494.865,45.277,31.794,1.253,31.03,0
2026-09-13T09:44:49+00:00,PRESS-RTP41-DEMO,BATCH-DEMO-002,18.103,3.558,0.666,502.573,44.984,31.526,1.171,30.75,0
2026-09-13T09:44:50+00:00,PRESS-RTP41-DEMO,BATCH-DEMO-002,18.09,3.543,0.584,501.065,44.972,32.035,1.179,30.547,0
2026-09-13T09:44:51+00:00,PRESS-RTP41-DEMO,BATCH-DEMO-002,17.82,3.543,0.623,502.454,44.905,31.926,1.161,30.931,0
2026-09-13T09:44:52+00:00,PRESS-RTP41-DEMO,BATCH-DEMO-002,18.835,3.38,0.655,498.178,44.941,32.117,1.241,30.981,0
2026-09-13T09:44:53+00:00,PRESS-RTP41-DEMO,BATCH-DEMO-002,18.686,3.549,0.726,499.837,45.545,31.867,1.209,31.203,0
2026-09-13T09:44:54+00:00,PRESS-RTP41-DEMO,BATCH-DEMO-002,18.033,3.462,0.649,501.376,44.812,31.763,1.21,30.985,0
2026-09-13T09:44:55+00:00,PRESS-RTP41-DEMO,BATCH-DEMO-002,18.678,3.51,0.518,497.39,44.764,32.004,1.283,30.932,0
2026-09-13T09:44:56+00:00,PRESS-RTP41-DEMO,BATCH-DEMO-002,17.684,3.514,0.571,496.848,44.906,32.042,1.135,31.247,0
2026-09-13T09:44:57+00:00,PRESS-RTP41-DEMO,BATCH-DEMO-002,17.159,3.413,0.602,493.033,44.971,31.662,1.104,30.914,0
2026-09-13T09:44:58+00:00,PRESS-RTP41-DEMO,BATCH-DEMO-002,18.029,3.51,0.635,498.141,45.39,32.06,1.027,31.047,0
2026-09-13T09:44:59+00:00,PRESS-RTP41-DEMO,BATCH-DEMO-002,18.272,3.396,0.587,498.788,45.218,32.913,1.207,31.105,0
